Product Information,,,Type,Core Specs,Core Specs,,,,,,Cord Details,Cord Details,,Noise Levels,Noise Levels,Dimensions,Dimensions,,,,,,Weight,Weight,,Other Features,Other Features,,,,,,,,Electrical Specs,Electrical Specs,,Robot Vac Specs,Robot Vacuum Specs,,,,,,Amazon Information,,,,,Brand Website,
Brand,Model,Link,,,"Suction 
Power 
(kPa)","Motor
Power 
(W)","HEPA 
Filtration","Bagged or 
Bagless","Capacity
(L)","Battery
Runtime
(Mins)",,"Corded /
Cordless","Cord 
Length
(ft)",,"Noise
(dB)",,Width (Inches),Depth (Inches),Height (Inches),Width (cm),Depth (cm),Height (cm),,"Item 
Weight 
(lbs)","Item 
Weight (kgs)",,"Crevice 
Tool","Upholstery 
Tool","Pet 
Tool","Extension 
Wand","Swivel 
Steering",Washable Filter,Automatic Rewind,"Adjustable 
Power 
Levels",,"Amps 
(A)","Voltage 
(V)",,"Station
Capacity 
(L)",WiFi/App Compatible,Self Emptying,Home Mapping,Mopping Feature,Obstacle Avoidance,Product Link,"Price
USD","Currently
On Amazon","Star Rating
(Amazon)","# of Reviews
(Amazon)",Brands Website Link,Price
As Amazon Associates we may earn commission from qualifying purchases,,,,,,,,,,,,,,,,,,,,,,,,,,,,,,,,,,,,,,,,,,,,,As Amazon Associates we may earn commission from qualifying purchases,,,,,We may earn commissions from purchases via the links below,
"To filter data, click ""Data"" in the top menu bar, then select ""Create Filter View""",,,,,,,,,,,,,,,,,,,,,,,,,,,,,,,,,,,,,,,,,,,,,,,,,,,
Top Picks,,,,,,,,,,,,,,,,,,,,,,,,,,,,,,,,,,,,,,,,,,,,,,,,,,,
Cordless Upright Model,LEVOIT LVAC-300 (Amazons Choice),https://www.amazon.com/dp/B0DQKQ3F2C?tag=,Stick,,3.6,180,Yes,Bagless,0.75,60,,Cordless,-,,77.5,,7.7,9.8,43.3,19.56,24.89,109.98,,6.61,3,,Yes,Yes,Yes,Yes,Yes,Yes,No,Yes,,0.5,240,,,,,,,,Product Link,$349.99,Yes,4.3,52,,
For Pet Hair,Oneisall LM2 (Amazons Choice),https://www.amazon.com/dp/B0BHYZV3HY?,Pet Grooming,,11,-,No,Bagless,1.5,-,,Corded,8.7,,60,,11.73,5.51,8.7,29.79,14,22.1,,8.71,3.95,,Yes,No,Yes,Yes,No,Yes,No,Yes,,-,-,,,,,,,,Product Link,$84.99,Yes,4.6,"13,033",https://oneisall.com/products/dog-grooming-vacuum-kit,$99.99
For Carpets & Hardwood Floors,Dreame H15,https://www.amazon.com/dp/B0F138D56C?,Dry Wet,,22,600,Yes,Bagless,0.8,72,,Cordless,-,,-,,10.5,10.8,43.4,26.67,27.43,110.24,,12.5,5.67,,Yes,No,No,No,Yes,Yes,No,No,,-,120,,,,,,,,Product Link,$649.99,Yes,4.4,129,https://www.dreametech.com/products/h15-pro-heat-wet-dry-vacuum,$649.99
Robot Vacuum,Yeedi S14 Plus,https://www.amazon.com/dp/B0DRNYXDDV?,Robot,,18,-,Yes,Bagless,3,270,,Cordless,-,,65,,18.8,13.8,20.98,47.75,35.05,53.29,,37,16.78,,No,No,No,No,No,Yes,No,Yes,,-,110,,3.4,Yes,Yes,Yes,Yes,Yes,Product Link,$949.99,Yes,4.2,"3,101",https://www.yeedi.com/us/robot-vacuum-cleaner/robot-vacuum-s14-plus,$949.99
Handheld Car Vacuum,Hoto AutoCare (Amazons Choice),https://www.amazon.com/dp/B0F53HMTX5,Handheld,,20,135,No,Bagless,0.09,35,,Cordless,-,,75,,6.65,2.17,2.17,16.89,5.51,5.51,,0.78,0.35,,Yes,Yes,Yes,Yes,No,Yes,No,Yes,,-,135,,-,-,-,-,-,-,Product LInk,$59.99,Yes,4.2,497,,
3i,,,,,,,,,,,,,,,,,,,,,,,,,,,,,,,,,,,,,,,,,,,,,,,,,,,
3i,G10+,https://www.amazon.com/dp/B0F4X5M3JR?tag=rsvacuum-20,Robot,,18,-,Yes,Bagless,1,180,,Cordless,-,,-,,14,14,4.3,35.56,35.56,10.92,,14.22,6.45,,No,No,No,No,No,Yes,No,Yes,,-,-,,1,Yes,No,Yes,Yes,Yes,Product Link,$199.99,Yes,3.8,153,,
Airrobo,,,,,,,,,,,,,,,,,,,,,,,,,,,,,,,,,,,,,,,,,,,,,,,,,,,
Airrobo,P30-NEW,https://www.amazon.com/dp/B0DPMN3YPY?tag=rsvacuum-20,Robot,,3,-,Yes,Bagless,0.31,120,,Cordless,-,,53,,12.06,12.06,3.07,30.63,30.63,7.8,,8.31,3.77,,No,No,No,No,No,No,No,Yes,,-,110,,-,Yes,No,No,Yes,Yes,Product Link,$119.99,Yes,4.6,43,https://us.air-robo.com/products/airrobo-p30-3-in-1-robot-vacuum-and-mop-combo-with-3000pa-suction-wifi-app-voice-control-compatible-with-alexa-and-google-assistant?srsltid=AfmBOoouJg0QpvWMrsvBH9l20DMeUiq8ShWg3l77pNp3h2ll3F_xkoqN,$139.99
Airrobo,T25+,https://www.amazon.com/dp/B0DQ7SZRJD?tag=rsvacuum-20,Robot,,5.5,-,Yes,Bagged,-,240,,Cordless,-,,-,,13.5,13.5,3.5,34.29,34.29,8.89,,22.9,10.39,,No,No,No,No,No,No,No,Yes,,-,110,,3.5,Yes,Yes,Yes,Yes,Yes,Product Link,$399.99,Yes,4.8,18,,
Airrobo,T20+,https://www.amazon.com/dp/B0CQCTFVKN?tag=rsvacuum-20,Robot,,2.6,-,Yes,Bagged,-,180,,Cordless,-,,65,,15,8.3,10.02,38.1,21.08,25.45,,7.7,3.49,,No,No,No,No,No,No,No,Yes,,-,110,,3.5,Yes,Yes,Yes,Yes,Yes,Product Link,$404.32,Yes,4.3,"1,010",https://us.air-robo.com/products/t20?srsltid=AfmBOorB5Drh5dYJvgg-wGeqrljwHHLqIwshdgKFr16GA2p28czwBqPT,$299.99
Aircliff,,,,,,,,,,,,,,,,,,,,,,,,,,,,,,,,,,,,,,,,,,,,,,,,,,,
Aircliff,VC-1201,https://www.amazon.com/dp/B0GKN8DNPW?tag=rsvacuum-20,Canister,,17,1200,Yes,Bagless,2.5,-,,Corded,16,,68,,3,5,5,7.62,12.7,12.7,,11,4.99,,Yes,Yes,Yes,Yes,No,Yes,Yes,Yes,,-,120,,-,-,-,-,-,-,Product Link,$79.99,Yes,4.2,48,,
AIRTHEREAL,,,,,,,,,,,,,,,,,,,,,,,,,,,,,,,,,,,,,,,,,,,,,,,,,,,
AIRTHEREAL,VacTide V2,https://www.amazon.com/dp/B0C3LXN76L?tag=rsvacuum-20,Dry Wet,,12,200,Yes,Bagless,0.6,-,,Cordless,-,,80,,12,11.2,48,30.48,28.45,121.92,,10,4.54,,No,No,No,No,No,Yes,No,Yes,,1.7,120,,,,,,,,Product Link,$164.99,Yes,3.8,104,https://airthereal.com/products/vactide-v2-upright-wet-dry-vacuum-cleaner?srsltid=AfmBOoqKEBBoNP8zjrUr5ZbgC-yPNoYUSiPgEIEWfCwzd2NjeHZuk3Ls,$169.99
AIRTHEREAL,M1,https://www.amazon.com/dp/B0DHTVT25L?tag=rsvacuum-20,Mattress,,14,400,Yes,Bagless,0.25,-,,Corded,16.4,,-,,10,10,6.4,25.4,25.4,16.26,,4.8,2.18,,No,Yes,No,No,No,Yes,No,Yes,,3.3,120,,,,,,,,Product Link,$94.99,Yes,4.8,28,https://airthereal.com/products/m1-uv-handheld-mattress-vacuum-cleaner?srsltid=AfmBOopdlkvof0N4suKgZcq6JqhRfnF8OHWihit_8eCQ4CH0JhiTpjxg,$99.99
AIRTHEREAL,VacTide V1,https://www.amazon.com/dp/B0BYSMK6KY?tag=rsvacuum-20,Dry Wet,,9,180,Yes,Bagless,0.7,-,,Cordless,-,,80,,11.61,11.06,47.17,29.49,28.09,119.81,,7.19,3.26,,No,No,No,No,No,Yes,No,Yes,,8.1,120,,,,,,,,Product Link,$160.61,Yes,3.8,72,https://airthereal.com/products/vactide-v1-upright-wet-dry-vacuum-cleaner?srsltid=AfmBOoq4Bk2diJy_wqYnKNVo3eUWkahJKhaE0ANWImsdFTtUwMw6tJQB,$169.99
Airzeen,,,,,,,,,,,,,,,,,,,,,,,,,,,,,,,,,,,,,,,,,,,,,,,,,,,
Airzeen,Q20 Ultra,https://www.amazon.com/dp/B0GWCTSB2D?tag=rsvacuum-20,Robot,,6,-,Yes,Bagless,-,150,,Cordless,-,,-,,13.62,12.83,16.93,34.59,32.59,43,,11,4.99,,No,No,No,No,No,Yes,No,Yes,,-,-,,3,Yes,Yes,Yes,Yes,Yes,Product Link,$299.99,Yes,5,119,https://www.airzeen.com/products/q20-ultra-upgraded-bagless-robot-vacuum-cleaner-with-self-emptying-%E5%89%AF%E6%9C%AC,$459.99
Airzeen,Q10 Pro,https://www.amazon.com/dp/B0GVSXB1J6?tag=rsvacuum-20,Robot,,6,-,Yes,Bagless,-,150,,Cordless,-,,-,,13.6,12.9,13.6,34.54,32.77,34.54,,13.92,6.31,,No,No,No,No,No,Yes,No,Yes,,-,-,,3.3,Yes,Yes,Yes,Yes,Yes,Product Link,$285.99,Yes,5,74,,
Airzeen,J10,https://www.amazon.com/dp/B0G32YWF7S?tag=rsvacuum-20,Robot,,4,-,Yes,Bagless,-,120,,Cordless,-,,-,,12,12,3,30.48,30.48,7.62,,8.71,3.95,,No,No,No,No,No,Yes,No,Yes,,-,-,,-,Yes,No,Yes,Yes,Yes,Product Link,$149.99,Yes,3.7,37,,
Akitas,,,,,,,,,,,,,,,,,,,,,,,,,,,,,,,,,,,,,,,,,,,,,,,,,,,
Akitas,C11,https://www.amazon.com/dp/B0GMW3QC4N?tag=rsvacuum-20,Canister,,-,1200,Yes,Bagged,3.5,-,,Corded,23,,70,,12.8,12.2,20.67,32.51,30.99,52.5,,12.13,5.5,,Yes,Yes,No,Yes,Yes,Yes,Yes,Yes,,-,120,,-,-,-,-,-,-,Product LInk,$129.99,Yes,4.4,"1,380",,
Amazon Basics,,,,,,,,,,,,,,,,,,,,,,,,,,,,,,,,,,,,,,,,,,,,,,,,,,,
Amazon Basics,PD-KNRMY6AYFK,https://www.amazon.com/dp/B0BN5F6MJY?tag=rsvacuum-20,Upright,,12,720,No,Bagless,1.7,-,,Corded,18,,82,,11.09,11.04,41.3,28.17,28.04,104.9,,8.38,3.8,,Yes,Yes,No,Yes,No,Yes,No,No,,6,120,,,,,,,,Product Link,$58.99,Yes,4.2,"1,467",,
Amazon Basics,VSC02A861NA (Amazon's Choice),https://www.amazon.com/dp/B0D6QS74FM?tag=rsvacuum-20,Stick,,10,300,Yes,Bagless,0.5,-,,Corded,19.7,,-,,9.6,5.2,44.1,24.38,13.21,112.01,,3.92,1.78,,Yes,No,No,No,No,Yes,No,No,,2.5,120,,,,,,,,Product Link,$27.20,Yes,4.2,14,,
Amazon Basics,V21Q01Q32226,https://www.amazon.com/dp/B0C2YNLL16?tag=rsvacuum-20,Stick,,-,250,No,Bagless,0.4,-,,Cordless,-,,80,,9.8,8.5,47.6,24.89,21.59,120.9,,5.51,2.5,,Yes,Yes,No,No,No,Yes,No,No,,-,-,,,,,,,,Product Link,$93.08,Yes,3.2,268,,
Amazon Basics,‎VO407S (Amazon's Choice),https://www.amazon.com/dp/B09T3W8VSY?tag=rsvacuum-20,Dry Wet,,-,2238,No,Bagged,-,-,,Corded,8,,-,,15.8,15.8,18.2,40.13,40.13,46.23,,10.03,4.55,,Yes,Yes,No,Yes,No,Yes,No,No,,8,120,,,,,,,,Product Link,$58.29,Yes,4.4,"1,428",,
Amazon Basics,VQ607SFD,https://www.amazon.com/dp/B09T3XGCCF?tag=rsvacuum-20,Dry Wet,,-,840,Yes,Bagless,22.7,-,,Corded,12,,-,,13.9,13.9,23.2,35.31,35.31,58.93,,12.94,5.87,,Yes,No,No,Yes,No,Yes,No,Yes,,21.6,120,,-,-,-,-,-,-,Product LInk,$72.64,Yes,4.4,"2,961",,
Armor All,,,,,,,,,,,,,,,,,,,,,,,,,,,,,,,,,,,,,,,,,,,,,,,,,,,
Armor All,VO408S 0901 (Amazon's Choice),https://www.amazon.com/dp/B0BR3P12V1?tag=rsvacuum-20,Canister,,-,900,No,Bagless,15.14,-,,Corded,8,,80,,12.2,11.81,17.91,30.99,30,45.49,,7.32,3.32,,Yes,Yes,No,Yes,Yes,Yes,No,Yes,,7.5,120,,,,,,,,Product Link,$61.99,Yes,1.2,"1,052",,
Armor All,VO405P 0901,https://www.amazon.com/dp/B0C2HC713Z?tag=rsvacuum-20,Canister,,-,660,No,Bagless,15,-,,Corded,15,,80,,11.6,11.6,18.5,29.46,29.46,46.99,,8.36,3.79,,Yes,Yes,No,No,Yes,Yes,No,Yes,,5.5,120,,,,,,,,Product Link,$52.99,Yes,4.5,"1,078",,
Armor All,AA255W (Amazon's Choice),https://www.amazon.com/dp/B00Y5BX674?tag=rsvacuum-20,Canister,,-,720,No,Bagless,9.46,-,,Corded,10,,75,,14.2,10.6,14.38,36.07,26.92,36.53,,10.99,4.98,,Yes,Yes,No,Yes,Yes,Yes,No,Yes,,6,120,,,,,,,,Product Link,$75.99,Yes,4.5,"28,209",,
Armor All,AA07V1 0901 (Amazon's Choice),https://www.amazon.com/dp/B0D4DDTV85?tag=rsvacuum-20,Handheld,,5,-,No,Bagless,0.41,-,,Cordless,-,,65,,2.8,2,17,7.11,5.08,43.18,,2,0.91,,Yes,Yes,Yes,Yes,No,Yes,No,No,,-,-,,,,,,,,Product Link,$27.76,Yes,4.1,611,,
Armor all,AA155 (Amazon's Choice),https://www.amazon.com/dp/B0BFXN155H?tag=rsvacuum-20,Dry Wet,,-,600,Yes,Bagless,5.7,-,,Corded,6,,80,,7.9,9.1,11.5,20.07,23.11,29.21,,4.6,2.09,,Yes,No,No,No,No,Yes,No,No,,5,120,,-,-,-,-,-,-,Product Link,$39.99,Yes,4.5,"2,720",,
Armor all,AA12V2 0903 (Amazon's Choice),https://www.amazon.com/dp/B0C2HGNBJL?tag=rsvacuum-20,Handheld,,5,80,No,Bagless,0.16,-,,Corded,15,,65,,4.3,4.3,15.4,10.92,10.92,39.12,,2,0.91,,Yes,No,Yes,No,No,Yes,No,No,,6.9,12,,-,-,-,-,-,-,Product Link,$29.99,Yes,4.2,731,,
Armor all,AA07V2 0901 (Amazon's Choice),https://www.amazon.com/dp/B0D4DCM576?tag=rsvacuum-20,Handheld,,5,-,No,Bagless,0.1,15,,Cordless,-,,65,,2,2,15,5.08,5.08,38.1,,1.6,0.73,,Yes,No,No,No,No,Yes,No,No,,-,7,,-,-,-,-,-,-,Product Link,$34.99,Yes,4.1,93,,
Armor all,DVTB202 0902 (Amazon's Choice),https://www.amazon.com/dp/B0FBGKSP7L?tag=rsvacuum-20,Dry Wet,,-,160,No,Bagless,9.5,15,,Cordless,-,,-,,16.4,10,12.9,41.66,25.4,32.77,,9.98,4.53,,Yes,No,No,No,No,Yes,No,No,,8,20,,-,-,-,-,-,-,Product Link,$99.99,Yes,4.1,197,,
Armor all,VBV809 0901 (Amazon's Choice),https://www.amazon.com/dp/B07693HKXK?tag=rsvacuum-20,Dry Wet,,-,1080,No,Bagless,30,-,,Corded,10,,-,,17.6,19.3,20.8,44.7,49.02,52.83,,17.2,7.8,,Yes,No,No,Yes,No,Yes,No,No,,9,120,,-,-,-,-,-,-,Product Link,$107.78,Yes,4.6,197,,
Armor all,AA12V1,https://www.amazon.com/dp/B00R583BCY?tag=rsvacuum-20,Handheld,,-,12,No,Bagless,9.5,-,,Corded,15,,80,,15.55,4.41,4.61,39.5,11.2,11.71,,2.2,1,,Yes,No,No,No,No,Yes,No,No,,7,12,,-,-,-,-,-,-,Product Link,$60.50,Yes,3.9,"1,188",,
Aspiron,,,,,,,,,,,,,,,,,,,,,,,,,,,,,,,,,,,,,,,,,,,,,,,,,,,
Aspiron,AS-CA038 (Amazon's Choice),https://www.amazon.com/dp/B0FGPHYG6X?tag=rsvacuum-20,Handheld,,24,100,Yes,Bagless,0.5,-,,Cordless,-,,70,,7,3.9,10,17.78,9.91,25.4,,1.9,0.86,,Yes,No,No,No,No,Yes,Yes,No,,-,110,,,,,,,,Product Link,$54.13,Yes,4.4,492,,
Aspiron,AS-CA029,https://www.amazon.com/dp/B0GFDGF2VY?tag=rsvacuum-20,Canister,,40,1600,Yes,Bagged,4,-,,Corded,16.4,,-,,12.4,12.4,20.6,31.5,31.5,52.32,,33.5,15.2,,Yes,Yes,Yes,Yes,Yes,Yes,Yes,Yes,,-,120,,-,-,-,-,-,-,Product Link,$169.99,Yes,4.5,117,,
Atrix,,,,,,,,,,,,,,,,,,,,,,,,,,,,,,,,,,,,,,,,,,,,,,,,,,,
Atrix,VACBP1,https://www.amazon.com/dp/B004LYNU3K?tag=rsvacuum-20,Canister,,14,1400,Yes,Bagged,-,-,,Corded,2,,70,,20,12,9,50.8,30.48,22.86,,12,5.44,,Yes,No,No,Yes,No,Yes,No,No,,12,120,,,,,,,,Product Link,$169.99,Yes,4.2,"3,283",https://atrix.com/product/vacbp1-backpack-hepa-vacuum-shop/?__cf_chl_tk=isyP_64EnNcDiveZHk9s6rGIc0Zvvzn_sdKQ_ulELqs-1745913912-1.0.1.1-4r2i2t55fQBwybVhfO3K.cQkfm4bfKlZZ2v.NPu4bQA,$250.74
Atrix,VACBPAI,https://www.amazon.com/dp/B01N484OQP?tag=rsvacuum-20,Canister,,14,1400,Yes,Bagged,-,-,,Corded,2,,72,,27.5,13,140,69.85,33.02,355.6,,10.3,4.67,,Yes,Yes,No,Yes,No,Yes,No,No,,11.7,120,,,,,,,,Product Link,$256.49,Yes,4.2,256,https://atrix.com/product/vacbpai-ergo-pro-backpack-hepa-vacuum/,$401.94
Atrix,AHSC-1 (Amazon's Choice),https://www.amazon.com/dp/B00EYBAMZ4?tag=rsvacuum-20,Canister,,11,1200,Yes,Bagged,-,-,,Corded,16.5,,70,,13.5,10,8,34.29,25.4,20.32,,11.6,5.26,,Yes,Yes,No,Yes,No,Yes,No,Yes,,10,120,,,,,,,,Product Link,$99.99,Yes,4.4,"1,702",https://atrix.com/product/ahsc-1-atrix-lil-red-hepa-vacuum-shop/,$137.34
Atrix,VACOMEGAS,https://www.amazon.com/dp/B004BBMO0S?tag=rsvacuum-20,Canister,,14,1200,Yes,Bagless,3.78,-,,Corded,10,,69,,19.25,7.5,9.5,48.9,19.05,24.13,,12.35,5.6,,Yes,No,No,No,No,Yes,No,No,,5.2,120,,,,,,,,Product Link,$299.00,Yes,4.8,86,https://atrix.com/product/omega-supreme-vacuum-vacomegas/,$347.23
Atrix,VACHV1 ERGO Lite,https://www.amazon.com/dp/B07THDPG4F?tag=rsvacuum-20,Handheld,,-,1200,Yes,Bagged,,-,,Corded,30,,-,,7.5,7.75,13.5,19.05,19.69,34.29,,6.5,2.95,,Yes,Yes,No,Yes,No,No,No,No,,10,120,,,,,,,,Product Link,$128.88,Yes,3.4,41,https://atrix.com/product/ergo-lite-vacuum/,$225.54
Atrix,VACEXP-03 Express Plus (Amazon's Choice),https://www.amazon.com/dp/B002VEBHGO?tag=rsvacuum-20,Handheld,,-,500,Yes,Bagged,,-,,Corded,6,,79,,12,6,7,30.48,15.24,17.78,,4,1.81,,Yes,Yes,No,Yes,No,No,No,No,,4.2,120,,,,,,,,Product Link,$169.00,Yes,4.5,122,https://atrix.com/product/express-vacuum-vacexp-03/,$193.25
Atrix,VACOMEGASLFH Omega,https://www.amazon.com/dp/B0030JRSOE?tag=rsvacuum-20,Handheld,,-,628,Yes,Bagless,5.7,-,,Corded,10,,70,,20,6.25,9.25,50.8,15.88,23.5,,12.67,5.75,,Yes,No,No,No,No,No,No,No,,5.2,120,,,,,,,,Product Link,$318.14,Yes,4,11,https://atrix.com/product/omega-supreme-hepa-electronic-vacuum/,$393.22
Atrix,AHC-RR (Amazon's Choice),https://www.amazon.com/dp/B074V6V45B?tag=rsvacuum-20,Canister,,-,1400,Yes,Bagless,5.68,-,,Corded,20,,82,,16,11,13.5,40.64,27.94,34.29,,10.4,4.72,,Yes,Yes,No,No,No,Yes,Yes,Yes,,11.7,120,,,,,,,,Product Link,$162.99,Yes,4.2,245,https://atrix.com/product/ahc-rr-revo-red-bagless-hepa-canister-vacuum/,$225.54
Atrix,ACSV-1,https://www.amazon.com/dp/B08DCH5FKZ?tag=rsvacuum-20,Stick,,-,49,Yes,Bagless,1.89,-,,Cordless,-,,75,,46.25,9.25,8.5,117.48,23.5,21.59,,5.15,2.34,,Yes,Yes,No,No,No,No,No,Yes,,9.1,22,,,,,,,,Product Link,$186.49,Yes,4.3,14,https://atrix.com/product/rapid-red-cordless-stick-vacuum/,$351.54
Atrix,AHC-1 (Amazon's Choice),https://www.amazon.com/dp/B00AYD5670?tag=rsvacuum-20,Canister,,-,1400,Yes,Bagged,5.7,-,,Corded,20,,80,,8.5,12,18,21.59,30.48,45.72,,10.9,4.94,,Yes,Yes,No,Yes,Yes,No,Yes,Yes,,11.7,120,,-,-,-,-,-,-,Product Link,$170.49,Yes,4.3,983,,
Bagotte,,,,,,,,,,,,,,,,,,,,,,,,,,,,,,,,,,,,,,,,,,,,,,,,,,,
Bagotte,FBA-1-BL20-US,https://www.amazon.com/dp/B0DDKBSTPB?tag=rsvacuum-20,Robot,,4,-,Yes,Bagless,0.25,120,,Cordless,-,,75,,12.1,12.1,3.39,30.73,30.73,8.61,,8.07,3.66,,No,No,No,No,Yes,Yes,No,Yes,,-,-,,2,Yes,Yes,Yes,Yes,Yes,Product Link,$169.99,Yes,4.5,47,,
Bagotte,BG550PRO,https://www.amazon.com/dp/B0CRHG638K?tag=rsvacuum-20,Robot,,2,-,Yes,Bagless,0.55,150,,Cordless,-,,55,,11.02,11.02,3.07,27.99,27.99,7.8,,7.45,3.38,,No,No,No,No,No,No,No,Yes,,-,-,,-,Yes,No,Yes,Yes,Yes,Product Link,$295.00,Yes,3.8,16,https://www.bagotte.com/portal/article/index/id/239/cid/13,$149.99
Bagotte,BL20,https://www.amazon.com/dp/B0GVYLQW5R?tag=rsvacuum-20,Robot,,6,-,Yes,Bagged,0.6,120,,Cordless,-,,-,,11.8,11.8,3.7,29.97,29.97,9.4,,13.02,5.91,,No,No,No,No,No,Yes,No,Yes,,-,-,,2,Yes,Yes,Yes,Yes,Yes,Product Link,$239.99,Yes,4.8,90,,
Bagotte,BL20 Pro,https://www.amazon.com/dp/B0GWXVY21C?tag=rsvacuum-20,Robot,,6,-,Yes,Bagged,-,120,,Cordless,-,,-,,11.71,11.71,2.91,29.74,29.74,7.39,,14.47,6.56,,No,No,No,No,No,No,No,Yes,,-,-,,2,Yes,Yes,Yes,Yes,Yes,Product Link,$239.99,Yes,4.8,90,,
Belife,,,,,,,,,,,,,,,,,,,,,,,,,,,,,,,,,,,,,,,,,,,,,,,,,,,
Belife,BVC11,https://www.amazon.com/dp/B0DGWX9RV6?tag=rsvacuum-20,Stick,,38,450,Yes,Bagless,1,-,,Cordless,-,,65,,17,13,7.5,43.18,33.02,19.05,,9.13,4.14,,Yes,Yes,Yes,Yes,Yes,Yes,No,Yes,,-,26,,,,,,,,Product Link,$119.99,Yes,4.4,147,https://belifeclean.com/products/belife-cordless-vacuum-v11?srsltid=AfmBOoqbF-gIW6w6JkurtbBeL1W6vwFGX99BmEDUgw_xNxbGmGxTm9_V,$169.99
Belife,BVC12,https://www.amazon.com/dp/B0DNMLVQ23?tag=rsvacuum-20,Stick,,38,450,Yes,Bagless,0.7,-,,Cordless,-,,64,,9.4,9,41,23.88,22.86,104.14,,9.13,4.14,,Yes,No,Yes,Yes,Yes,Yes,No,Yes,,-,26,,,,,,,,Product Link,$129.99,Yes,4.1,53,https://belifeclean.com/products/belife-cordless-vacuum-cleaner-22kpa-v12-stick-vacuum-cleaner-380w-b?srsltid=AfmBOoqaRg4FTBRu2iqvcjl_jwHJzCAI8eIAwMUe67jitItLPohfBL0r,$114.99
Belife,M8,https://www.amazon.com/dp/B0DBP8S9Z3?tag=rsvacuum-20,Mattress,,18,550,Yes,Bagless,0.5,-,,Corded,16,,72,,10,9,7.8,25.4,22.86,19.81,,4.03,1.83,,No,No,No,No,No,Yes,No,No,,-,120,,,,,,,,Product Link,$69.99,Yes,4.1,29,,
Belife,S11,https://www.amazon.com/dp/B0DHRVXQV1?tag=rsvacuum-20,Stick,,45,500,Yes,Bagless,0.6,-,,Cordless,,,64,,17,11,7.4,43.18,27.94,18.8,,7.98,3.62,,Yes,Yes,Yes,Yes,No,Yes,No,Yes,,-,26,,,,,,,,Product Link,$69.99,Yes,4.2,79,https://belifeclean.com/products/belife-cordless-vacuum-cleaner-s11rechargeable-stick-vacuum-with-better-anti-hair-tangle-max-50-min-runtime-250w-brushless-motor?srsltid=AfmBOorLc0eMuHBfefUiftO6JwIFnE51e6oQflbFRde6qAhUrMcxwv0m,$139.99
Belife,DEH229-US,https://www.amazon.com/dp/B0D4VLW1C8?tag=rsvacuum-20,Stick,,28,300,Yes,Bagless,0.7,-,,Cordless,-,,60,,9,9,41,22.86,22.86,104.14,,4,1.81,,Yes,No,No,Yes,Yes,Yes,No,No,,-,26,,,,,,,,Product Link,$54.99,Yes,3.9,167,,
Bissell,,,,,,,,,,,,,,,,,,,,,,,,,,,,,,,,,,,,,,,,,,,,,,,,,,,
Bissell,CleanView XR Pet,https://www.amazon.com/dp/B0C544R2J7?tag=rsvacuum-20,Stick,,1.1,300,No,Bagless,0.3,40,,Cordless,-,,-,,8,10.5,44.25,20.32,26.67,112.4,,5.9,2.68,,Yes,Yes,Yes,Yes,No,Yes,No,Yes,,-,24,,,,,,,,Product Link,$179.00,Yes,4.2,"108,375",https://www.bissell.com/en-us/product/cleanview-xr-pet-300w-stick-vacuum-3797V.html,$179.99
Bissell,CleanView XR,https://www.amazon.com/dp/B0C544JV6S?tag=rsvacuum-20,Stick,,-,200,No,Bagless,0.3,35,,Cordless,-,,-,,8,10.5,44.25,20.32,26.67,112.4,,5.9,2.68,,Yes,Yes,No,Yes,No,Yes,No,Yes,,-,22,,,,,,,,Product Link,$159.00,Yes,4.2,"108,375",https://www.bissell.com/en-us/product/cleanview-xr-200w-stick-vacuum-3789U.html,$199.00
Bissell,MultiClean Lift-Off Pet (Amazon's Choice),https://www.amazon.com/dp/B08F5HPVQ6?tag=rsvacuum-20,Upright,,-,840,Yes,Bagless,0.76,-,,Corded,30,,78,,14,11,32,35.56,27.94,81.28,,15.7,7.12,,Yes,Yes,Yes,Yes,Yes,Yes,No,Yes,,7,120,,,,,,,,Product Link,$169.89,Yes,4.3,"10,275",https://www.bissell.com/en-us/product/multiclean-allergen-liftoff-pet-vacuum-2998.html,$169.89
Bissell,CleanView Swivel Pet (Amazon's Choice),https://www.amazon.com/dp/B07F6N3RT6?tag=rsvacuum-20,Upright,,-,960,No,Bagless,1,-,,Corded,27,,-,,14,13,44.5,35.56,33.02,113.03,,12.5,5.67,,Yes,Yes,Yes,Yes,Yes,Yes,Yes,No,,8,120,,,,,,,,Product Link,$119.99,Yes,4.5,"101,524",https://www.bissell.com/en-us/product/cleanview-swivel-pet-vacuum-cleaner-2316.html,
Bissell,CleanView (Amazon's Choice),https://www.amazon.com/dp/B0B1RVNNN7?tag=rsvacuum-20,Upright,,-,1200,Yes,Bagless,2,-,,Corded,25,,70,,15.24,44,15,38.71,111.76,38.1,,13.5,6.12,,Yes,Yes,Yes,Yes,Yes,Yes,Yes,No,,2.5,220,,,,,,,,Product Link,$89.99,Yes,4.4,"3,747",https://www.bissell.com/en-us/product/cleanview-upright-vacuum-cleaner-3536.html,$89.99
Bissell,CleanView Compact Turbo (Amazon's Choice),https://www.amazon.com/dp/B0B6D6GML1?tag=rsvacuum-20,Upright,,-,700,No,Bagless,1,-,,Corded,25,,-,,10,12,41,25.4,30.48,104.14,,10.9,4.94,,Yes,Yes,Yes,Yes,No,Yes,No,No,,7.2,110,,,,,,,,Product Link,$69.99,Yes,4.3,"5,880",https://www.bissell.com/en-us/product/cleanview-compact-turbo-upright-vacuum-3437F.html,$69.99
Bissell,CleanView Compact  (Amazon's Choice),https://www.amazon.com/dp/B09V5NPHP3?tag=rsvacuum-20,Upright,,-,700,No,Bagless,1,-,,Corded,23,,-,,11,10,25,27.94,25.4,63.5,,8,3.63,,Yes,No,No,Yes,No,Yes,No,No,,3.6,230,,,,,,,,Product Link,$59.99,Yes,4.4,"16,683",https://www.bissell.com/en-us/product/bissell-cleanview-compact-upright-vacuum-3508.html,$59.99
Bissell,Zing Canister,https://www.amazon.com/dp/B075PL2GDD?tag=rsvacuum-20,Canister,,0.9,9,No,Bagless,2,-,,Corded,16,,80,,11.51,16.91,13.88,29.24,42.95,35.26,,4.5,2.04,,Yes,No,No,Yes,Yes,Yes,Yes,No,,9,120,,,,,,,,Product Link,$79.98,Yes,4.3,"38,471",https://www.bissell.com/en-us/product/zing-bagless-canister-vacuum-2156A.html,$79.99
Bissell,Zing Lightweight,https://www.amazon.com/dp/B075PKTS85?tag=rsvacuum-20,Canister,,-,1200,No,Bagged,2.5,-,,Corded,15,,80,,15.6,11,9,39.62,27.94,22.86,,7.5,3.4,,Yes,Yes,No,Yes,Yes,Yes,Yes,No,,9,220,,,,,,,,Product Link,$79.95,Yes,4.3,"38,471",https://www.bissell.com/en-us/product/zing-bagged-canister-vacuum-cleaner-2154A.html,$79.99
Bissell,42943 (Amazon's Choice),https://www.amazon.com/dp/B0G3R8YTSH?tag=rsvacuum-20,Upright,,-,-,Yes,Bagless,1,-,,Corded,30,,-,,11.97,15.28,44.76,30.4,38.81,113.69,,17,7.71,,Yes,Yes,No,No,No,Yes,No,No,,-,120,,-,-,-,-,-,-,Product Link,$249.99,Yes,4.4,54,https://www.bissell.com/en-us/product/pet-hair-eraser-dualbrush-upright-vacuum-42943.html,$249.99
Bissell,39883 (Amazon's Choice),https://www.amazon.com/dp/B0DP5JNLQR?tag=rsvacuum-20,Upright,,-,-,Yes,Bagless,1,-,,Corded,25,,-,,12.94,11.93,44.65,32.87,30.3,113.41,,15.7,7.12,,Yes,Yes,No,No,No,Yes,No,No,,9.7,120,,-,-,-,-,-,-,Product Link,$179.99,Yes,4.4,"2,442",https://www.bissell.com/en-us/product/pet-hair-eraser-allergen-liftoff-vacuum-39883.html,$179.99
Bissell,2390A (Amazon's Choice),https://www.amazon.com/dp/B07CB6RBSP?tag=rsvacuum-20,Handheld,,-,14,No,Bagless,0.68,17,,Cordless,-,,70,,16,4.5,5,40.64,11.43,12.7,,3,1.36,,Yes,Yes,Yes,No,No,Yes,No,No,,14,14,,-,-,-,-,-,-,Product Link,$89.99,Yes,4.6,"37,819",,
Bissell,29869 (Amazon's Choice),https://www.amazon.com/dp/B087HQRW2M?tag=rsvacuum-20,Handheld,,-,1250,No,Bagless,0.01,12,,Cordless,-,,84,,2.75,12.6,3.62,6.99,32,9.19,,1.37,0.62,,Yes,No,No,No,No,Yes,No,No,,7.2,4,,-,-,-,-,-,-,Product Link,$44.99,Yes,4.2,"17,133",,
Bissell,4270L,https://www.amazon.com/dp/B0FZXJWVC9?tag=rsvacuum-20,Robot,,-,-,Yes,Bagless,-,180,,Cordless,-,,-,,13.4,14.6,13.8,34.04,37.08,35.05,,19,8.62,,No,No,No,No,No,Yes,No,Yes,,-,-,,3,Yes,Yes,Yes,Yes,Yes,Product Link,$599.99,Yes,4.1,62,,
BLACK+DECKER,,,,,,,,,,,,,,,,,,,,,,,,,,,,,,,,,,,,,,,,,,,,,,,,,,,
BLACK+DECKER,BHFEA18D1 (Amazon's Choice),https://www.amazon.com/dp/B09DJ2KY2D?tag=rsvacuum-20,Stick,,-,20,No,Bagless,0.6,44,,Cordless,-,,75,,9.84,6.77,43.5,24.99,17.2,110.49,,8.7,3.95,,Yes,No,No,No,No,Yes,No,No,,-,20,,,,,,,,Product Link,$99.99,Yes,4.2,"1,940",https://www.blackanddecker.com/products/bhfea18d1?srsltid=AfmBOorkPlkRJhLg7mlvGDjRaPs1AZa-JzpZ90sfGxhdmkynH4HIHynK,$149.99
BLACK+DECKER,BSV2020P,https://www.amazon.com/dp/B07WD6S4QR?tag=rsvacuum-20,Stick,,-,40,No,Bagless,75,55,,Cordless,-,,80,,8,10.75,45.5,20.32,27.31,115.57,,5,2.27,,No,No,Yes,No,No,Yes,No,No,,-,20,,,,,,,,Product Link,$149.00,Yes,4,"7,673",https://www.blackanddecker.com/products/bsv2020p?srsltid=AfmBOoqE-weQO13z5KgibbPO8h4MKtX39oLUxVhSQ2feWi610L3WYFIa,$159.99
BLACK+DECKER,BDH2020FL,https://www.amazon.com/dp/B00CCYLBZ0?tag=rsvacuum-20,Handheld,,-,20,No,Bagless,0.5,15,,Cordless,-,,80,,14.88,10.68,6.5,37.8,27.13,16.51,,3.2,1.45,,Yes,Yes,Yes,No,No,Yes,No,No,,-,20,,,,,,,,Product Link,$97.01,Yes,4.3,"3,931",https://www.blackanddecker.com/products/bdh2020fl?srsltid=AfmBOoq2rNH_FEw4UNqxowlVrNWEnJvIv8O6QfgIJCVK_SICQPR_VO2B,$109.99
BLACK+DECKER,BHFEA520J (Amazon's Choice),https://www.amazon.com/dp/B09DJJQGCN?tag=rsvacuum-20,Stick,,-,120,No,Bagless,0.6,44,,Cordless,-,,78,,9.84,6.77,43.5,24.99,17.2,110.49,,8.15,3.7,,Yes,No,No,No,Yes,Yes,No,Yes,,-,20,,,,,,,,Product Link,$99.99,Yes,4.1,"8,861",https://www.blackanddecker.com/products/bhfea520j?srsltid=AfmBOoqd3nu0VgH5G5euN7begGXZ6Az-0T8Mpx5biyYtmaHTUCvkyJzf,$99.99
BLACK+DECKER,CHV1410L (Amazon's Choice),https://www.amazon.com/dp/B006LXOJC0?tag=rsvacuum-20,Handheld,,-,23,No,Bagless,0.6,11,,Cordless,-,,78,,17.25,5.5,7.75,43.82,13.97,19.69,,2.6,1.18,,Yes,No,No,No,Yes,Yes,No,No,,-,16,,,,,,,,Product Link,$55.74,Yes,4.4,"102,963",https://www.blackanddecker.com/products/chv1410l?srsltid=AfmBOoruIGnmDJCNuMo9WSetWWfgMBL-_aGeIh1qCzhRIvDXhPPeLOk1,$59.99
BLACK+DECKER,HHVK515JP07 (Amazon's Choice),https://www.amazon.com/dp/B07R89PJY6?tag=rsvacuum-20,Handheld,,-,20,No,Bagless,0.7,240,,Cordless,-,,78,,6.3,3.15,2.56,16,8,6.5,,2.6,1.18,,Yes,No,Yes,No,Yes,Yes,No,Yes,,-,20,,,,,,,,Product Link,$92.99,Yes,4.2,"12,381",https://www.blackanddecker.com/products/hhvk515jp07?srsltid=AfmBOorwzrLg9thDKT2UwvH39UFiwZ9yx2qY9itQdvKIax9ymVk9fH6h,$99.99
BLACK+DECKER,HCUA525JP,https://www.amazon.com/dp/B075VTL22P?tag=rsvacuum-20,Stick,,-,20,No,Bagless,1.5,60,,Cordless,-,,80,,11.8,8.9,33.67,29.97,22.61,85.52,,8.25,3.74,,Yes,No,Yes,Yes,Yes,Yes,No,Yes,,-,20,,,,,,,,Product Link,$199.99,Yes,4.1,650,https://www.blackanddecker.com/products/hcua525jp?srsltid=AfmBOoqIzcLuROQ0OTAPiRFJwR6Tc1bCDe9eZpxGPWT_Vb0ebZkxMANL,$220.99
BLACK+DECKER,BDH2000PL,https://www.amazon.com/dp/B00IOEFBKS?tag=rsvacuum-20,Handheld,,-,35,No,Bagless,0.44,10,,Cordless,-,,80,,7.2,6.2,11.9,18.29,15.75,30.23,,3,1.36,,Yes,No,Yes,No,Yes,Yes,No,No,,-,20,,,,,,,,Product Link,$69.99,Yes,4.4,"29,720",https://www.blackanddecker.com/products/bdh2000pl?srsltid=AfmBOoo24M5wr4btLDOmKVwCbci-ZH9kUypop28HhaH1ndj3eegApG9b,$89.99
BLACK+DECKER,HNVC215B10 (Amazon's Choice),https://www.amazon.com/dp/B07KG2X2GZ?tag=rsvacuum-20,Handheld,,-,100,No,Bagless,0.34,10,,Cordless,-,,84,,17.1,4.5,5.5,43.43,11.43,13.97,,1.4,0.64,,Yes,No,No,No,No,Yes,No,No,,-,8,,,,,,,,Product Link,$28.09,Yes,4.3,"41,321",https://www.blackanddecker.com/products/hnvc215b10?srsltid=AfmBOopkjKdvUm_SmX7qNadP6THChezQlZb9-NNsWXi6t61NvbDWnocB,$29.99
BLACK+DECKER,BDH2000L,https://www.amazon.com/dp/B008R3F0J8?tag=rsvacuum-20,Handheld,,-,24,No,Bagless,0.58,15,,Cordless,-,,80,,14.5,5.56,8.13,36.83,14.12,20.65,,3.5,1.59,,Yes,Yes,No,No,No,Yes,No,No,,-,20,,,,,,,,Product Link,$86.92,Yes,4.4,"10,436",https://www.blackanddecker.com/products/bdh2000l?srsltid=AfmBOorC-SaFsZIUt-gqLQOkwFfWaobaJ41DhOAWO0g95wTVTvDqFmNC,$89.99
BLACK+DECKER,BDXURV309G,https://www.amazon.com/dp/B08X2N27SV?tag=rsvacuum-20,Upright,,-,1200,Yes,Bagless,2,-,,Corded,23,,80,,16.25,12.25,34.5,41.28,31.12,87.63,,9.75,4.42,,Yes,Yes,Yes,Yes,No,Yes,No,No,,8.8,120,,,,,,,,Product Link,$114.99,Yes,3.8,207,,
BLACK+DECKER,BHFEA640WG,https://www.amazon.com/dp/B0CF35Y41G?tag=rsvacuum-20,Stick,,-,350,No,Bagless,0.75,45,,Cordless,-,,-,,27.36,6.58,14.65,69.49,16.71,37.21,,11,4.99,,Yes,No,No,No,No,Yes,No,No,,-,24,,,,,,,,Product Link,$199.00,Yes,3.8,35,https://www.blackanddecker.com/products/bhfea640wg?srsltid=AfmBOoqyo8ue3k89kIVcrqS-CsosVn1A9lnaSy7FzU2eSEH9ij_YhT7p,$199.99
BLACK+DECKER,BHFEA420J (Amazon's Choice),https://www.amazon.com/dp/B09DJDTV29?tag=rsvacuum-20,Stick,,-,700,No,Bagless,1.8,40,,Cordless,-,,80,,9.84,6.77,43.5,24.99,17.2,110.49,,8,3.63,,Yes,No,No,No,No,Yes,No,Yes,,43.8,16,,-,-,-,-,-,-,Product Link,$99.99,Yes,4.1,"5,298",https://www.blackanddecker.com/products/bhfea420j?srsltid=AfmBOoqWhqVDYWoSb9ZLVhXmeQFW1mqg7Bd7fJrc5R4WzSXhsRgeQD72,$114.99
BLACK+DECKER,BDSV2-PET,https://www.amazon.com/dp/B0FX7HFJVG?tag=rsvacuum-20,Stick,,14,-,Yes,Bagless,0.7,-,,Corded,21,,-,,9.5,8,45,24.13,20.32,114.3,,7.3,3.31,,Yes,No,No,No,No,Yes,No,No,,-,-,,-,-,-,-,-,-,Product Link,$124.99,Yes,4.2,35,,
BLACK+DECKER,HLVD320B42 (Amazon's Choice),https://www.amazon.com/dp/B0FM8RHNWZ?tag=rsvacuum-20,Handheld,,-,-,No,Bagless,0.6,16,,Cordless,-,,-,,8.1,6.5,16.7,20.57,16.51,42.42,,3.67,1.66,,Yes,No,No,No,No,Yes,No,No,,-,-,,-,-,-,-,-,-,Product LInk,$49.99,Yes,4.3,424,,
BLACK+DECKER,HHVI315JO42 (Amazon's Choice),https://www.amazon.com/dp/B01DAI5BZ2?tag=rsvacuum-20,Handheld,,-,-,No,Bagless,0.4,15,,Cordless,-,,-,,5.5,14.1,8,13.97,35.81,20.32,,2.11,0.96,,Yes,No,No,No,No,Yes,No,No,,-,-,,-,-,-,-,-,-,Product LInk,$39.99,Yes,4.4,"53,687",,
BLACK+DECKER,BDXV18101P (Amazon's Choice),https://www.amazon.com/dp/B0D8J6N8CV?tag=rsvacuum-20,Canister,,-,600,No,Bagless,3.8,-,,Corded,6,,80,,10,9.8,11.9,25.4,24.89,30.23,,5.5,2.49,,Yes,No,No,No,No,Yes,No,No,,5,120,,-,-,-,-,-,-,Product LInk,$42.99,Yes,4.4,605,,
BLACK+DECKER,HHVI315JO42 (Amazon's Choice),https://www.amazon.com/dp/B01DAI5BZ2?tag=rsvacuum-20,Handheld,,-,-,No,Bagless,0.94,15,,Cordless,-,,75,,5.5,13.5,7.5,13.97,34.29,19.05,,2.11,0.96,,Yes,No,No,No,No,Yes,No,No,,7.2,100,,-,-,-,-,-,-,Product LInk,$39.99,Yes,4.4,"53,686",,
BLACK+DECKER,BDXV18910P-3 (Amazon's Choice),https://www.amazon.com/dp/B0D8J6RYR1?tag=rsvacuum-20,Canister,,-,960,No,Bagless,11.4,-,,Corded,6,,-,,13.7,10.7,15.1,34.8,27.18,38.35,,6.8,3.08,,Yes,No,No,No,No,Yes,No,No,,8,120,,-,-,-,-,-,-,Product LInk,$59.99,Yes,4.4,605,,
BLACK+DECKER,BXVC20XE,https://www.amazon.com/dp/B01EVJC6JS?tag=rsvacuum-20,Dry Wet,,18,1400,No,Bagless,20,-,,Corded,16.4,,7,,16.33,16.33,18.73,41.48,41.48,47.57,,15.4,6.99,,Yes,Yes,No,Yes,Yes,Yes,No,No,,-,230,,-,-,-,-,-,-,Product LInk,$298.76,Yes,4.2,"1,053",,
Blestan,,,,,,,,,,,,,,,,,,,,,,,,,,,,,,,,,,,,,,,,,,,,,,,,,,,
Blestan,LT-114,https://www.amazon.com/dp/B0FS1P8WT5?tag=rsvacuum-20,Handheld,,9,12,Yes,Bagless,0.36,35,,Cordless,-,,75,,11,6,3,27.94,15.24,7.62,,1.5,0.68,,Yes,No,No,No,No,Yes,No,No,,-,-,,-,-,-,-,-,-,Product Link,$34.99,Yes,4.3,"5,675",,
Bosch,,,,,,,,,,,,,,,,,,,,,,,,,,,,,,,,,,,,,,,,,,,,,,,,,,,
Bosch,‎GAS18V-02N (Amazon's Choice),https://www.amazon.com/dp/B07BQGCQQZ?tag=rsvacuum-20,Handheld,,-,113,No,Bagless,1.32,-,,Cordless,-,,80,,17.25,4.7,7.8,43.82,11.94,19.81,,2.9,1.32,,Yes,No,No,Yes,No,Yes,No,No,,-,-,,-,-,-,-,-,-,Product Link,$129.00,Yes,4.1,433,https://www.boschtools.com/us/en/products/gas18v-02n-06019C6212,-
Bosch,‎VAC090AH 9-Gallon Dust Extractor,https://www.amazon.com/dp/B076CSZXY3?tag=rsvacuum-20,Dry Wet,,-,4842,Yes,Bagged,34,-,,Corded,16.4,,60,,20.5,14.5,22.6,52.07,36.83,57.4,,28,12.7,,No,No,No,No,Yes,Yes,No,Yes,,9.5,120,,-,-,-,-,-,-,Product Link,$489.00,Yes,4.6,399,https://www.boschtools.com/us/en/products/vac090ah-06019C3111,-
Bosch,‎VAC140AH (Amazon's Choice),https://www.amazon.com/dp/B076CP3C9D?tag=rsvacuum-20,Dry Wet,,-,2185,Yes,Bagged,53,-,,Corded,16.4,,65,,22.5,14.75,34.1,57.15,37.47,86.61,,38,17.24,,No,No,No,No,No,Yes,Yes,Yes,,9.5,120,,-,-,-,-,-,-,Product Link,$609.00,Yes,4.4,"1,220",https://www.boschtools.com/us/en/products/vac140ah-06019C3511,-
Bosch,‎GAS20-17AH,https://www.amazon.com/dp/B07KMNRPY1?tag=rsvacuum-20,Dry Wet,,-,2100,Yes,Bagged,64.4,-,,Corded,27,,73,,25,22,36,63.5,55.88,91.44,,63,28.58,,No,No,No,Yes,Yes,No,No,No,,17.5,120,,-,-,-,-,-,-,Product Link,"$1,799.00",Yes,3.5,17,https://www.boschtools.com/us/en/products/gas20-17ah-060197D010,-
Bosch,12V Max Hand Vacuum (Bare Tool),https://www.amazon.com/dp/B0CP4L7Z4J?tag=rsvacuum-20,Handheld,,-,120,Yes,Bagless,3.31,depends on the battery bought,,Cordless,-,,-,,13.43,7.17,3.5,34.11,18.21,8.89,,1.6,0.73,,Yes,No,No,No,No,Yes,No,No,,-,-,,-,-,-,-,-,-,Product Link,-,No,3.9,3,https://www.boschtools.com/us/en/products/vac120n-06019E3011,-
BSNAW,,,,,,,,,,,,,,,,,,,,,,,,,,,,,,,,,,,,,,,,,,,,,,,,,,,
BSNAW,XL-638A,https://www.amazon.com/dp/B0DQ8ZLDMR?tag=rsvacuum-20,Stick,,35,250,Yes,Bagless,1,45,,Cordless,-,,65,,43.31,9.45,9.06,110.01,24,23.01,,6.82,3.09,,Yes,No,No,Yes,Yes,Yes,No,Yes,,-,22,,,,,,,,Product Link,$84.99,Yes,4.3,72,,
BSNAW,XL-613M,https://www.amazon.com/dp/B0DMDT8L56?tag=rsvacuum-20,Stick,,40,170,Yes,Bagless,1,45,,Cordless,-,,-,,30,10,15,76.2,25.4,38.1,,6.82,3.09,,Yes,No,No,Yes,Yes,Yes,No,Yes,,-,22,,,,,,,,Product Link,$89.98,Yes,4.2,77,,
BSNAW,XL-678B,https://www.amazon.com/dp/B0DMDL2YSG?tag=rsvacuum-20,Stick,,45,250,Yes,Bagless,1,50,,Cordless,-,,-,,10,7,16,25.4,17.78,40.64,,7.7,3.49,,Yes,No,No,Yes,Yes,Yes,No,Yes,,-,22,,,,,,,,Product Link,$99.99,Yes,4.1,78,,
BSNAW,XL-613H,https://www.amazon.com/dp/B0DMDJLBF9?tag=rsvacuum-20,Stick,,30,250,Yes,Bagless,1,45,,Cordless,-,,-,,30,10,15,76.2,25.4,38.1,,6.82,3.09,,Yes,No,No,Yes,Yes,Yes,No,Yes,,-,22,,,,,,,,Product Link,$69.99,Yes,4.2,170,,
BuTure VAC,,,,,,,,,,,,,,,,,,,,,,,,,,,,,,,,,,,,,,,,,,,,,,,,,,,
BuTure VAC,JR700,https://www.amazon.com/dp/B0DZNJGSJR?tag=rsvacuum-20,Stick,,38,450,Yes,Bagless,1.5,55,,Cordless,-,,68,,10,7,17,25.4,17.78,43.18,,7,3.18,,Yes,No,No,No,No,Yes,No,Yes,,-,-,,,,,,,,Product Link,$99.99,Yes,4.2,3,https://ibuture.com/products/buture-cordless-vacuum-cleaner-jr700-red?srsltid=AfmBOopyQwoScnavg59nI4M3ddyraCBFTvp4KfLSNs7lFVI8ZOFMSPtj,$129.99
BuTure VAC,VC80,https://www.amazon.com/dp/B0F1XMFFTN?tag=rsvacuum-20,Stick,,38,450,Yes,Bagless,1.5,55,,Cordless,-,,66,,-,-,-,-,-,-,,8.8,3.99,,Yes,No,No,No,No,Yes,No,Yes,,-,-,,,,,,,,Product Link,$129.99,Yes,5,3,https://ibuture.com/products/buture-cordless-vacuum-cleaner-jr700-blue?srsltid=AfmBOorRVZ44rNU49UD2_tOkdQOMGX-46n1Xy42AZ7ubYLX9vNVV9Y14,$139.99
BuTure VAC,JR700 Pro,https://www.amazon.com/dp/B0DHKWHWDP?tag=rsvacuum-20,Stick,,38,450,Yes,Bagless,1.5,55,,Cordless,-,,68,,10,7,17,25.4,17.78,43.18,,7,3.18,,Yes,No,No,No,Yes,Yes,No,Yes,,-,-,,,,,,,,Product Link,$69.99,Yes,3.9,34,https://ibuture.com/products/buture-cordless-vacuum-cleaner-jr700-blue?srsltid=AfmBOorRVZ44rNU49UD2_tOkdQOMGX-46n1Xy42AZ7ubYLX9vNVV9Y14,$139.99
BuTure VAC,VC50,https://www.amazon.com/dp/B0DXKVDYW5?tag=rsvacuum-20,Stick,,38,450,Yes,Bagless,1.5,55,,Cordless,-,,68,,-,-,-,-,-,-,,5.8,2.63,,Yes,No,No,No,No,Yes,No,Yes,,-,-,,,,,,,,Product Link,$59.99,Yes,3.7,22,https://ibuture.com/products/buture-cordless-vacuum-cleaner-vc50?srsltid=AfmBOooHi7mLH9jJUig-OMEpCpwz4IMQUaSR9Uqz3PyFY6VPbAuISYzn,$109.99
CHEBIO,,,,,,,,,,,,,,,,,,,,,,,,,,,,,,,,,,,,,,,,,,,,,,,,,,,
CHEBIO,A16 (Amazon's Choice),https://www.amazon.com/dp/B0D7ZT5HN1?tag=rsvacuum-20,Stick,,45,-,Yes,Bagless,1.5,45,,Cordless,-,,63,,10,7,16,25.4,17.78,40.64,,5,2.27,,Yes,Yes,Yes,Yes,Yes,No,No,Yes,,-,-,,-,-,-,-,-,-,Product Link,$99.99,Yes,4.3,"3,474",,
CHEBIO,Magic 1,https://www.amazon.com/dp/B0FLPY1MKR?tag=rsvacuum-20,Stick,,48,580,Yes,Bagless,1.8,65,,Cordless,-,,62,,11,9,44,27.94,22.86,111.76,,7.5,3.4,,Yes,No,No,Yes,Yes,Yes,No,Yes,,-,30,,-,-,-,-,-,-,Product Link,$89.99,Yes,4.3,414,,
Comvtu,,,,,,,,,,,,,,,,,,,,,,,,,,,,,,,,,,,,,,,,,,,,,,,,,,,
Comvtu,P11,https://www.amazon.com/dp/B0GMPWCYWG?tag=rsvacuum-20,Stick,,-,120,Yes,Bagless,0.42,35,,Cordless,-,,-,,10.6,6.7,16.9,26.92,17.02,42.93,,7,3.18,,Yes,No,No,Yes,Yes,Yes,No,Yes,,-,22,,-,-,-,-,-,-,Product Link,$119.99,Yes,4.9,38,,
Comvtu,V12 PU,https://www.amazon.com/dp/B0GMGVC45B?tag=rsvacuum-20,Stick,,12,-,Yes,Bagless,0.5,40,,Cordless,-,,-,,10.6,6.7,16.9,26.92,17.02,42.93,,2.5,1.13,,Yes,No,No,Yes,Yes,Yes,No,Yes,,-,23,,-,-,-,-,-,-,Product Link,$119.99,Yes,4.9,93,,
Coredy,,,,,,,,,,,,,,,,,,,,,,,,,,,,,,,,,,,,,,,,,,,,,,,,,,,
Coredy,R750,https://www.amazon.com/dp/B07RQC1GHZ?tag=rsvacuum-20,Robot,,2.2,28,Yes,Bagless,0.5,120,,Cordless,-,,65,,12.8,12.7,2.72,32.51,32.26,6.91,,10.06,4.56,,No,No,No,No,No,Yes,No,Yes,,-,240,,-,Yes,No,No,Yes,Yes,Product Link,,No,4.2,"9,227",,
Craftsman,,,,,,,,,,,,,,,,,,,,,,,,,,,,,,,,,,,,,,,,,,,,,,,,,,,
Craftsman,CMCVS001D1,https://www.amazon.com/dp/B08W287KYZ?tag=rsvacuum-20,Stick,,-,350,No,Bagless,1.2,60,,Cordless,-,,80,,11.38,7.13,25.25,28.91,18.11,64.14,,7.5,3.4,,Yes,No,No,No,No,Yes,No,No,,7.2,-,,,,,,,,Product Link,$149.00,Yes,4.3,"1,126",,
Craftsman,CMCVH001B (Amazon's Choice),https://www.amazon.com/dp/B08T5VVDD8?tag=rsvacuum-20,Handheld,,-,-,No,Bagless,0.6,15,,Cordless,-,,69,,17.88,5.1,7.6,45.42,12.95,19.3,,3.12,1.42,,Yes,No,No,No,No,Yes,No,No,,14,-,,,,,,,,Product Link,$41.82,Yes,4.5,"1,560",,
Craftsman,CMXEVBE17595 (Amazon's Choice),https://www.amazon.com/dp/B07H84CNG9?tag=rsvacuum-20,Canister,,-,1440,No,Bagged,60,-,,Corded,20,,69,,21.03,23.8,26.7,53.42,60.45,67.82,,26,11.79,,Yes,No,No,Yes,Yes,Yes,Yes,No,,12,120,,,,,,,,Product Link,$139.99,Yes,4.6,"11,391",,
Craftsman,CMCV002B (Amazon's Choice),https://www.amazon.com/dp/B07MHZJVM4?tag=rsvacuum-20,Dry Wet,,21.5,350,Yes,Bagless,7.6,45,,Cordless,-,,80,,16.5,13.9,11.4,41.91,35.31,28.96,,9.25,4.2,,Yes,No,No,No,No,Yes,No,No,,20,20,,-,-,-,-,-,-,Product Link,$89.00,Yes,4.6,"1,240",,
Craftsman,CMXEVBE17250 (Amazon's Choice),https://www.amazon.com/dp/B07QXWG93C?tag=rsvacuum-20,Dry Wet,,12.4,1450,No,Bagged,9.5,-,,Corded,10,,69,,13.1,12.57,14.74,33.27,31.93,37.44,,6.67,3.03,,Yes,No,No,No,No,Yes,No,No,,3,120,,-,-,-,-,-,-,Product Link,$44.99,Yes,4.5,"9,748",,
Craftsman,CMXEVBE17584 (Amazon's Choice),https://www.amazon.com/dp/B07GY18YFF?tag=rsvacuum-20,Dry Wet,,-,900,No,Bagless,22.7,-,,Corded,7,,82,,16.61,18.42,20.09,42.19,46.79,51.03,,14.3,6.49,,No,No,No,No,No,Yes,No,No,,7.5,120,,-,-,-,-,-,-,Product Link,$84.99,Yes,4.2,791,,
Craftsman,CMXEVBE17040,https://www.amazon.com/dp/B0BYLWY57C?tag=rsvacuum-20,Dry Wet,,-,700,No,Bagless,15.1,-,,Corded,15,,82,,14,20.1,16.3,35.56,51.05,41.4,,16,7.26,,No,No,No,No,No,Yes,No,No,,16,120,,-,-,-,-,-,-,Product Link,$109.99,Yes,4.6,689,,
Craftsman,CMXEVBE17594,https://www.amazon.com/dp/B07H7YV9JX?tag=rsvacuum-20,Dry Wet,,-,1260,No,Bagless,45.5,-,,Corded,20,,75,,21.3,23.8,23.43,54.1,60.45,59.51,,24.3,11.02,,No,No,No,No,No,Yes,No,No,,10.5,120,,-,-,-,-,-,-,Product Link,$119.99,Yes,4.6,"1,482",,
Craftsman,CMXEVBE17155 (Amazon's Choice),https://www.amazon.com/dp/B09BDC7QSP?tag=rsvacuum-20,Dry Wet,,24.5,350,No,Bagless,37.9,-,,Corded,15,,80,,17.7,17.4,25.13,44.96,44.2,63.83,,15.68,7.11,,No,No,No,No,No,Yes,No,No,,2.9,120,,-,-,-,-,-,-,Product Link,$138.99,Yes,4.5,960,,
Craftsman,CMXEVBE17607 (Amazon's Choice),https://www.amazon.com/dp/B07MPJRLYH?tag=rsvacuum-20,Dry Wet,,-,1440,No,Bagless,60.6,-,,Corded,15,,82,,20.56,23.8,24.54,52.22,60.45,62.33,,29.21,13.25,,No,No,No,No,No,No,No,No,,12,120,,-,-,-,-,-,-,Product Link,$159.99,Yes,4.6,"1,391",,
Craftsman,CMXEVBE17925 (Amazon's Choice),https://www.amazon.com/dp/B07MPJQFX8?tag=rsvacuum-20,Dry Wet,,-,1020,No,Bagless,18.9,-,,Corded,20,,80,,18.5,12.6,27.5,46.99,32,69.85,,21,9.53,,Yes,No,No,Yes,No,No,No,No,,8.5,120,,-,-,-,-,-,-,Product Link,$119.99,Yes,4.6,451,,
CUCKOO,,,,,,,,,,,,,,,,,,,,,,,,,,,,,,,,,,,,,,,,,,,,,,,,,,,
CUCKOO,CVC-A1410NW,https://www.amazon.com/dp/B0D5GJGCXN?tag=rsvacuum-20,Stick,,-,140,Yes,Bagless,0.6,35,,Cordless,-,,-,,10.2,9.4,46,25.91,23.88,116.84,,6.8,3.08,,Yes,Yes,Yes,Yes,Yes,Yes,No,Yes,,-,120,,,,,,,,Product Link,$290.90,Yes,4,36,https://cuckooamerica.com/products/vacuum-cvc-a1410nw,$349.99
Dapper,,,,,,,,,,,,,,,,,,,,,,,,,,,,,,,,,,,,,,,,,,,,,,,,,,,
Dapper,DP-CVC1118  (Amazon's Choice),https://www.amazon.com/dp/B0DYKDH6T6?tag=rsvacuum-20,Dry Wet,,18,1400,Yes,Bagged,22.7,-,,Corded,16.4,,78,,13.97,14.17,20.27,35.48,35.99,51.49,,9,4.08,,Yes,No,No,Yes,No,Yes,No,No,,-,120,,-,-,-,-,-,-,Product Link,$99.95,Yes,4.4,58,,
Dapper,DP-CVC1122,https://www.amazon.com/dp/B0DYKB8W7Q?tag=rsvacuum-20,Dry Wet,,26,1400,Yes,Bagged,100.31,-,,Corded,13.2,,78,,24.4,19.5,40.95,61.98,49.53,104.01,,36,16.33,,Yes,No,No,Yes,No,Yes,No,No,,-,120,,-,-,-,-,-,-,Product Link,$499.95,Yes,4.4,58,,
DEWALT,,,,,,,,,,,,,,,,,,,,,,,,,,,,,,,,,,,,,,,,,,,,,,,,,,,
DEWALT,DCV580H (Amazon's Choice),https://www.amazon.com/dp/B00CP8DF3O?tag=rsvacuum-20,Dry Wet,,-,1378,Yes,Bagless,7.57,30,,Cordless,-,,31,,17.25,12.31,13.12,43.82,31.27,33.32,,8,3.63,,Yes,No,No,Yes,Yes,Yes,No,No,,1.6,20,,,,,,,,Product Link,$145.38,Yes,4.5,"7,955",https://www.dewalt.com/product/dcv580h/20v-max-cordless-wet-dry-vacuum-tool-only,
DEWALT,DCV517B (Amazon's Choice),https://www.amazon.com/dp/B01CKIZ8BA?tag=rsvacuum-20,Handheld,,-,225,Yes,Bagless,1.89,15,,Cordless,-,,80,,8.44,6.38,17.69,21.44,16.21,44.93,,4.5,2.04,,No,No,No,No,No,Yes,No,No,,20,20,,,,,,,,Product Link,$99.00,Yes,4.5,"8,366",https://www.dewalt.com/product/dcv517b/20v-max-12-gallon-wetdry-portable-vac,
DEWALT,‎DXV10S,https://www.amazon.com/dp/B07BYHMJVJ?tag=rsvacuum-20,Dry Wet,,-,3725,No,Bagless,37.8,-,,Corded,10,,80,,24.5,16.3,18.5,62.23,41.4,46.99,,18.74,8.5,,Yes,No,No,Yes,Yes,Yes,No,No,,-,120,,,,,,,,Product Link,$198.99,Yes,4.5,331,https://www.dewalt.com/product/dxv10s/50-hp-stainless-steel-wetdry-vacuum-10-gal,
DEWALT,DCV501HB,https://www.amazon.com/dp/B09YXZ4L8T?tag=rsvacuum-20,Handheld,,-,65,Yes,Bagless,0.7,21,,Cordless,-,,87,,20.38,7.44,9.19,51.77,18.9,23.34,,6.82,3.09,,Yes,No,No,Yes,No,Yes,No,No,,5,20,,,,,,,,Product Link,$99.00,Yes,4.7,"4,880",https://www.dewalt.com/product/dcv501hb/dewalt-20v-cordless-dry-hand-vacuum-tool-only,
DEWALT,DXV04T (Amazon's Choice),https://www.amazon.com/dp/B07BYHM9NK?tag=rsvacuum-20,Dry Wet,,-,3725,No,Bagless,15.14,-,,Corded,20,,80,,15.5,15,19,39.37,38.1,48.26,,13.23,6,,Yes,No,No,Yes,No,Yes,No,No,,2.5,120,,,,,,,,Product Link,$98.00,Yes,4.6,"3,173",,
DEWALT,DCV517M1 (Amazon's Choice),https://www.amazon.com/dp/B01CKIZ9B4?tag=rsvacuum-20,Dry Wet,,-,-,No,Bagless,2,-,,Cordless,,,80,,8.38,6.5,18.88,21.29,16.51,47.96,,7.2,3.27,,No,No,No,No,No,Yes,No,No,,20,20,,,,,,,,Product Link,$326.79,Yes,4.6,808,https://www.dewalt.com/product/dcv517m1/20v-max-12-gallon-wetdry-portable-vac-kit,
DEWALT,DXV05P-QTB (Amazon's Choice),https://www.amazon.com/dp/B0DWF6X9PK?tag=rsvacuum-20,Dry Wet,,-,-,No,Bagless,18.92,-,,Corded,10,,65,,15.04,14.57,20.59,38.2,37.01,52.3,,16.2,7.35,,Yes,No,No,Yes,No,Yes,No,No,,8,120,,,,,,,,Product Link,$169.79,Yes,4.4,7,,
DEWALT,‎DXV06P (Amazon's Choice),https://www.amazon.com/dp/B07BY8BZ3K?tag=rsvacuum-20,Dry Wet,,-,136,No,Bagless,22.71,-,,Corded,10,,80,,15.5,19.5,16.5,39.37,49.53,41.91,,14.77,6.7,,Yes,No,No,Yes,No,Yes,No,No,,7.2,120,,,,,,,,Product Link,$79.99,Yes,4.7,"5,420",https://www.dewalt.com/product/dxv06p/portable-wetdry-vacuum-6-gal-4-hp,
DEWALT,DXV09P,https://www.amazon.com/dp/B07BYDT7XX?tag=rsvacuum-20,Dry Wet,,-,135,No,Bagless,34.07,-,,Corded,10,,80,,22,18,7.5,55.88,45.72,19.05,,22.5,10.21,,Yes,No,No,Yes,No,Yes,No,No,,10,120,,,,,,,,Product Link,$113.97,Yes,4.7,"3,378",https://www.dewalt.com/product/dxv09p/9-gallon-5-hp-wetdry-vacuum,
DEWALT,DXV10P (Amazon's Choice),https://www.amazon.com/dp/B07BYH6SWX?tag=rsvacuum-20,Dry Wet,,-,290,No,Bagless,37.85,-,,Corded,20,,80,,18,15,17.5,45.72,38.1,44.45,,23.2,10.52,,Yes,No,No,Yes,No,Yes,No,No,,13,120,,,,,,,,Product Link,$177.30,Yes,4.7,"1,687",https://www.dewalt.com/product/dxv10p/10-gallon-55-hp-2-stage-quiet-wetdry-vacuum,
DEWALT,DXV04A (Amazon's Choice),https://www.amazon.com/dp/B0CTN4SYZ4?tag=rsvacuum-20,Ash,,13,540,No,Bagless,15.1,-,,Corded,8,,-,,10.2,10.2,14.2,25.91,25.91,36.07,,6.6,2.99,,Yes,No,No,Yes,No,Yes,No,No,,6.6,120,,-,-,-,-,-,-,Product Link,$84.99,Yes,4.4,91,,
DEWALT,DXV10S-QT (Amazon's Choice),https://www.amazon.com/dp/B0D9GBM8RF?tag=rsvacuum-20,Canister,,-,960,No,Bagged,37.9,-,,Corded,10,,65,,21.4,16.9,26.6,54.36,42.93,67.56,,25.3,11.48,,Yes,No,No,Yes,No,Yes,No,No,,8,120,,-,-,-,-,-,-,Product Link,$206.99,Yes,4.6,156,,
DEWALT,DXV05S-QT (Amazon's Choice),https://www.amazon.com/dp/B0D1TLYC7C?tag=rsvacuum-20,Canister,,-,960,No,Bagged,18.9,-,,Corded,10,,65,,15.1,14.4,19.9,38.35,36.58,50.55,,16.9,7.67,,Yes,No,No,Yes,No,Yes,No,No,,8,120,,-,-,-,-,-,-,Product Link,$169.99,Yes,4.6,343,,
DEWALT,DXV16P,https://www.amazon.com/dp/B0BQVLL6VG?tag=rsvacuum-20,Dry Wet,,-,300,No,Bagless,60.6,-,,Corded,20,,65,,19.09,28.7,22.59,48.49,72.9,57.38,,40,18.14,,Yes,No,No,Yes,No,Yes,No,No,,10,120,,-,-,-,-,-,-,Product Link,$299.99,Yes,4.4,115,,
DEWALT,DXV14P (Amazon's Choice),https://www.amazon.com/dp/B07CB9F446?tag=rsvacuum-20,Dry Wet,,-,285,No,Bagless,53,-,,Corded,20,,80,,27,20.2,19,68.58,51.31,48.26,,29.5,13.38,,Yes,No,No,Yes,No,Yes,No,No,,-,120,,,,,,,,Product Link,$239.99,Yes,4.6,"1,931",https://www.dewalt.com/product/dxv14p/60-hp-wetdry-vacuum-14-gal,
Dirt Devil,,,,,,,,,,,,,,,,,,,,,,,,,,,,,,,,,,,,,,,,,,,,,,,,,,,
Dirt Devil,BD57000V (Amazon's Choice),https://www.amazon.com/dp/B0CXY8C8QK?tag=rsvacuum-20,Stick,,-,150,No,Bagless,0.48,-,,Cordless,25,,80,,10.5,10,46,26.67,25.4,116.84,,7,3.18,,Yes,Yes,No,No,Yes,Yes,No,No,,-,20,,,,,,,,Product Link,$139.99,Yes,4.3,95,https://dirtdevil.com/products/cordless-standing-stick-vac-1,$139.99
Dirt Devil,UD76800V,https://www.amazon.com/dp/B0CCPMWF9N?tag=rsvacuum-20,Upright,,-,960,No,Bagless,1.5,-,,Corded,25,,75,,18.25,12.75,44,46.36,32.39,111.76,,14.21,6.45,,Yes,Yes,Yes,No,No,Yes,Yes,No,,-,120,,,,,,,,Product Link,$112.79,Yes,4.4,"1,324",https://dirtdevil.com/products/dirt-devil-multi-surface-rewind-upright-vacuum,$129.99
Dirt Devil,UD76400V (Amazon's Choice),https://www.amazon.com/dp/B0C86FQJJY?tag=rsvacuum-20,Upright,,-,100,No,Bagless,1.5,-,,Corded,8,,80,,13.13,11.25,31.5,33.35,28.58,80.01,,17.8,8.07,,Yes,Yes,Yes,Yes,No,Yes,Yes,No,,-,120,,,,,,,,Product Link,$109.99,Yes,4.4,"1,324",https://dirtdevil.com/products/multi-surface-total-pet-upright-vacuum-hpp,$109.99
Dirt Devil,UD76300V (Amazon's Choice),https://www.amazon.com/dp/B0C7RH18GR?tag=rsvacuum-20,Upright,,-,-,No,Bagless,1.5,-,,Corded,25,,80,,13.13,11.25,31.5,33.35,28.58,80.01,,12.84,5.82,,Yes,Yes,Yes,Yes,No,Yes,Yes,Yes,,-,120,,,,,,,,Product Link,$66.19,Yes,4.4,"1,324",https://dirtdevil.com/products/multi-surface-extended-reach-upright-vacuum,$89.99
Dirt Devil,UD76200V,https://www.amazon.com/dp/B0C86DWKS7?tag=rsvacuum-20,Upright,,-,600,No,Bagless,1.5,-,,Corded,23,,78,,13.13,11.25,31.5,33.35,28.58,80.01,,11.98,5.43,,Yes,Yes,Yes,Yes,No,Yes,Yes,Yes,,-,120,,,,,,,,Product Link,$71.70,Yes,4.4,"1,324",https://dirtdevil.com/products/multi-surface-upright,$79.99
Dirt Devil,UD20124V (Amazon's Choice),https://www.amazon.com/dp/B07G2QQJTS?tag=rsvacuum-20,Upright,,-,1200,No,Bagless,1.5,-,,Corded,25,,80,,10,11,42.5,25.4,27.94,107.95,,9,4.08,,Yes,Yes,No,Yes,No,Yes,No,No,,-,120,,,,,,,,Product Link,$67.79,Yes,4.2,"20,894",https://dirtdevil.com/products/endura-reach-compact-upright-1,$67.79
Dirt Devil,BD45000V,https://www.amazon.com/dp/B0CBSTS8QC?tag=rsvacuum-20,Stick,,-,600,No,Bagless,0.35,15,,Cordless,-,,-,,10.55,5.28,16.46,26.8,13.41,41.81,,2.9,1.32,,Yes,Yes,No,No,No,Yes,No,No,,50,120,,,,,,,,Product Link,$54.95,Yes,3.4,611,https://dirtdevil.com/products/broom-vac,$69.99
Dirt Devil,SD40201,https://www.amazon.com/dp/B0CXTLXMJ6?tag=rsvacuum-20,Canister,,-,97,Yes,Bagless,0.6,-,,Corded,16,,80,,16.93,11.85,15.06,43,30.1,38.25,,14.37,6.52,,Yes,Yes,No,Yes,No,Yes,Yes,No,,8,120,,,,,,,,Product Link,$79.99,Yes,4,54,https://dirtdevil.com/products/bagless-canister,$79.99
Dirt Devil,BD30100V (Amazon's Choice),https://www.amazon.com/dp/B0C1595TFG?tag=rsvacuum-20,Handheld,,-,75,No,Bagless,0.1,10,,Cordless,-,,-,,13,7.75,3.63,33.02,19.69,9.22,,1.1,0.5,,Yes,No,No,No,No,Yes,No,No,,8,120,,,,,,,,Product Link,$39.99,Yes,4.1,"3,950",https://dirtdevil.com/products/grab-go-8v-hand-vacuum,$39.99
Dirt Devil,BD40200V,https://www.amazon.com/dp/B0C8287GLF?tag=rsvacuum-20,Handheld,,-,12,No,Bagless,0.6,11,,Cordless,-,,80,,16.5,3.5,4.5,41.91,8.89,11.43,,2.2,1,,Yes,No,No,No,No,Yes,No,No,,-,12,,,,,,,,Product Link,$63.04,Yes,4.1,"3,950",https://dirtdevil.com/products/whole-home-hand-vacuum,$64.99
Dirt Devil,BD30300V,https://www.amazon.com/dp/B0CJK13TQW?tag=rsvacuum-20,Handheld,,-,16,No,Bagless,0.6,15,,Cordless,-,,70,,10.5,8.5,16.8,26.67,21.59,42.67,,3.1,1.41,,Yes,Yes,Yes,No,No,Yes,No,No,,16,16,,,,,,,,Product Link,$79.98,Yes,4.1,"3,950",https://dirtdevil.com/products/deep-clean-16v-hand-vacuum,$79.99
Dirt Devil,UD70186,https://www.amazon.com/dp/B07G3FHHM1?tag=rsvacuum-20,Upright,,-,60,No,Bagless,2,-,,Corded,20,,-,,13,14,45,33.02,35.56,114.3,,13,5.9,,Yes,Yes,Yes,Yes,No,Yes,No,No,,-,120,,,,,,,,Product Link,$177.95,Yes,4.2,"2,025",https://dirtdevil.com/products/endura-max-xl-pet-v,$109.99
Dirt Devil,UD20121PC (Amazon's Choice),https://www.amazon.com/dp/B089WZMB7R?tag=rsvacuum-20,Upright,,-,150,No,Bagless,1,-,,Corded,20,,80,,10,11,43,25.4,27.94,109.22,,9,4.08,,Yes,No,No,Yes,No,Yes,No,No,,7.2,120,,,,,,,,Product Link,$54.99,Yes,4.3,"12,908",https://dirtdevil.com/products/endura-lite-upright-vacuum-1,$54.99
Dirt Devil,SD20020,https://www.amazon.com/dp/B00EJQQUM8?tag=rsvacuum-20,Stick,,-,240,No,Bagless,0.4,-,,Corded,15,,80,,5,10,41,12.7,25.4,104.14,,3.4,1.54,,Yes,No,No,No,No,Yes,No,No,,2.5,120,,,,,,,,Product Link,$54.99,Yes,3.9,"19,709",https://dirtdevil.com/products/vibe-3-in-1-corded-bagless-stick-vacuum-vn,$54.99
Dirt Devil,SD22010,https://www.amazon.com/dp/B00EJQQUM8?tag=rsvacuum-20,Stick,,-,700,No,Bagless,0.35,-,,Corded,18,,75,,42.91,0,42.91,108.99,0,108.99,,3.6,1.63,,No,No,No,No,No,Yes,No,No,,2,120,,,,,,,,Product Link,$29.99,Yes,4.1,"2,327",https://dirtdevil.com/products/simplistik-plus-3-in-1-corded-stick-vacuum-1,$29.99
Dirt Devil,BD22052,https://www.amazon.com/dp/B06VYF3NBC?tag=rsvacuum-20,Stick,,-,6,No,Bagless,0.5,-,,Corded,15,,75,,10,7,44,25.4,17.78,111.76,,5.2,2.36,,No,No,No,No,Yes,Yes,No,No,,16,16,,,,,,,,Product Link,$92.39,Yes,4.1,"4,522",https://dirtdevil.com/products/power-swerve-pet-cordless-stick-vacuum-vn,$109.99
Dirt Devil,SD22020 (Amazon's Choice),https://www.amazon.com/dp/B06X1G4KTW?tag=rsvacuum-20,Stick,,-,750,No,Bagless,0.4,-,,Corded,18,,78,,10,5.75,45,25.4,14.61,114.3,,3.6,1.63,,No,No,No,No,No,Yes,No,No,,2,120,,,,,,,,Product Link,$45.59,Yes,4.3,"3,134",https://dirtdevil.com/products/power-express-lite-3-in-1-corded-stick-vacuum-1,$54.99
Dirt Devil,SD20000RED  (Amazon's Choice),https://www.amazon.com/dp/B002KCO96C?tag=rsvacuum-20,Stick,,-,137,No,Bagless,0.35,-,,Corded,16,,80,,10,6.5,10.91,25.4,16.51,27.71,,3.74,1.7,,Yes,Yes,No,No,No,Yes,No,No,,2,120,,,,,,,,Product Link,$49.55,Yes,4,"40,769",https://dirtdevil.com/products/simplistik-corded-stick-vacuum-vn,$34.99
DREAME,,,,,,,,,,,,,,,,,,,,,,,,,,,,,,,,,,,,,,,,,,,,,,,,,,,
DREAME,H15,https://www.amazon.com/dp/B0F138D56C?ref=t_ac_view_request_product_image&campaignId=amzn1.campaign.X0EOM7ANKLW8&linkCode=tr1&tag=andrewwhite-20&linkId=amzn1.campaign.X0EOM7ANKLW8_1779883860982,Dry Wet,,22,600,Yes,Bagless,0.8,72,,Cordless,-,,-,,10.5,10.8,43.4,26.67,27.43,110.24,,12.5,5.67,,Yes,No,No,No,Yes,Yes,No,No,,-,120,,,,,,,,Product Link,$649.99,Yes,4.4,129,https://www.dreametech.com/products/h15-pro-heat-wet-dry-vacuum,$649.99
DREAME,Aero,https://www.amazon.com/dp/B0GHXQTLMR?ref=t_ac_view_request_product_image&campaignId=amzn1.campaign.3GOJA927WCIRD&linkCode=tr1&tag=andrewwhite-20&linkId=amzn1.campaign.3GOJA927WCIRD_1779883881633,Dry Wet,,25,-,No,Bagless,1,35,,Cordless,-,,-,,10.8,8.9,45.7,27.43,22.61,116.08,,10.3,4.67,,No,No,No,No,No,Yes,No,Yes,,-,120,,,,,,,,Product Link,$219.99,Yes,4.1,51,https://www.dreametech.com/products/aero-wet-dry-vacuum,$299.99
DREAME,G10 Pro,https://www.amazon.com/dp/B0DS2389H1?tag=rsvacuum-20,Dry Wet,,16,-,Yes,Bagless,0.9,35,,Cordless,-,,-,,12.1,44.7,13.1,30.73,113.54,33.27,,11.2,5.08,,Yes,No,No,No,No,Yes,No,No,,-,-,,,,,,,,Product Link,$199.99,Yes,4.7,46,https://www.dreametech.com/products/g10-pro-wet-and-dry-vacuum?srsltid=AfmBOopI-DLLKXaKsWI6Tf2N1gzfU4Gpn6SwmWdnhsMQ5sH6UNr5OE_T,$199.99
DREAME,H13 Pro,https://www.amazon.com/dp/B0CRTRYKZV?tag=rsvacuum-20,Dry Wet,,18,1023,Yes,Bagless,-,40,,Cordless,-,,76,,9,44,10,22.86,111.76,25.4,,12.3,5.58,,No,No,No,No,No,No,No,Yes,,-,-,,,,,,,,Product Link,$319.99,Yes,3.7,45,https://www.dreametech.com/products/h13-pro?srsltid=AfmBOopUWfKKWYd_a1e9KgFNT-trpvMvhxuUWOprdwhsXBX2ijj3f8og,$699.99
DREAME,R10  (Amazon's Choice),https://www.amazon.com/dp/B0DS24MTRM?tag=rsvacuum-20,Stick,,20,350,Yes,Bagless,0.6,60,,Cordless,-,,84,,12.9,5.7,28.6,32.77,14.48,72.64,,7.5,3.4,,Yes,No,No,No,No,Yes,No,No,,-,-,,,,,,,,Product Link,$149.99,Yes,4.2,38,https://www.dreametech.com/products/r10?srsltid=AfmBOoqaCfyMyrwD10hk0lptFt4KuurbjHy6OiOsWux7_d3of_vXVbIG,$239.99
DREAME,Z30,https://www.amazon.com/dp/B0DFXS37KW?tag=rsvacuum-20,Stick,,-,310,Yes,Bagless,0.6,90,,Cordless,-,,82,,38.9,14.5,6.1,98.81,36.83,15.49,,21.6,9.8,,Yes,No,No,No,No,Yes,No,No,,-,-,,,,,,,,Product Link,$349.99,Yes,4.3,99,https://www.dreametech.com/products/z30-cordless-stick-vacuum,$349.99
DREAME,X50,https://www.amazon.com/dp/B0DM5J52GC?tag=rsvacuum-20,Robot,,20,-,No,Bagless,0.39,180,,Cordless,-,,73.1,,17.2,17,25.5,43.69,43.18,64.77,,39.9,18.1,,No,No,No,No,No,No,No,No,,-,110,,3.2,Yes,Yes,Yes,Yes,Yes,Product Link,"$1,359.99",Yes,4.2,93,https://www.dreametech.com/products/x50-ultra-robot-vacuum?srsltid=AfmBOoqcJ_vfX5CXNb0jMHgnJ4jqr4Jm5iiZ0CqMBD71hHSZfV919W4f,"$1,459.99"
DREAME,X40 (Amazon's Choice),https://www.amazon.com/dp/B0CXDXKSXP?tag=rsvacuum-20,Robot,,12,-,No,Bagless,4.5,180,,Cordless,-,,76,,13.4,17.9,23.2,34.04,45.47,58.93,,28.7,13.02,,No,No,No,No,No,No,No,No,,-,120,,3.2,Yes,Yes,Yes,Yes,Yes,Product Link,$899.99,Yes,4.1,482,https://www.dreametech.com/products/dreametech-x40-ultra-robot-vacuum?srsltid=AfmBOorjMWERs-Tf56jNavz6aNmuFPRsck6X7OdM7pVtdYW9me4g4r3M,"$1,499.99"
DREAME,L40 (Amazon's Choice),https://www.amazon.com/dp/B0D6VS4SLX?tag=rsvacuum-20,Robot,,11,-,No,Bagless,4.5,180,,Cordless,-,,75,,16,16,24,40.64,40.64,60.96,,29.8,13.52,,No,No,No,No,No,No,No,No,,-,120,,3.2,Yes,Yes,Yes,Yes,Yes,Product Link,$599.99,Yes,4,177,https://www.dreametech.com/products/l40ultra-robot-vacuum?srsltid=AfmBOoohT8tNXjrbU1YJK2vHOEKME8lfYKBjdOKWkvNolCphrvPLf6Se,$699.99
DREAME,L10s,https://www.amazon.com/dp/B0CVL2TT74?tag=rsvacuum-20,Robot,,7,-,No,Bagless,4.5,220,,Cordless,-,,68.5,,17.95,13.39,23.23,45.59,34.01,59,,41.2,18.69,,No,No,No,No,No,No,No,No,,-,120,,3,Yes,Yes,Yes,Yes,Yes,Product Link,$899.99,Yes,4.4,385,https://www.dreametech.com/products/dreamebot-l10s-ultra?srsltid=AfmBOopQ_mxtV3UYnPKYZTK8cHVlGxW49XQgawegGbiG9kx5MbL8GoQB,$429.99
DREAME,X30,https://www.amazon.com/dp/B0CQL4SPWX?tag=rsvacuum-20,Robot,,8.3,-,No,Bagless,3.2,180,,Cordless,-,,58.1,,16.65,16.26,25.71,42.29,41.3,65.3,,41.8,18.96,,No,No,No,No,No,No,No,No,,-,-,,3.2,Yes,Yes,Yes,Yes,Yes,Product Link,$699.99,Yes,4.3,143,https://www.dreametech.com/products/dreame-x30-ultra?srsltid=AfmBOooz6ZpG1VHOQGWzZFYS2WY8gFyZ_qbwp3NRXdV8MaLtIQ6_ZfKL,$699.99
DREAME,L20,https://www.amazon.com/dp/B0CC236CLT?tag=rsvacuum-20,Robot,,7,-,No,Bagless,4.5,180,,Cordless,-,,-,,19.5,27,19.49,49.53,68.58,49.5,,37.5,17.01,,No,No,No,No,No,No,No,No,,-,110,,4.5,Yes,Yes,Yes,Yes,Yes,Product Link,$999.99,Yes,4.2,640,https://www.dreametech.com/products/l20-ultra?srsltid=AfmBOoqNwF6qUiKn7yJ1AU1lE-9VZMLEDsDUCkCy3ip4mc55Sbg5N-0r,$599.99
DREAME,L30,https://www.amazon.com/dp/B0CCY37FLZ?tag=rsvacuum-20,Robot,,7.3,-,No,Bagless,4.3,32,,Cordless,-,,68,,18.99,26.75,19.97,48.23,67.95,50.72,,51.9,23.54,,No,No,No,No,No,No,No,No,,-,-,,3.2,Yes,Yes,Yes,Yes,Yes,Product Link,$599.99,Yes,4.3,32,,
DREAME,D10 Plus Gen 2,https://www.amazon.com/dp/B0D6TTRTPL?tag=rsvacuum-20,Robot,,6,-,No,Bagless,4,285,,Cordless,-,,65,,17.75,13.99,16.8,45.09,35.53,42.67,,22.3,10.12,,No,No,No,No,No,Yes,No,No,,-,-,,4,Yes,Yes,Yes,Yes,Yes,Product Link,$254.99,Yes,4.1,209,https://www.dreametech.com/products/d10-plus-gen2-robot-vacuum?srsltid=AfmBOoo82RNNjgPofPOZUkJnyi-MX06BkacgL5AiyQFZWaI54WDzhzhY,$399.99
DREAME,D10 Plus,https://www.amazon.com/dp/B09VKZT1FQ?tag=rsvacuum-20,Robot,,4,-,No,Bagless,2.5,180,,Cordless,-,,63,,18,14,16,45.72,35.56,40.64,,20,9.07,,No,No,No,No,No,No,No,No,,-,-,,2.5,Yes,Yes,Yes,Yes,Yes,Product Link,$259.99,Yes,4,"1,364",,
DREAME,X40 Master,https://www.amazon.com/dp/B0DCFWL2XJ?tag=rsvacuum-20,Robot,,12,-,No,Bagless,0.3,198,,Cordless,-,,-,,19.1,16.8,11,48.51,42.67,27.94,,57.9,26.26,,No,No,No,No,No,No,No,No,,-,110,,4.2,Yes,Yes,Yes,Yes,Yes,Product Link,$999.99,Yes,4.3,53,https://www.dreametech.com/products/x40-master-robot-vacuum?srsltid=AfmBOopYj2xBhrcZkIvNS0uExZBogKQm753wY4dmbqMtXQQXoS7VMCEB,"$1,999.99"
DREAME,D9 Max Gen 2 (Amazon's Choice),https://www.amazon.com/dp/B0D6VQK8KN?tag=rsvacuum-20,Robot,,6,-,No,Bagless,0.27,180,,Cordless,-,,74,,16,13.78,3.8,40.64,35,9.65,,8,3.63,,No,No,No,No,No,No,No,No,,-,240,,-,Yes,No,Yes,Yes,Yes,Product Link,$299.99,Yes,4.2,62,https://www.dreametech.com/products/d9-max-gen2-robot-vacuum?srsltid=AfmBOoo9JmovQVgTXwSAlgYJWHYd0VvP8WXOmeaBsZkzLRisdsNKP5Wj,$299.99
Dyson,,,,,,,,,,,,,,,,,,,,,,,,,,,,,,,,,,,,,,,,,,,,,,,,,,,
Dyson,UP30,https://www.amazon.com/dp/B0B75Q388N?tag=rsvacuum-20,Upright,,2,1350,No,Bagless,2.08,-,,Corded,50,,75.7,,15.51,11.02,42.17,39.4,27.99,107.11,,17.33,7.86,,Yes,Yes,No,Yes,Yes,Yes,No,Yes,,11.3,-,,,,,,,,Product Link,$299.95,Yes,4.2,"3,041",https://www.dyson.com/vacuum-cleaners/uprights/ball-animal-3/complete-gold,$549.99
Dyson,V11,https://www.amazon.com/dp/B00FZPRUTY?tag=rsvacuum-20,Handheld,,1.3,185,No,Bagless,0.75,60,,Cordless,-,,70,,10.28,9.84,49.64,26.11,24.99,126.09,,6.6,2.99,,Yes,Yes,No,Yes,Yes,Yes,No,Yes,,-,-,,,,,,,,Product Link,$569.99,Yes,4.4,"1,261",https://www.dyson.com/vacuum-cleaners/cordless/v11/blue,$569.99
Dyson,V8 Plus,https://www.amazon.com/dp/B0CT9552BL?tag=rsvacuum-20,Handheld,,0.8,1400,No,Bagless,0.54,40,,Cordless,-,,70,,8.7,9.84,49.5,22.1,24.99,125.73,,5.72,2.59,,Yes,No,Yes,Yes,Yes,Yes,No,Yes,,-,-,,,,,,,,Product Link,$469.99,Yes,4.2,"5,669",https://www.dyson.com/vacuum-cleaners/cordless/v8/origin-plus-purple,$419.99
Dyson,586119-01,https://www.amazon.com/dp/B0DLXGDHBX?tag=rsvacuum-20,Handheld,,-,-,No,Bagless,0.5,50,,Cordless,-,,73,,13,5.2,8.1,33.02,13.21,20.57,,4.2,1.91,,Yes,Yes,No,No,No,Yes,No,Yes,,-,-,,,,,,,,Product Link,$199.95,Yes,4.4,147,https://www.dyson.com/vacuum-cleaners/handhelds/car-boat/silver,$279.99
Dyson,Gen5outsize,https://www.amazon.com/dp/B0C2JBDYKZ?tag=rsvacuum-20,Stick,,1.7,349,Yes,Bagless,0.08,140,,Cordless,-,,-,,10.87,9.84,47.76,27.61,24.99,121.31,,8.6,3.9,,Yes,No,No,Yes,Yes,Yes,No,Yes,,-,-,,,,,,,,Product Link,-,Yes,4.2,"1,011",https://www.dyson.com/vacuum-cleaners/cordless/gen5/outsize-hepa-nickel-blue,"$1,049.99"
Dyson,V15s,https://www.amazon.com/dp/B0CDNR1ZB6?tag=rsvacuum-20,Handheld,,1.6,1200,Yes,Bagless,0.77,60,,Cordless,-,,75,,10.6,10,49.1,26.92,25.4,124.71,,6.03,2.74,,Yes,No,No,Yes,Yes,Yes,No,No,,-,-,,,,,,,,Product Link,$799.00,Yes,4.2,"1,126",https://www.dyson.com/vacuum-cleaners/wet-dry/v15s-detect-submarine/gold,$799.99
Dyson,Ball Animal 3 Extra  (Amazon's Choice),https://www.amazon.com/dp/B0B57QV5TT?tag=rsvacuum-20,Upright,,2,500,No,Bagless,1.7,-,,Corded,35,,75,,15.51,11.02,42.17,39.4,27.99,107.11,,17.33,7.86,,No,No,Yes,No,Yes,Yes,No,No,,-,-,,,,,,,,Product Link,$299.95,Yes,4.2,"3,041",https://www.dyson.com/vacuum-cleaners/uprights/ball-animal-3/extra-copper,$499.99
Dyson,360 Vis Nav,https://www.amazon.com/dp/B0CT95LTCJ?tag=rsvacuum-20,Robot,,-,65,Yes,Bagless,0.49,65,,Cordless,-,,75,,13,12.6,3.9,33.02,32,9.91,,16.72,7.58,,No,No,No,No,No,Yes,No,Yes,,-,22,,-,Yes,No,Yes,No,Yes,Product Link,$999.95,Yes,2.8,94,https://www.dyson.com/vacuum-cleaners/robot/360-vis-nav/blue-nickel,$999.99
Dyson,Dyson Ball Animal Origin  (Amazon's Choice),https://www.amazon.com/dp/B0GH37CPG9?tag=rsvacuum-20,Upright,,-,700,Yes,Bagless,1.7,-,,Corded,35,,-,,11.4,10.6,36.3,28.96,26.92,92.2,,17.4,7.89,,No,No,No,No,Yes,Yes,No,No,,-,120,,-,-,-,-,-,-,Product LInk,$225.00,Yes,4.2,48,,
Dyson,CY23   (Amazon's Choice),https://www.amazon.com/dp/B00KQJLQE4?tag=rsvacuum-20,Canister,,-,800,Yes,Bagless,1.6,-,,Corded,21,,78,,15.7,12.1,13.7,39.88,30.73,34.8,,17.6,7.98,,Yes,No,Yes,Yes,Yes,Yes,No,No,,2.1,220,,-,-,-,-,-,-,Product LInk,$349.49,Yes,4.2,"1,458",,
Dyson,SV50,https://www.amazon.com/dp/B0G6NBBX1C?tag=rsvacuum-20,Stick,,-,230,No,Bagless,0.3,30,,Cordless,-,,-,,45.7,1.5,8.9,116.08,3.81,22.61,,3.96,1.8,,Yes,No,No,No,Yes,No,No,Yes,,-,230,,-,-,-,-,-,-,Product LInk,$449.99,Yes,4,84,,
Dyson,Spot+Scrub Ai™,https://www.amazon.com/dp/B0GKC52QZP?tag=rsvacuum-20,Robot,,18,-,No,Bagless,-,200,,Cordless,-,,-,,14.6,14.7,4.3,37.08,37.34,10.92,,14.5,6.58,,No,No,No,No,No,No,No,Yes,,-,-,,3,Yes,Yes,Yes,Yes,Yes,Product LInk,$849.99,Yes,3.6,40,,
DUMOS,,,,,,,,,,,,,,,,,,,,,,,,,,,,,,,,,,,,,,,,,,,,,,,,,,,
DUMOS,HJ-6309C,https://www.amazon.com/dp/B0G1YRB46L?tag=rsvacuum-20,Stick,,-,150,Yes,Bagless,0.8,30,,Cordless,-,,-,,9.85,8.27,41.34,25.02,21.01,105,,5.71,2.59,,Yes,No,No,No,No,Yes,No,Yes,,-,-,,-,-,-,-,-,-,Product Link,$54.92,Yes,3.8,125,,
ECOVACS,,,,,,,,,,,,,,,,,,,,,,,,,,,,,,,,,,,,,,,,,,,,,,,,,,,
ECOVACS,DEEBOT X8 PRO OMNI,https://www.amazon.com/dp/B0DR8NJMCJ?tag=rsvacuum-20,Robot,,18,80,No,Bagless,0.11,200,,Cordless,-,,70,,13.78,20.98,15.94,35,53.29,40.49,,38.6,17.51,,No,No,No,No,No,Yes,No,No,,-,110,,4,Yes,Yes,Yes,Yes,Yes,Product Link,"$1,099.99",Yes,4.4,132,https://www.ecovacs.com/us/deebot-robotic-vacuum-cleaner/deebot-x8-pro-om,"$1,099.99"
ECOVACS,DEEBOT X9 PRO Omni,https://www.amazon.com/dp/B0DZXFNVQ2?tag=rsvacuum-20,Robot,,16.6,110,No,Bagless,4,200,,Cordless,-,,79.2,,13.78,20.98,15.94,35,53.29,40.49,,27.5,12.47,,No,No,No,No,No,Yes,No,No,,-,110,,3,Yes,Yes,Yes,Yes,Yes,Product Link,"$1,599.99",Yes,5,14,https://www.ecovacs.com/us/deebot-robotic-vacuum-cleaner/deebot-x9-pro-omni,"$1,599.99"
ECOVACS,DEEBOT T50 MAX PRO Omni,https://www.amazon.com/dp/B0DR8W5H74?tag=rsvacuum-20,Robot,,18.5,100,No,Bagless,0.3,200,,Cordless,-,,64.6,,13.78,11.57,20.98,35,29.39,53.29,,35.9,16.28,,No,No,No,No,No,Yes,No,No,,-,20,,3,Yes,Yes,Yes,Yes,Yes,Product Link,$999.99,Yes,4.3,127,https://www.ecovacs.com/us/deebot-robotic-vacuum-cleaner/deebot-t50-max-pro-omni#specification,$999.99
ECOVACS,DEEBOT T30S Robot,https://www.amazon.com/dp/B0D1FLHMD4?tag=rsvacuum-20,Robot,,11,60,No,Bagless,4,180,,Cordless,-,,78,,15.55,17.52,20.79,39.5,44.5,52.81,,32.8,14.88,,No,No,No,No,No,Yes,No,No,,-,110,,3,Yes,Yes,Yes,Yes,Yes,Product Link,$549.99,Yes,4.2,"1,253",https://www.ecovacs.com/us/deebot-robotic-vacuum-cleaner/deebot-t30s#specification,$549.99
ECOVACS,DEEBOT N30 Omni Robot,https://www.amazon.com/dp/B0DBTJ61KF?tag=rsvacuum-20,Robot,,10,60,No,Bagless,3.5,200,,Cordless,-,,83,,13.38,19.09,21.26,33.99,48.49,54,,25.6,11.61,,No,No,No,No,No,Yes,No,No,,-,110,,2.6,Yes,Yes,Yes,Yes,Yes,Product Link,$399.99,Yes,4.1,317,https://www.ecovacs.com/us/deebot-robotic-vacuum-cleaner/deebot-n30-omni-black#specification,$399.99
ECOVACS,Deebot T8 AIVI,https://www.amazon.com/dp/B086214HTZ?tag=rsvacuum-20,Robot,,-,40,No,Bagless,0.24,180,,Cordless,-,,67,,13.7,13.7,3.6,34.8,34.8,9.14,,7.8,3.54,,No,No,No,No,No,No,No,No,,-,14,,-,Yes,No,Yes,Yes,Yes,Product Link,$189.99,Yes,3.8,960,https://www.ecovacs.com/us/deebot-robotic-vacuum-cleaner/deebot-ozmo-t8-aivi#specification,
ECOVACS,OZMO U2,https://www.amazon.com/dp/B0D1FLHMD4?tag=rsvacuum-20,Robot,,-,26,No,Bagless,0.3,110,,Cordless,-,,77,,20,16,6,50.8,40.64,15.24,,9.53,4.32,,No,No,No,No,No,No,No,Yes,,-,14,,2.5,Yes,Yes,Yes,Yes,Yes,Product Link,$549.99,Yes,1.2,"1,254",https://www.ecovacs.com/id/deebot-robotic-vacuum-cleaner/deebot-u2-pro#specification,
ECOVACS,DEEBOT T20 Omni,https://www.amazon.com/dp/B0C4DFB33W?tag=rsvacuum-20,Robot,,6,-,No,Bagless,0.3,190,,Cordless,-,,-,,19.13,24.99,20.98,48.59,63.47,53.29,,51,23.13,,No,No,No,No,No,No,No,Yes,,-,20,,4,Yes,Yes,Yes,Yes,Yes,Product Link,$379.95,Yes,3.8,"15,156",https://www.ecovacs.com/us/deebot-robotic-vacuum-cleaner/deebot-t20-omni,$519.99
ECOVACS,DEEBOT T80 Omni  (Amazon's Choice),https://www.amazon.com/dp/B0F1CJD8MQ?tag=rsvacuum-20,Robot,,18,80,No,Bagless,0.22,220,,Cordless,-,,78.3,,13.78,20.98,15.94,35,53.29,40.49,,35.4,16.06,,No,No,No,No,No,Yes,No,No,,-,14,,0.8,Yes,Yes,Yes,Yes,Yes,Product Link,"$1,199.99",Yes,5,17,https://www.ecovacs.com/us/deebot-robotic-vacuum-cleaner/deebot-t80-omni#specification,"$1,199.99"
ECOVACS,DEEBOT T30S Combo,https://www.amazon.com/dp/B0DD7L8RVT?tag=rsvacuum-20,Robot,,11,60,No,Bagless,275,180,,Cordless,-,,78,,21.81,17.44,20.76,55.4,44.3,52.73,,31.17,14.14,,No,No,No,No,No,Yes,No,No,,-,14,,3,Yes,Yes,Yes,Yes,Yes,Product Link,"$1,399.99",Yes,5,4,https://www.ecovacs.com/us/deebot-robotic-vacuum-cleaner/deebot-t30s-combo-cordless-handheld-vacuum#specification,$999.99
ECOVACS,ECOVACS N8+,https://www.amazon.com/dp/B0BZ12G519?tag=rsvacuum-20,Robot,,2.6,40,No,Bagless,0.42,110,,Cordless,-,,67,,13.8,13.8,3.7,35.05,35.05,9.4,,24.5,11.11,,No,No,No,No,No,No,No,No,,-,14,,2.5,Yes,Yes,Yes,Yes,Yes,Product Link,$219.00,Yes,3.6,46,https://www.ecovacs.com/us/deebot-robotic-vacuum-cleaner/deebot-n8plus-black#specification,
Electrolux,,,,,,,,,,,,,,,,,,,,,,,,,,,,,,,,,,,,,,,,,,,,,,,,,,,
Electrolux,WellQ7,https://www.amazon.com/dp/B0BFJ93NPY?tag=rsvacuum-20,Stick,,-,1200,No,Bagless,3,50,,Cordless,-,,70,,10.04,5.5,43.3,25.5,13.97,109.98,,6,2.72,,Yes,No,Yes,No,Yes,Yes,No,Yes,,-,22,,,,,,,,Product Link,$209.00,Yes,4,388,https://www.electrolux.com/en/p/floor-care/vacuums/vacuums/EHVS35H2AQ?srsltid=AfmBOooV5sTZCPfq49-PsgupjGTjQCtpRwxbFMC6bh-Z-4_B1RJdlEXH,$259.00
Electrolux,Ergorapido  (Amazon's Choice),https://www.amazon.com/dp/B08VXJXCHD?tag=rsvacuum-20,Stick,,-,38,No,Bagless,0.5,48,,Cordless,-,,60,,5.6,10.4,42.7,14.22,26.42,108.46,,7.5,3.4,,Yes,Yes,No,No,Yes,Yes,No,No,,-,18,,,,,,,,Product Link,$199.00,Yes,4.4,"2,002",https://www.electrolux.com/en/p/Floor-Care/Vacuums/Vacuums/EHVS2510AW?srsltid=AfmBOopkV7iat5SsmAbi4PJD7c_LHSiFD-UrxUgARd8LUWF7PqU0BTz4,$199.00
Electrolux,Ultimate600,https://www.amazon.com/dp/B0DDQVFBBC?tag=rsvacuum-20,Stick,,-,54,No,Bagless,0.6,50,,Cordless,-,,80,,10.3,9.8,39.8,26.16,24.89,101.09,,5.73,2.6,,Yes,Yes,Yes,No,No,Yes,No,Yes,,-,22,,,,,,,,Product Link,$288.61,Yes,4,23,https://www.electrolux.com/en/product/EHVS65S1AD?srsltid=AfmBOopbypKQpj_TLrpYNQls5mwHRkzLO4r4b1WT8YWOkNHPBkej84jg,$279.00
Electrolux,Ultimate700,https://www.amazon.com/dp/B0CMR4GYLP?tag=rsvacuum-20,Stick,,-,250,No,Bagless,0.3,50,,Cordless,-,,80,,10.19,9.84,39.68,25.88,24.99,100.79,,4.8,2.18,,Yes,No,No,No,No,Yes,No,Yes,,-,-,,,,,,,,Product Link,$309.00,Yes,3.9,145,https://www.electrolux.com/en/p/floor-care/vacuums/vacuums/EHVS75S1AO?srsltid=AfmBOorsdH6YWghujb_6Ufq0RuAjSNq8Tf-JRcoTkPmRZzjGUsskH5Qd,$309.00
Electrolux,EUR 886 Sanitaire,https://www.amazon.com/dp/B004CEZ596?tag=rsvacuum-20,Upright,,-,-,No,Bagged,-,-,,Corded,50,,79,,12.3,8.5,21.3,31.24,21.59,54.1,,21.6,9.8,,No,No,No,No,No,Yes,No,No,,-,-,,,,,,,,Product Link,$269.00,Yes,3.2,4,,
Electrolux,EHVS85H3AD,https://www.amazon.com/dp/B0BVRSVG56?tag=rsvacuum-20,Stick,,-,400,No,Bagless,0.4,120,,Cordless,-,,79,,11.4,9.8,43.47,28.96,24.89,110.41,,6.3,2.86,,Yes,No,No,No,No,Yes,No,Yes,,-,25,,-,-,-,-,-,-,Product Link,$239.99,Yes,3.7,92,,
EUFY,,,,,,,,,,,,,,,,,,,,,,,,,,,,,,,,,,,,,,,,,,,,,,,,,,,
EUFY,E28 Omni,https://www.amazon.com/dp/B0DR89FBBJ?tag=rsvacuum-20,Robot,,20,-,No,Bagless,3,126,,Cordless,-,,75,,14.63,19.06,18.28,37.16,48.41,46.43,,32.8,14.88,,No,No,No,No,No,Yes,No,No,,-,110,,3,Yes,Yes,Yes,Yes,Yes,Product Link,$999.99,Yes,3.9,29,https://www.eufy.com/products/t2352111?variant=44777786867898,$999.99
EUFY,11S MAX   (Amazon's Choice),https://www.amazon.com/dp/B07R295MLS?tag=rsvacuum-20,Robot,,2,-,No,Bagless,0.6,100,,Cordless,-,,55,,12.79,12.79,2.85,32.49,32.49,7.24,,6.34,2.88,,No,No,No,No,No,Yes,No,No,,-,240,,-,No,No,No,No,Yes,Product Link,$159.99,Yes,4.2,"67,051",https://www.eufy.com/products/t2126113?variant=37765852496058,$279.99
EUFY,Omni S1 Pro,https://www.amazon.com/dp/B0CTY6VT8Y?tag=rsvacuum-20,Robot,,8,-,No,Bagless,0.35,136,,Cordless,-,,60,,12.39,15.08,26.38,31.47,38.3,67.01,,30.4,13.79,,No,No,No,No,No,Yes,No,No,,-,-,,2.5,Yes,Yes,Yes,Yes,Yes,Product Link,"$1,299.99",Yes,4.2,426,https://www.eufy.com/products/t2080111?variant=43804834922682,"$1,499.99"
EUFY,L60,https://www.amazon.com/dp/B0CDB56ZWV?tag=rsvacuum-20,Robot,,5,-,No,Bagless,0.26,120,,Cordless,-,,68,,12.8,13,4,32.51,33.02,10.16,,6.95,3.15,,No,No,No,No,No,Yes,No,Yes,,-,14,,2.5,Yes,No,Yes,Yes,Yes,Product Link,$199.99,Yes,4.2,"15,722",https://www.eufy.com/products/t2267111,$349.99
EUFY,11S (Slim),https://www.amazon.com/dp/B07P2HG9JH?tag=rsvacuum-20,Robot,,13,-,No,Bagless,0.6,100,,Cordless,-,,55,,12.8,12.8,2.85,32.51,32.51,7.24,,5.73,2.6,,No,No,No,No,No,Yes,No,Yes,,-,240,,-,Yes,No,No,No,Yes,Product Link,$119.99,Yes,4.3,"2,697",,
EUFY,15C MAX,https://www.amazon.com/dp/B081GGBQ93?tag=rsvacuum-20,Robot,,2,-,No,Bagless,0.6,100,,Cordless,-,,56,,12.8,12.8,2.85,32.51,32.51,7.24,,5.95,2.7,,No,No,No,No,No,Yes,No,Yes,,-,240,,-,Yes,No,No,No,Yes,Product Link,$95.98,Yes,4.3,637,,
EUFY,G30 Verge,https://www.amazon.com/dp/B0CD7NLSZM?tag=rsvacuum-20,Robot,,2,-,No,Bagless,0.6,100,,Cordless,-,,55,,12.8,12.8,2.85,32.51,32.51,7.24,,5.94,2.69,,No,No,No,No,No,Yes,No,Yes,,-,-,,3.2,Yes,No,Yes,Yes,Yes,Product Link,$109.99,Yes,4.4,79,,
EUFY,C10   (Amazon's Choice),https://www.amazon.com/dp/B0GD1XTMFN?tag=rsvacuum-20,Robot,,4,-,No,Bagless,-,120,,Cordless,-,,-,,12.8,12.8,8.34,32.51,32.51,21.18,,5,2.27,,No,No,No,No,No,Yes,No,No,,-,-,,3,Yes,Yes,Yes,No,Yes,Product Link,$219.99,Yes,4.4,"6,468",,
EUFY,C28,https://www.amazon.com/dp/B0FWK41WF2?tag=rsvacuum-20,Robot,,15,-,No,Bagless,-,140,,Cordless,-,,54.9,,13.77,12.87,4.35,34.98,32.69,11.05,,24,10.89,,No,No,No,No,No,Yes,No,No,,-,-,,3,Yes,Yes,Yes,Yes,Yes,Product Link,$499.98,Yes,4.4,"6,468",,
EUFY,X10 Pro,https://www.amazon.com/dp/B0CPFBBHP4?tag=rsvacuum-20,Robot,,8,-,No,Bagless,-,173,,Cordless,-,,60,,12.5,13,4.5,31.75,33.02,11.43,,26.41,11.98,,No,No,No,No,No,Yes,No,Yes,,-,-,,2.5,Yes,Yes,Yes,Yes,Yes,Product Link,$479.99,Yes,4.1,"3,521",,
EUFY,C20,https://www.amazon.com/dp/B0FS7NMPL4?tag=rsvacuum-20,Robot,,7,-,No,Bagless,-,230,,Cordless,-,,-,,12.91,13.14,3.35,32.79,33.38,8.51,,25.9,11.75,,No,No,No,No,No,Yes,No,Yes,,-,-,,2.5,Yes,Yes,Yes,Yes,Yes,Product Link,$209.99,Yes,4.2,763,,
EUFY,Omni S2,https://www.amazon.com/dp/B0GVYTYNP7?tag=rsvacuum-20,Robot,,30,-,No,Bagless,-,150,,Cordless,-,,59,,12.83,14.09,3.86,32.59,35.79,9.8,,31.97,14.5,,No,No,No,No,No,Yes,No,No,,-,-,,3,Yes,Yes,Yes,Yes,Yes,Product Link,"$1,599.99",Yes,4.4,23,,
EUFY,L50 SES,https://www.amazon.com/dp/B0CWNKBMSJ?tag=rsvacuum-20,Robot,,4,-,No,Bagless,-,120,,Cordless,-,,-,,12.59,12.36,17.51,31.98,31.39,44.48,,12.26,5.56,,No,No,No,No,No,Yes,No,Yes,,-,-,,3,Yes,Yes,Yes,Yes,Yes,Product Link,$169.99,Yes,3.9,53,,
Eureka,,,,,,,,,,,,,,,,,,,,,,,,,,,,,,,,,,,,,,,,,,,,,,,,,,,
Eureka,NEC280TL,https://www.amazon.com/dp/B0CTZSN718?tag=rsvacuum-20,Stick,,-,250,No,Bagless,0.6,40,,Cordless,-,,78,,9.8,6.3,43.3,24.89,16,109.98,,5.3,2.4,,Yes,No,No,No,Yes,Yes,No,Yes,,10,25,,,,,,,,Product Link,$119.98,Yes,4.2,"2,767",https://us.eureka.com/products/eureka-nec280tl-rapidclean-pro-cordless-vacuum-cleaner?srsltid=AfmBOopDVICU_njYm033VCMbaumW4ATTUc76NlG5rfA3MMPma0d12IY_,$149.99
Eureka,ReactiClean 410   (Amazon's Choice),https://www.amazon.com/dp/B0F4DKRM5Z?tag=rsvacuum-20,Stick,,20.3,200,Yes,Bagless,0.6,50,,Cordless,-,,78,,10.04,10.12,49.61,25.5,25.7,126.01,,5.5,2.49,,Yes,No,No,No,No,Yes,No,No,,-,26,,,,,,,,Product Link,$116.98,Yes,5,3,https://us.eureka.com/products/eureka-reacticlean-410-cordless-vacuum-cleaner-lightweight?srsltid=AfmBOoplTrw3PbWaI6_YpirDzucDAuil2jBSptqO7nfWnA2X0b44kO2N,$129.99
Eureka,RapidClean Pro NEC186,https://www.amazon.com/dp/B08XWTSQ5Z?tag=rsvacuum-20,Stick,,-,150,No,Bagless,0.6,40,,Cordless,-,,78,,9.8,6.3,43.3,24.89,16,109.98,,5.1,2.31,,Yes,Yes,No,No,Yes,Yes,No,Yes,,6,25,,,,,,,,Product Link,$126.90,Yes,4,"3,386",https://us.eureka.com/products/rapidclean-pro-2?srsltid=AfmBOorbfmFaFb-A82lub0okIf-NNTa_ELJwMhotbXSmF0QtDEVDbZZy,$154.99
Eureka,NEC490BL,https://www.amazon.com/dp/B0D9XLCP28?tag=rsvacuum-20,Stick,,-,350,Yes,Bagless,0.6,60,,Cordless,-,,78,,13.19,11.22,49.6,33.5,28.5,125.98,,17.64,8,,Yes,No,No,No,Yes,Yes,No,Yes,,-,29,,,,,,,,Product Link,$219.95,Yes,4.2,"2,767",https://us.eureka.com/products/stylus-elite-nec490?srsltid=AfmBOooEZUP-iGDCB0gJ7tc7hBafkNUlvl6pombGjYK-PBWozrlmad-z,$279.99
Eureka,NEC101,https://www.amazon.com/dp/B08YNMQ1MC?tag=rsvacuum-20,Stick,,-,150,No,Bagless,0.5,30,,Cordless,-,,80,,9.9,6.2,43.31,25.15,15.75,110.01,,5,2.27,,Yes,No,No,No,No,Yes,No,Yes,,6.9,22,,,,,,,,Product Link,$99.88,Yes,4,"4,164",https://us.eureka.com/products/lightspeed?srsltid=AfmBOooI3E_3LlyuCr3hZU_qz2vhAvhSZkUEUWIPZTc_0IyRXYtqh44u,$115.99
Eureka,NEC185,https://www.amazon.com/dp/B08XWVX62X?tag=rsvacuum-20,Stick,,-,150,No,Bagless,0.8,40,,Cordless,-,,78,,10.04,8.86,46.5,25.5,22.5,118.11,,5.5,2.49,,Yes,No,No,No,Yes,Yes,No,Yes,,-,25,,,,,,,,Product Link,$169.99,Yes,3.8,"1,758",,
Eureka,J15 Ultra,https://www.amazon.com/dp/B0DZ2GQ4VQ?tag=rsvacuum-20,Robot,,19,-,No,Bagless,3,100,,Cordless,-,,73,,15.55,18.03,18.3,39.5,45.8,46.48,,32.3,14.65,,No,No,No,No,No,No,No,No,,-,-,,3,Yes,Yes,Yes,Yes,Yes,Product Link,$699.99,Yes,4.4,33,https://us.eureka.com/products/j15-pro-ultra?srsltid=AfmBOoqTDzDbDep0Pf7okIxothN54dy3VlcPb2wiQGRGiS9laOrH0CQJ,$999.99
Eureka,E20 Plus,https://www.amazon.com/dp/B0DDXVGX8X?tag=rsvacuum-20,Robot,,8,-,No,Bagless,2,180,,Cordless,-,,-,,13.8,3.8,13.8,35.05,9.65,35.05,,23.7,10.75,,No,No,No,No,No,No,No,No,,-,14,,2,Yes,Yes,Yes,Yes,Yes,Product Link,$499.99,Yes,4.2,647,https://us.eureka.com/products/eureka-e20plus?srsltid=AfmBOortcZP2Lswkwb_wOmdoMzMTRXjAc0oXzB8pvjCaZJVm0d9kaJIE,$499.99
Eureka,J15 Pro Ultra,https://www.amazon.com/dp/B0DKJDV2K7?tag=rsvacuum-20,Robot,,16.2,-,No,Bagless,3,240,,Cordless,-,,73,,18.3,16.1,18.4,46.48,40.89,46.74,,32.8,14.88,,No,No,No,No,No,No,No,No,,-,-,,3,Yes,Yes,Yes,Yes,Yes,Product Link,$999.99,Yes,4,256,https://us.eureka.com/products/j15-pro-ultra?srsltid=AfmBOop7jvzOfP6uOdxx4ZvKpMTAwQHQHaF6ipOLj6BCg-jANma-Dm7l,$999.99
Eureka,J20,https://www.amazon.com/dp/B0D12HGBF2?tag=rsvacuum-20,Robot,,8,-,No,Bagless,3,130,,Cordless,-,,-,,19.49,16.93,26.46,49.5,43,67.21,,46.1,20.91,,No,No,No,No,No,No,No,No,,-,14,,3,Yes,Yes,Yes,Yes,Yes,Product Link,$644.09,Yes,4,256,https://us.eureka.com/products/eureka-j20?srsltid=AfmBOopGV9sfg-8zj_aHfVDaxOCH0Gvw9wSCCyrsggrl7M6rZO-NxY7D,$899.99
Eureka,NER E10s,https://www.amazon.com/dp/B0CKXLZPXV?tag=rsvacuum-20,Robot,,4,-,Yes,Bagless,2,180,,Cordless,-,,67.3,,13.8,13.8,3.9,35.05,35.05,9.91,,23.4,10.61,,No,No,No,No,No,No,No,No,,-,110,,2,Yes,Yes,Yes,Yes,Yes,Product Link,$399.99,Yes,3.9,"1,643",https://us.eureka.com/products/e10s?srsltid=AfmBOop_jUcKzPamrKZVQDIncYnCiz67KAOyLf9eLnj33MQ0O6Vh_T7v,$549.99
Eureka,NEU181A   (Amazon's Choice),https://www.amazon.com/dp/B091SWWH59?tag=rsvacuum-20,Upright,,13,960,No,Bagless,2.6,-,,Corded,25,,88,,13.4,14,44.5,34.04,35.56,113.03,,10,4.54,,Yes,No,Yes,Yes,Yes,Yes,No,No,,8,120,,,,,,,,Product Link,$89.99,Yes,4.3,"60,255",https://us.eureka.com/products/eureka-powerspeed-bagless-upright-vacuum-cleaner-pet-turbo-neu181a?srsltid=AfmBOorGLcZXoodonVvIyBclKz-QS7mEiDQEbDl8kC-xCGVWta2N6UfS,$99.99
Eureka,NEU202   (Amazon's Choice),https://www.amazon.com/dp/B07MKGNSGG?tag=rsvacuum-20,Upright,,13,960,No,Bagless,2.1,-,,Corded,25,,88,,13.78,13.4,44.5,35,34.04,113.03,,12.3,5.58,,Yes,Yes,Yes,No,No,Yes,Yes,Yes,,8,120,,,,,,,,Product Link,$149.78,Yes,4,"9,944",,
Eureka,NEU280   (Amazon's Choice),https://www.amazon.com/dp/B08MF9HQVX?tag=rsvacuum-20,Upright,,13,960,No,Bagless,1.9,-,,Corded,25,,88,,13.4,13.78,44.5,34.04,35,113.03,,11.5,5.22,,Yes,Yes,No,No,No,Yes,No,Yes,,8,120,,,,,,,,Product Link,$69.98,Yes,4.3,"60,255",,
Eureka,NEU181D,https://www.amazon.com/dp/B09YM1ZPR2?tag=rsvacuum-20,Upright,,13,960,No,Bagless,2.6,-,,Corded,25,,88,,13.4,14,44.5,34.04,35.56,113.03,,10,4.54,,Yes,Yes,Yes,No,No,Yes,No,No,,8,120,,,,,,,,Product Link,$79.99,Yes,4.3,"60,255",https://us.eureka.com/products/powerspeed-lightweight-powerful-upright-vacuum-cleaner-neu181d?srsltid=AfmBOop1TgAnTs2mZKAgzK7rLvyMXFXC2TPV8Tz3w5q562vSL3xpN9kB,$89.99
Eureka,NEN180   (Amazon's Choice),https://www.amazon.com/dp/B0CCV2DX37?tag=rsvacuum-20,Canister,,16,960,Yes,Bagless,2,-,,Corded,17.1,,80,,16.14,10.43,9.45,41,26.49,24,,13.2,5.99,,Yes,Yes,Yes,No,No,Yes,Yes,No,,8.3,120,,,,,,,,Product Link,$116.81,Yes,4.2,"39,374",https://us.eureka.com/products/nen180-bagless-canister?srsltid=AfmBOopbM2hr7qO1fy-VhzNfTEEJlgon6SCYR0NCvvoFBL1cSeDcmpUf,$124.99
Eureka,NEN110A  (Amazon's Choice),https://www.amazon.com/dp/B07GB4S9H5?tag=rsvacuum-20,Canister,,16,1800,No,Bagless,1.3,-,,Corded,16,,82,,14.17,12.2,9.65,35.99,30.99,24.51,,8.15,3.7,,Yes,No,No,Yes,Yes,Yes,Yes,Yes,,8,120,,,,,,,,Product Link,$79.99,Yes,4.2,"39,374",https://us.eureka.com/products/whirlwind-bagless-canister-2-5l-vacuum-cleaner-nen110a?srsltid=AfmBOooUw4GtSO8kiu2To9JVfZVYKEKJtzWMjwUWeliOuHUlBN1Crzqt,$79.99
Eureka,3670M   (Amazon's Choice),https://www.amazon.com/dp/B08671LHZB?tag=rsvacuum-20,Canister,,-,1200,No,Bagged,2.5,-,,Corded,20,,90,,11.8,10.6,20.6,29.97,26.92,52.32,,8.6,3.9,,Yes,No,No,Yes,Yes,No,No,Yes,,12,110,,,,,,,,Product Link,$73.71,Yes,4.3,"16,297",https://us.eureka.com/products/eureka-3670m-canister-cleaner?srsltid=AfmBOopZWyLXJ6h2TPzldYQfEtlIfiaTZ-dvtms4vB_EtV5X4V65ta2t,$82.99
Eureka,3670H   (Amazon's Choice),https://www.amazon.com/dp/B014P3BL5U?tag=rsvacuum-20,Canister,,-,1200,No,Bagged,2.5,-,,Corded,20,,90,,17.5,9,11.3,44.45,22.86,28.7,,8.6,3.9,,Yes,No,No,Yes,Yes,No,No,Yes,,12,120,,,,,,,,Product Link,$69.00,Yes,4.3,"16,297",https://us.eureka.com/products/eureka-bagged-canister-vacuum-cleaner-3670h?srsltid=AfmBOoosF-ZY2WDMpe3p9zD9wniZEqF8c4Z77wGiiX4b-_0shisn4jIX,$82.99
EyeVac,,,,,,,,,,,,,,,,,,,,,,,,,,,,,,,,,,,,,,,,,,,,,,,,,,,
EyeVac,EVPRO-B   (Amazon's Choice),https://www.amazon.com/dp/B0011G20QY?tag=rsvacuum-20,Canister,,-,1400,No,Bagless,4.8,-,,Corded,6,,75,,13.5,9,20.5,34.29,22.86,52.07,,14,6.35,,No,No,No,No,No,Yes,No,Yes,,7.2,120,,-,-,-,-,-,-,Product Link,$229.00,Yes,4.7,"15,402",https://eyevac.com/products/eyevac-pro-touchless-vacuum-automatic-dustpan-ultra-fast-powerful-great-for-sweeping-salon-pet-hair-food-dirt-kitchen-corded-canister-vacuum-bagless-automatic-sensors-1400-watt?srsltid=AfmBOoqjkxVmJB1sEO2UJroo6SmditvSmrf79103rlGKWYknJkkVyk12&Color=Black,$229.00
EyeVac,EVH-W   (Amazon's Choice),https://www.amazon.com/dp/B00RVMC58U?tag=rsvacuum-20,Canister,,-,1000,No,Bagless,4,-,,Corded,6,,75,,13,8,18,33.02,20.32,45.72,,7.6,3.45,,No,No,No,No,No,Yes,No,Yes,,8,120,,-,-,-,-,-,-,Product Link,$169.00,Yes,4.6,"15,414",https://eyevac.com/products/eyevac-home-touchless-vacuum-automatic-dustpan-great-for-sweeping-pet-hair-food-dirt-kitchen-ultra-fast-powerful-corded-canister-vacuum-bagless-automatic-sensors-1000-watt?srsltid=AfmBOoqb_Px9P3c2cfusNUWs9r7eS_Ieud8tOQPuzTY6-noKdyVGhE-G&Color=White,$169.00
EyeVac,EVA-WWC,https://www.amazon.com/dp/B0D92WZZSQ?tag=rsvacuum-20,Canister,,-,1000,Yes,Bagless,3.2,-,,Corded,-,,82,,14.38,8.81,19.5,36.53,22.38,49.53,,10,4.54,,No,No,No,No,No,No,No,Yes,,-,120,,-,-,-,-,-,-,Product Link,$249.00,Yes,4.6,323,https://eyevac.com/products/eyevac-air?srsltid=AfmBOopTBM5PPUhWxzONZZ8AB80Mq9sujyZR2bJoZp4KwfOpiMSsvH6X&Color=White+w%2F+Silver+Canister,$249.00
FABULETTA,,,,,,,,,,,,,,,,,,,,,,,,,,,,,,,,,,,,,,,,,,,,,,,,,,,
FABULETTA,FSV001,https://www.amazon.com/dp/B0DJ951SNK?tag=rsvacuum-20,Stick,,35,250,No,Bagless,1.2,50,,Cordless,-,,63,,17.4,10.5,7.6,44.2,26.67,19.3,,7.41,3.36,,Yes,No,No,Yes,No,No,No,Yes,,-,26,,,,,,,,Product Link,$89.99,Yes,4.3,450,https://www.fabuletta.com/products/cordless-vacuum-fsv001?srsltid=AfmBOopRNJt7X0db6c_qIWKdXy3Rmv18qbcGGlBVSR3Ik-xyZLwcHeBH,$129.99
FABULETTA,SV002,https://www.amazon.com/dp/B0D54BPTTB?tag=rsvacuum-20,Stick,,32,400,Yes,Bagless,1.6,47,,Cordless,-,,65,,17.2,10.5,7.4,43.69,26.67,18.8,,7.2,3.27,,No,No,No,No,No,Yes,No,Yes,,-,26,,,,,,,,Product Link,$79.99,Yes,4.1,255,,
FABULETTA,FSV003,https://www.amazon.com/dp/B0CQPBKSH2?tag=rsvacuum-20,Stick,,38,380,No,Bagless,1.5,50,,Cordless,-,,75,,17.5,11.8,7.6,44.45,29.97,19.3,,5.5,2.49,,Yes,No,No,Yes,No,No,No,Yes,,-,26,,,,,,,,Product Link,$89.99,Yes,4,138,https://www.fabuletta.com/products/cordless-vacuum-fsv003?srsltid=AfmBOoo2ivNFKbQtmqwcW995EXi8l3JJ0uvIgPYpzEKSaQ-tgn0qB3xj,$119.99
FABULETTA,FSV006 Pro,https://www.amazon.com/dp/B0D5CYC2G9?tag=rsvacuum-20,Stick,,38,500,Yes,Bagless,1.2,55,,Cordless,-,,75,,17,11,7,43.18,27.94,17.78,,1.2,0.54,,Yes,No,No,Yes,Yes,Yes,No,Yes,,-,26,,,,,,,,Product Link,$89.99,Yes,4.3,471,https://www.fabuletta.com/products/fabuletta-fsv006-38kpa-cordless-vacuum?srsltid=AfmBOoo3VY5O-OOAkw-CeNZYSlbzu2MeNuOZ59w5hKUrvC6PLX-O8iuG,$129.99
FABULETTA,FSV009,https://www.amazon.com/dp/B0D4ZBJXM4?tag=rsvacuum-20,Stick,,40,450,Yes,Bagless,1.5,55,,Cordless,-,,63,,17.1,11.6,7.3,43.43,29.46,18.54,,3.5,1.59,,Yes,No,No,Yes,Yes,Yes,No,Yes,,-,26,,,,,,,,Product Link,$75.99,Yes,4.2,90,,
FABULETTA,FSV011,https://www.amazon.com/dp/B0CSW9F2VM?tag=rsvacuum-20,Stick,,24,600,Yes,Bagless,1,-,,Corded,23,,65,,11.9,11.6,7.48,30.23,29.46,19,,3,1.36,,Yes,No,No,Yes,Yes,Yes,No,No,,-,120,,,,,,,,Product Link,$106.28,Yes,3.9,296,,
Fanttik,,,,,,,,,,,,,,,,,,,,,,,,,,,,,,,,,,,,,,,,,,,,,,,,,,,
Fanttik,Slim V8 Apex,https://www.amazon.com/dp/B0CQYTNNW7?tag=rsvacuum-20,Handheld,,19,120,Yes,Bagless,0.12,40,,Cordless,-,,75,,2.16,2.16,12.13,5.49,5.49,30.81,,1.1,0.5,,Yes,No,Yes,No,No,Yes,No,Yes,,-,11,,,,,,,,Product Link,$69.99,Yes,4.3,"2,679",https://fanttik.com/products/fanttik-slim-v8-apex-car-vacuum?srsltid=AfmBOooQdrzmFVWQyuBIKSc1TlJmI1J9WFv16qITKMeisijtc8EBmbOH,$99.99
Fanttik,Slim V10 Apex  (Amazon's Choice),https://www.amazon.com/dp/B0DXVJ5Y39?tag=rsvacuum-20,Handheld,,19,120,Yes,Bagless,0.12,30,,Cordless,-,,70,,12.5,6.5,2.16,31.75,16.51,5.49,,1.1,0.5,,Yes,No,Yes,No,No,Yes,No,Yes,,-,11,,,,,,,,Product Link,$99.99,Yes,4.7,47,https://fanttik.com/products/fanttik-slim-v10-apex-cordless-car-vacuum?srsltid=AfmBOoqHz8lgSnLF6iU_KvB1sffvt5_metiJwN3fip263A3gAKknJReB,$109.99
Fanttik,Fold V10 Apex   (Amazon's Choice),https://www.amazon.com/dp/B0CQBYDQTV?tag=rsvacuum-20,Handheld,,17,130,Yes,Bagless,1.1,13,,Cordless,-,,75,,11.7,5.7,5.31,29.72,14.48,13.49,,2.6,1.18,,Yes,No,Yes,No,No,Yes,No,Yes,,-,15,,,,,,,,Product Link,$85.99,Yes,4.3,310,https://fanttik.com/products/fanttik-dynamicclean%E2%84%A2-v10-apex-pivoting-car-vacuum?srsltid=AfmBOopNQKAwc0IBreqiBP3CTNzYoQZpW7xbTnvfPp6PBwtcXJtg9rVY,$129.99
Fanttik,Slim V10 Mix   (Amazon's Choice),https://www.amazon.com/dp/B0DG1KQ9QJ?tag=rsvacuum-20,Handheld,,16,100,Yes,Bagless,0.12,13,,Cordless,-,,70,,8.85,6.6,2.16,22.48,16.76,5.49,,1.1,0.5,,Yes,No,No,No,No,Yes,No,Yes,,-,11,,,,,,,,Product Link,$79.99,Yes,4.3,102,https://fanttik.com/products/fanttik-slim-v10-mix-car-vacuum?srsltid=AfmBOoolRChEwda4un-PDTPIIRJerazMqW2nrXCaKqDYu7Yz5jvsjw_3,$89.99
Fanttik,Cruise V9,https://www.amazon.com/dp/B0CTH6S8CR?tag=rsvacuum-20,Handheld,,15,100,Yes,Bagless,0.6,30,,Cordless,-,,75,,10.74,8.15,5.31,27.28,20.7,13.49,,2.6,1.18,,Yes,No,No,No,No,Yes,No,Yes,,-,11,,,,,,,,Product Link,$79.99,Yes,4.4,56,https://fanttik.com/products/fanttik-robustclean-v9-handheld-vacuum-cleaner-white?srsltid=AfmBOorznrB-FKEanVY-YuvkpVamGXAapQWNp6e0JXABu0FGwZ35duhm,$89.99
Fanttik,Fold V10 Ultra Deluxe   (Amazon's Choice),https://www.amazon.com/dp/B0DBV4WRDY?tag=rsvacuum-20,Handheld,,17,165,Yes,Bagless,0.5,35,,Cordless,-,,70,,5.7,5.3,11.9,14.48,13.46,30.23,,1.1,0.5,,Yes,No,No,No,No,Yes,No,Yes,,-,19,,,,,,,,Product Link,$109.99,Yes,4.6,76,https://fanttik.com/products/fanttik-fold-v10-ultra-deluxe-handheld-vacuum?srsltid=AfmBOoqwDpluMedcmUo_cp-nU87H95wfHaZ9zbZWg847KQD63IBrrrN4,$109.99
Fanttik,Slim V9 Mix,https://www.amazon.com/dp/B0CQYRYKR3?tag=rsvacuum-20,Handheld,,12,80,Yes,Bagless,0.12,30,,Cordless,-,,75,,6.5,2.1,8.8,16.51,5.33,22.35,,0.95,0.43,,Yes,No,No,No,No,Yes,No,Yes,,-,7,,,,,,,,Product Link,$66.99,Yes,4.2,365,https://fanttik.com/products/fanttik-slim-v9-mix-car-vacuum?srsltid=AfmBOoq1a2vXM7_qfYNXdUchJTW4u2414ZgV1Blyj4XLbL-8ohdjpAc7,$79.99
Fanttik,Slim V10 Mate    (Amazon's Choice),https://www.amazon.com/dp/B0DSJFDL8F?tag=rsvacuum-20,Handheld,,17,110,Yes,Bagless,1.1,15,,Cordless,-,,70,,12.5,6.5,2.16,31.75,16.51,5.49,,1.1,0.5,,Yes,No,No,No,No,Yes,No,Yes,,-,11,,,,,,,,Product Link,$84.99,Yes,4.4,41,https://fanttik.com/products/fanttik-slim-v10-mate-cordless-car-vacuum?srsltid=AfmBOoq6EPwJqp9jGEKum-FVncjkLaCOXLZXv75GtO3S3FqlCnxPd1PW,$99.99
Fanttik,V9 Mate,https://www.amazon.com/dp/B0DWK9RCWG?tag=rsvacuum-20,Handheld,,13,-,Yes,Bagless,0.6,30,,Cordless,-,,70,,10.28,7.44,4.8,26.11,18.9,12.19,,2.2,1,,Yes,No,No,No,No,Yes,No,Yes,,-,11,,,,,,,,Product Link,$29.99,Yes,4.3,27,https://fanttik.com/products/fanttik-robustclean-v9-handheld-vacuum-cleaner-white?srsltid=AfmBOopZpbO7HEXoHAyF9jLdRmatiefB-4BUMAby3oO-dOIxOVh9iyOR,$89.99
Fanttik,Fold V10 Mate Pivot,https://www.amazon.com/dp/B0CBJVMRQ2?tag=rsvacuum-20,Handheld,,14,-,Yes,Bagless,0.5,30,,Cordless,-,,70,,11.97,5.7,5.31,30.4,14.48,13.49,,2.9,1.32,,Yes,No,No,No,No,Yes,No,Yes,,-,11,,,,,,,,Product Link,$59.99,Yes,3.9,38,https://fanttik.com/products/fanttik-dynamicclean%E2%84%A2-v10-apex-pivoting-car-vacuum?srsltid=AfmBOopraBmDmAyMvdNHBRty-cg9RU1XXTRa2ilvKieH6cA1Di5bGlGE,$129.99
Fanttik,Slim V8 Mate,https://www.amazon.com/dp/B0B9447P5P?tag=rsvacuum-20,Handheld,,12,90,Yes,Bagless,0.12,30,,Cordless,-,,76,,12.13,2.17,2.17,30.81,5.51,5.51,,1.65,0.75,,Yes,No,No,No,No,Yes,No,Yes,,-,11,,,,,,,,Product Link,$49.99,Yes,4.2,"2,138",https://fanttik.com/products/fanttik-v8-mate-cordless-car-vacuum?srsltid=AfmBOopMdN2wSHKPftjQXtQWXgIV5TAgny_ohhnOL4Ng1-MIz-qdhMC5,$79.99
Filter Queen,,,,,,,,,,,,,,,,,,,,,,,,,,,,,,,,,,,,,,,,,,,,,,,,,,,
Filter Queen,M11NA-NAL,https://www.amazon.com/dp/B0BCX9MVZL?tag=rsvacuum-20,Canister,,-,1380,Yes,Bagless,2.3,-,,Corded,7,,79,,15,15,15,38.1,38.1,38.1,,12,5.44,,Yes,Yes,No,No,No,Yes,No,No,,11.5,120,,-,-,-,-,-,-,Product Link,"$1,999.00",Yes,4.2,44,,
Fdit,,,,,,,,,,,,,,,,,,,,,,,,,,,,,,,,,,,,,,,,,,,,,,,,,,,
Fdit,Robot Vacuum,https://www.amazon.com/dp/B0BZPYXNFR?tag=rsvacuum-20,Robot,,-,4,No,Bagless,-,20,,Cordless,-,,-,,-,-,-,-,-,-,,0.22,0.1,,No,No,No,No,No,No,No,No,,-,5,,-,No,No,Yes,Yes,Yes,Product Link,$25.96,Yes,3.2,36,,
Fdit,FAYYba684gdw17-12,https://www.amazon.com/dp/B0BRGZQGML?tag=rsvacuum-20,Handheld,,9,120,No,Bagless,-,40,,Cordless,-,,-,,-,-,-,-,-,-,,1.04,0.47,,No,No,No,No,No,Yes,No,No,,-,7,,,,,,,,Product Link,$53.58,Yes,0,0,,
FEPPO,,,,,,,,,,,,,,,,,,,,,,,,,,,,,,,,,,,,,,,,,,,,,,,,,,,
FEPPO,LW-P1012,https://www.amazon.com/dp/B0DNK7RHZS?tag=rsvacuum-20,Handheld,,16,500,Yes,Bagless,1.1,-,,Corded,16.4,,-,,9.84,11.89,7.68,24.99,30.2,19.51,,1,0.45,,No,No,No,No,No,Yes,No,No,,-,110,,,,,,,,Product Link,$69.98,Yes,4.5,339,https://www.feppo.com/products/feppo-mattress-vacuum-cleaner,$99.99
FEPPO,LW-P1012 (White)   (Amazon's Choice),https://www.amazon.com/dp/B0DNKB3YHJ?tag=rsvacuum-20,Handheld,,16,500,Yes,Bagless,1.1,-,,Corded,16.4,,-,,9.84,11.89,7.68,24.99,30.2,19.51,,1,0.45,,No,No,No,No,No,Yes,No,No,,-,110,,,,,,,,Product Link,$79.99,Yes,4.5,339,https://www.feppo.com/products/feppo-mattress-vacuum-cleaner?variant=49888472596768,$99.99
FEPPO,CJ-C11B,https://www.amazon.com/dp/B0GYP1B1DC?tag=rsvacuum-20,Stick,,-,-,Yes,Bagless,1.8,70,,Cordless,-,,-,,7.87,9.44,34.64,19.99,23.98,87.99,,5.73,2.6,,Yes,No,No,No,No,Yes,No,Yes,,-,120,,-,-,-,-,-,-,Product Link,$129.99,Yes,4.8,39,,
Fieety,,,,,,,,,,,,,,,,,,,,,,,,,,,,,,,,,,,,,,,,,,,,,,,,,,,
Fieety,U15,https://www.amazon.com/dp/B0GCDTSDH9?tag=rsvacuum-20,Stick,,50,600,Yes,Bagless,1.6,130,,Cordless,-,,62,,17.32,12.99,7.48,43.99,32.99,19,,6.52,2.96,,Yes,Yes,Yes,Yes,Yes,Yes,Yes,No,,-,29.6,,-,-,-,-,-,-,Product Link,$189.99,Yes,4.9,125,,
Fieety,Ultra 10   (Amazon's Choice),https://www.amazon.com/dp/B0FJ1RGCSP?tag=rsvacuum-20,Stick,,55,650,Yes,Bagless,1.6,70,,Cordless,-,,62,,10,7.7,47.4,25.4,19.56,120.4,,6,2.72,,Yes,Yes,Yes,Yes,Yes,Yes,Yes,No,,-,29.6,,-,-,-,-,-,-,Product Link,$169.99,Yes,4.4,"2,540",,
Fieety,V9,https://www.amazon.com/dp/B0FT2LTJRF?tag=rsvacuum-20,Stick,,55,650,Yes,Bagless,1.5,70,,Cordless,-,,62,,16.5,12.6,7.5,41.91,32,19.05,,6,2.72,,Yes,Yes,Yes,Yes,Yes,Yes,No,Yes,,-,28,,-,-,-,-,-,-,Product Link,$169.99,Yes,4.5,"1,095",,
FUGACAL,,,,,,,,,,,,,,,,,,,,,,,,,,,,,,,,,,,,,,,,,,,,,,,,,,,
Fugacal,FA-DB01,https://www.amazon.com/dp/B0DCP1Z3KK?tag=rsvacuum-20,Stick,,23,-,Yes,Bagless,7.7,42,,Cordless,-,,-,,17.3,10.6,7.4,43.94,26.92,18.8,,7.3,3.31,,Yes,No,No,Yes,No,Yes,No,Yes,,-,22,,,,,,,,Product Link,$59.87,Yes,4.2,14,,
GLOGLOW,,,,,,,,,,,,,,,,,,,,,,,,,,,,,,,,,,,,,,,,,,,,,,,,,,,
Gloglow,Gloglowoiibv-11,https://www.amazon.com/dp/B09TYVJLLV?tag=rsvacuum-20,Handheld,,-,120,No,Bagless,-,-,,Corded,-,,-,,5.71,-,1.97,14.5,-,5,,0.26,0.12,,No,No,No,No,No,No,No,No,,-,4,,,,,,,,Product Link,$17.14,Yes,5,3,,
Gloglow,Handheld Keyboard Vacuum,https://www.amazon.com/dp/B09RZVSPG9?tag=rsvacuum-20,Handheld,,-,-,No,Bagless,-,-,,Corded,-,,-,,5.71,-,1.97,14.5,-,5,,0.26,0.12,,No,No,No,No,No,No,No,No,,-,5,,,,,,,,Product Link,$17.19,Yes,2.6,3,,
Greenworks,,,,,,,,,,,,,,,,,,,,,,,,,,,,,,,,,,,,,,,,,,,,,,,,,,,
Greenworks,GRV-1010,https://www.amazon.com/dp/B096Z2J68Y?tag=rsvacuum-20,Robot,,2.2,-,No,Bagless,0.58,90,,Cordless,-,,-,,20.5,17,5,52.07,43.18,12.7,,11,4.99,,No,No,No,No,No,No,No,Yes,,-,14,,-,Yes,No,Yes,No,Yes,Product Link,$68.99,Yes,3.9,263,https://www.greenworkstools.com/products/grv-1010-smart-app-controlled-robot-vacuum?srsltid=AfmBOopNmZLUYHLFYQjzAWJsUVeSJhXHbFDXAptSjOCi7XiNZdScRWi1,$249.99
Greenworks,SVG24L411,https://www.amazon.com/dp/B09KTBMKZF?tag=rsvacuum-20,Stick,,-,500,Yes,Bagless,-,45,,Cordless,-,,-,,12,11.8,39.4,30.48,29.97,100.08,,15.07,6.84,,Yes,No,Yes,No,Yes,Yes,No,Yes,,20.8,24,,,,,,,,Product Link,$193.99,Yes,4.1,685,https://www.greenworkstools.com/products/24v-brushless-cordless-stick-vacuum-w-4-0-ah-usb-c-battery-charger-green?srsltid=AfmBOorx9jO89MXEPj1qXZU30AFjXjHUP01m-c08Qo52yyecTP7qQ1eB,$159.99
Greenworks,WDV24L210,https://www.amazon.com/dp/B0BGL79V9Y?tag=rsvacuum-20,Canister,,7.5,450,Yes,Bagless,10.9,-,,Cordless,-,,78,,19.69,13.78,11.61,50.01,35,29.49,,13.12,5.95,,Yes,No,No,No,No,Yes,No,No,,-,24,,,,,,,,Product Link,$109.99,Yes,4.3,105,https://www.greenworkstools.com/products/24v-brushless-3-gallon-cordless-battery-wet-dry-vacuum-1-4-0ah-usb-batterry-and-charger?srsltid=AfmBOoqRASWm6aLoB4nG5J_sLv2BwZDRtceqKerb00AH8uYSD9kdV6yt,$119.99
Greenworks,VUA801,https://www.amazon.com/dp/B09GZFBKPW?tag=rsvacuum-20,Canister,,22.5,1192,Yes,Bagless,34,-,,Corded,10,,-,,19.3,18.11,20.47,49.02,46,51.99,,22.2,10.07,,No,No,No,Yes,Yes,Yes,No,No,,-,120,,,,,,,,Product Link,$169.99,Yes,4.6,31,https://www.greenworkstools.com/collections/12-days-of-christmas/products/ac-9gal-wet-dry-vacuum?srsltid=AfmBOopMv2RuMJiNzaMfcmkuqIuli7KGxr9tbgynls5_SRyozFK6ufWT,$169.99
Gtech,,,,,,,,,,,,,,,,,,,,,,,,,,,,,,,,,,,,,,,,,,,,,,,,,,,
Gtech,MK2 K9,https://www.amazon.com/dp/B071152J3S?tag=rsvacuum-20,Canister,,-,140,No,Bagless,0.4,20,,Cordless,-,,65,,14.96,4.72,9.45,38,11.99,24,,22,9.98,,Yes,No,No,No,No,Yes,No,No,,-,22,,,,,,,,Product Link,$142.99,Yes,4.5,"3,138",,
Gtech,AR46,https://www.amazon.com/dp/B0CBVHLV75?tag=rsvacuum-20,Stick,,-,-,Yes,Bagless,0.8,60,,Cordless,-,,79,,11.7,10.2,44.1,29.72,25.91,112.01,,7.28,3.3,,No,No,No,No,No,Yes,No,No,,-,22,,,,,,,,Product Link,$219.00,Yes,4.3,"11,501",,
Gtech,AR30,https://www.amazon.com/dp/B071DN9D9S?tag=rsvacuum-20,Stick,,-,100,Yes,Bagless,0.8,40,,Cordless,-,,68,,10.1,11.7,44.1,25.65,29.72,112.01,,7,3.18,,No,No,No,No,No,Yes,No,No,,-,-,,-,-,-,-,-,-,Product Link,$189.99,Yes,4.4,"2,172",,
Gtech,AR29,https://www.amazon.com/dp/B06VY1KB42?tag=rsvacuum-20,Stick,,-,100,No,Bagless,0.8,40,,Cordless,-,,70,,10.1,11.7,44.1,25.65,29.72,112.01,,7,3.18,,No,No,No,No,No,Yes,No,No,,5,22,,-,-,-,-,-,-,Product Link,$229.99,Yes,4.4,"10,101",,
Gtech,AirRam 3 Red Threading (Amazon's Choice),https://www.amazon.com/dp/B0DC71MW8F?tag=rsvacuum-20,Stick,,-,-,No,Bagless,0.8,30,,Cordless,-,,30,,11.8,9.8,44.1,29.97,24.89,112.01,,8.38,3.8,,No,No,No,No,No,Yes,No,No,,-,20,,-,-,-,-,-,-,Product Link,$299.99,Yes,4.1,135,,
Gtech,AR46+ATF061,https://www.amazon.com/dp/B0CDLHJS6V?tag=rsvacuum-20,Stick,,-,140,No,Bagless,1.2,45,,Cordless,-,,68,,11.73,10.2,44.09,29.79,25.91,111.99,,16.31,7.4,,Yes,No,No,No,No,Yes,No,No,,-,22,,,,,,,,Product Link,$384.99,Yes,4.4,241,,
Henry,,,,,,,,,,,,,,,,,,,,,,,,,,,,,,,,,,,,,,,,,,,,,,,,,,,
Henry,Hetty,https://www.amazon.com/dp/B01K4OQYW4?tag=rsvacuum-20,Canister,,,620,Yes,Bagless,6,-,,Corded,33,,72,,13.39,12.6,13.58,34.01,32,34.49,,16.53,7.5,,Yes,No,No,No,No,Yes,Yes,No,,2.6,240,,-,-,-,-,-,-,Product Link,$398.98,Yes,4.8,"5,448",,
Haofy,,,,,,,,,,,,,,,,,,,,,,,,,,,,,,,,,,,,,,,,,,,,,,,,,,,
Haofy,Haofyo4fpmx7ue5,https://www.amazon.com/dp/B0DZHZJJWW?tag=rsvacuum-20,Robot,,1.8,4,No,Bagless,-,-,,Cordless,-,,-,,6.49,6.49,6.5,16.48,16.48,16.51,,0.69,0.31,,No,No,No,No,No,No,No,No,,-,-,,-,No,No,No,Yes,No,Product Link,$19.31,Yes,-,-,,
Haofy,Haofy5z0wp3cao4,https://www.amazon.com/dp/B0CPLV2MQJ?tag=rsvacuum-20,Robot,,-,-,No,Bagless,-,-,,Cordless,-,,-,,9.93,9.3,2.2,25.22,23.62,5.59,,1.12,0.51,,No,No,No,No,No,No,No,No,,-,-,,-,No,No,No,Yes,No,Product Link,$33.73,Yes,-,-,,
Haofy,Haofyvr5i6qg8792018,https://www.amazon.com/dp/B0B2KMJWWM?tag=rsvacuum-20,Robot,,-,-,No,Bagless,-,120,,Cordless,-,,60,,15.83,12.4,3.31,40.21,31.5,8.41,,0.25,0.11,,No,No,No,No,No,No,No,No,,-,5,,-,No,No,No,Yes,No,Product Link,$80.72,Yes,-,-,,
Haofy,Haofyg9ayx63ief,https://www.amazon.com/dp/B0DDPDJ185?tag=rsvacuum-20,Handheld,,9,5,No,Bagless,-,25,,Cordless,-,,-,,10.24,7.48,2.76,26.01,19,7.01,,1.04,0.47,,No,No,No,No,No,No,No,No,,-,-,,,,,,,,Product Link,$32.80,Yes,-,-,,
Hoover,,,,,,,,,,,,,,,,,,,,,,,,,,,,,,,,,,,,,,,,,,,,,,,,,,,
Hoover,BH53422V (Amazon's Choice),https://www.amazon.com/dp/B0C1QHF68W?tag=rsvacuum-20,Stick,,-,210,No,Bagless,1,48,,Cordless,-,,-,,8,27,12,20.32,68.58,30.48,,8.2,3.72,,No,No,No,No,No,No,No,Yes,,-,20,,,,,,,,Product Link,$182.79,Yes,4,"6,342",,
Hoover,BH53605V (Amazon's Choice),https://www.amazon.com/dp/B0CMYW2YRF?tag=rsvacuum-20,Stick,,-,265,No,Bagless,0.4,45,,Cordless,-,,-,,7.5,10.5,44.25,19.05,26.67,112.4,,7.3,3.31,,Yes,Yes,No,No,No,No,No,Yes,,-,20,,,,,,,,Product Link,$139.99,Yes,4.1,"3,505",https://hoover.com/products/onepwr-emerge-cordless-stick-vacuum-v2?bvstate=pg:6/ct:r,$179.99
Hoover,UH77200V,https://www.amazon.com/dp/B0CN1PH2R3?tag=rsvacuum-20,Upright,,-,265,Yes,Bagless,1.5,-,,Corded,30,,-,,13.5,11,46,34.29,27.94,116.84,,16,7.26,,Yes,No,No,No,Yes,Yes,No,Yes,,-,120,,,,,,,,Product Link,$214.99,Yes,4.2,"7,331",https://hoover.com/products/windtunnel-all-terrain-with-led-crevice-tool,$239.99
Hoover,UH77100,https://www.amazon.com/dp/B0C7RKH5X9?tag=rsvacuum-20,Upright,,-,1320,Yes,Bagless,1.5,-,,Corded,10,,84,,13.5,10.75,31.25,34.29,27.31,79.38,,15,6.8,,Yes,No,No,No,Yes,Yes,No,No,,6,100,,,,,,,,Product Link,$182.39,Yes,4.2,"7,331",https://hoover.com/products/windtunnel-tangle-guard-upright-vacuum,$199.99
Hoover,BH57400V,https://www.amazon.com/dp/B0CJ459QKK?tag=rsvacuum-20,Handheld,,-,20,No,Bagless,1,15,,Cordless,-,,70,,8.13,5.95,18,20.65,15.11,45.72,,3.53,1.6,,Yes,No,No,No,No,No,No,No,,-,20,,,,,,,,Product Link,$89.99,Yes,4.2,175,https://hoover.com/products/onepwr-20v-hand-vacuum,$89.99
Hoover,UH75100 (Amazon's Choice),https://www.amazon.com/dp/B0B5FG97PY?tag=rsvacuum-20,Upright,,-,960,Yes,Bagless,2.5,-,,Corded,27,,84,,13.25,12.8,44.8,33.66,32.51,113.79,,16.09,7.3,,Yes,Yes,No,No,No,No,No,Yes,,-,240,,,,,,,,Product Link,$139.99,Yes,4,312,https://hoover.com/products/high-performance-swivel-upright-vacuum-vn,$139.99
Hoover,UH75250,https://www.amazon.com/dp/B08Y679W4Q?tag=rsvacuum-20,Upright,,-,1200,Yes,Bagless,3,-,,Corded,30,,80,,13.9,11.9,32.8,35.31,30.23,83.31,,16,7.26,,Yes,Yes,Yes,No,No,Yes,No,No,,-,120,,,,,,,,Product Link,$139.99,Yes,3.9,"2,638",https://hoover.com/products/high-performance-swivel-xl-pet-upright-vacuum,$179.99
Hoover,BH53603VE,https://www.amazon.com/dp/B0BN2C99JC?tag=rsvacuum-20,Handheld,,-,265,No,Bagless,0.4,45,,Cordless,-,,80,,9.5,10.8,44.25,24.13,27.43,112.4,,7.9,3.58,,Yes,Yes,Yes,Yes,No,No,No,Yes,,2,18,,,,,,,,Product Link,$329.99,Yes,4.1,"3,505",https://hoover.com/products/onepwr-emerge-pet-two-battery-kit,$329.99
Hoover,UH71300 (Amazon's Choice),https://www.amazon.com/dp/B0B6Q1FDTJ?tag=rsvacuum-20,Upright,,-,1200,No,Bagless,1.29,-,,Corded,25,,79,,15,12,35,38.1,30.48,88.9,,17.8,8.07,,Yes,Yes,No,Yes,No,No,Yes,No,,10,110,,,,,,,,Product Link,$129.99,Yes,4.2,"3,133",https://hoover.com/products/windtunnel-cord-rewind-pro-upright-vacuum,$129.99
Hoover,UH30651,https://www.amazon.com/dp/B09D4R6DHG?tag=rsvacuum-20,Upright,,-,1680,Yes,Bagged,-,-,,Corded,30,,80,,15,15,47,38.1,38.1,119.38,,15.2,6.89,,Yes,Yes,No,Yes,No,No,No,No,,12,120,,,,,,,,Product Link,$159.99,Yes,4,824,https://hoover.com/products/complete-performance-advanced,$159.99
Hoover,BH53604V,https://www.amazon.com/dp/B0CMYQT9P9?tag=rsvacuum-20,Stick,,-,1000,No,Bagless,0.4,45,,Cordless,-,,-,,9.5,10.8,44.25,24.13,27.43,112.4,,7.3,3.31,,Yes,No,Yes,No,No,Yes,No,Yes,,2.5,20,,-,-,-,-,-,-,Product LInk,$329.99,Yes,4.2,"3,657",,
Hoover,BH53801V,https://www.amazon.com/dp/B0BS71D8C9?tag=rsvacuum-20,Stick,,-,-,No,Bagless,4.54,35,,Cordless,-,,80,,11.15,10.23,44.65,28.32,25.98,113.41,,4.5,2.04,,No,No,No,No,No,Yes,No,No,,-,120,,-,-,-,-,-,-,Product LInk,$315.50,Yes,3.6,"1,052",,
Hoover,UH74220PC,https://www.amazon.com/dp/B085WPWTM1?tag=rsvacuum-20,Upright,,-,1320,Yes,Bagless,1.5,-,,Corded,30,,-,,12.5,11.5,45,31.75,29.21,114.3,,17,7.71,,Yes,Yes,Yes,No,Yes,Yes,No,No,,3.7,110,,-,-,-,-,-,-,Product LInk,$194.99,Yes,4.1,"10,559",,
HOTO,,,,,,,,,,,,,,,,,,,,,,,,,,,,,,,,,,,,,,,,,,,,,,,,,,,
HOTO,Air Capsule,https://www.amazon.com/dp/B0C9HPLTX5?tag=wat344r5-20,Handheld,,15,120,Yes,Bagless,-,10,,Cordless,-,,75,,2.2,2.2,6.44,5.59,5.59,16.36,,0.78,0.35,,Yes,No,No,No,No,No,No,Yes,,12,12,,,,,,,,Product Link,$57.99,Yes,4.3,754,https://hototools.com/products/compressed-air-capsule?srsltid=AfmBOoqHD5O2cMjyeSEBN5d0yxvOx5s8y8U4oNMpGvc6KMXSzjtcWjTo,$69.99
Hoto,BlowVac,https://www.amazon.com/dp/B0FXFWPDLF?tag=wat344r5-20,Handheld,,23,225,No,Bagless,0.14,45,,Cordless,-,,79,,5.33,2.76,11.34,13.54,7.01,28.8,,2.09,0.95,,Yes,No,No,Yes,No,Yes,No,Yes,,-,18,,-,-,-,-,-,-,Product LInk,$89.98,Yes,4.2,108,,
Hoto,AutoCare Air Duster & Vacuum  (Amazon's Choice),https://www.amazon.com/dp/B0F53HMTX5?tag=wat344r5-20,Handheld,,20,135,No,Bagless,0.09,35,,Cordless,-,,75,,6.65,2.17,2.17,16.89,5.51,5.51,,0.78,0.35,,Yes,Yes,Yes,Yes,No,Yes,No,Yes,,-,135,,-,-,-,-,-,-,Product LInk,$59.99,Yes,4.2,497,,
INTETURE,,,,,,,,,,,,,,,,,,,,,,,,,,,,,,,,,,,,,,,,,,,,,,,,,,,
INTETURE,BP-20-Standard,https://www.amazon.com/dp/B0G7BVDGRX?tag=rsvacuum-20,Stick,,55,650,Yes,Bagless,1.5,70,,Cordless,-,,62,,5.12,10.24,14.37,13,26.01,36.5,,8.62,3.91,,Yes,Yes,No,Yes,Yes,Yes,No,Yes,,,28,,-,-,-,-,-,-,Product Link,$135.99,Yes,4.3,29,,
ILIFE,,,,,,,,,,,,,,,,,,,,,,,,,,,,,,,,,,,,,,,,,,,,,,,,,,,
ILIFE,V3s Pro,https://www.amazon.com/dp/B06Y56NDF4?tag=rsvacuum-20,Robot,,10,-,No,Bagless,0.3,100,,Cordless,-,,64.1,,11.8,11.8,3,29.97,29.97,7.62,,4.5,2.04,,No,No,No,No,No,No,No,Yes,,-,14,,-,No,No,No,No,Yes,Product Link,$99.98,Yes,4.2,"23,537",https://www.iliferobot.com/mobile/products/V3sPro/,
ILIFE,X3,https://www.amazon.com/dp/B0DMDTSB2D?tag=rsvacuum-20,Robot,,3,-,No,Bagless,0.3,120,,Cordless,-,,60,,12.2,12.2,2.99,30.99,30.99,7.59,,7,3.18,,No,No,No,No,No,No,No,No,,-,-,,-,Yes,No,Yes,Yes,Yes,Product Link,$129.99,Yes,4.2,"5,166",,
ILIFE,V5s Plus,https://www.amazon.com/dp/B0BG6YVCK9?tag=rsvacuum-20,Robot,,2,-,No,Bagless,0.3,110,,Cordless,-,,58,,11.8,11.8,3.19,29.97,29.97,8.1,,7.89,3.58,,No,No,No,No,No,No,No,No,,-,-,,-,Yes,No,No,Yes,Yes,Product Link,$129.99,Yes,4.1,"13,693",https://www.iliferobot.com/mobile/products/V5sPlus/,
ILIFE,ILIFE H80,https://www.amazon.com/dp/B0D5R6LQN1?tag=rsvacuum-20,Stick,,22,1500,Yes,Bagless,0.55,35,,Cordless,-,,80,,10.63,7.72,16.54,27,19.61,42.01,,4.9,2.22,,Yes,No,No,Yes,Yes,Yes,No,Yes,,-,22,,,,,,,,Product Link,$129.99,Yes,4.4,59,https://www.iliferobot.com/mobile/products/H80/,
ILIFE,V9 Pro,https://www.amazon.com/dp/B0D66L5413?tag=rsvacuum-20,Robot,,3,-,No,Bagless,2.5,90,,Cordless,-,,65,,12.4,12.4,2.99,31.5,31.5,7.59,,13,5.9,,No,No,No,No,No,No,No,Yes,,-,110,,2.5,Yes,Yes,No,Yes,Yes,Product Link,$143.40,Yes,3.9,"1,713",https://www.iliferobot.com/mobile/products/V9Pro/,
ILIFE,V80 Max,https://www.amazon.com/dp/B08K74WBJS?tag=rsvacuum-20,Robot,,2,-,No,Bagless,0.75,120,,Cordless,-,,70,,12.99,12.6,3.16,32.99,32,8.03,,5.8,2.63,,No,No,No,No,No,No,No,Yes,,-,14,,-,Yes,No,No,No,Yes,Product Link,$286.69,Yes,3.6,840,,
ILIFE,A9,https://www.amazon.com/dp/B07313S199?tag=rsvacuum-20,Robot,,1,-,No,Bagless,0.6,80,,Cordless,-,,-,,12.99,12.6,2.99,32.99,32,7.59,,5.6,2.54,,No,No,No,No,No,No,No,Yes,,-,240,,-,Yes,No,Yes,No,Yes,Product Link,$123.65,Yes,4,"2,779",,
ILIFE,V5s Max (Amazon's Choice),https://www.amazon.com/dp/B0GHWNW6D1?tag=rsvacuum-20,Robot,,4,-,No,Bagless,0.3,100,,Cordless,-,,65,,11.8,11.8,3.2,29.97,29.97,8.13,,7.22,3.27,,No,No,No,No,No,Yes,No,Yes,,-,110,,-,Yes,No,No,No,Yes,Product Link,$109.99,Yes,4,28,,
ILIFE,A30s (Amazon's Choice),https://www.amazon.com/dp/B0G5YDVR99?tag=rsvacuum-20,Robot,,10,-,No,Bagless,0.45,150,,Cordless,-,,72,,12.99,12.99,3.74,32.99,32.99,9.5,,5.95,2.7,,No,No,No,No,No,No,No,Yes,,-,110,,-,Yes,No,Yes,No,Yes,Product Link,$129.99,Yes,4.3,116,,
ILIFE,A30 Pro (Amazon's Choice),https://www.amazon.com/dp/B0DZ6QQMFJ?tag=rsvacuum-20,Robot,,5,-,Yes,Bagless,-,150,,Cordless,-,,-,,12.6,12.6,3.7,32,32,9.4,,10.36,4.7,,No,No,No,No,No,Yes,No,Yes,,-,110,,2.5,Yes,Yes,Yes,Yes,Yes,Product Link,$189.99,Yes,4.2,772,,
ILIFE,A12 Pro (Amazon's Choice),https://www.amazon.com/dp/B0DP8DPXKW?tag=rsvacuum-20,Robot,,3,-,Yes,Bagless,-,140,,Cordless,-,,-,,12.44,12.44,3.66,31.6,31.6,9.3,,5.3,2.4,,No,No,No,No,No,Yes,No,Yes,,-,110,,2.5,Yes,Yes,Yes,Yes,Yes,Product Link,$149.99,Yes,4.1,"5,950",,
IMAGIC,,,,,,,,,,,,,,,,,,,,,,,,,,,,,,,,,,,,,,,,,,,,,,,,,,,
IMAGIC,M3,https://amazon.com/dp/B0D5YVDTH3?tag=wat344r5-20,Dry Wet,,-,200,Yes,Bagless,0.65,35,,Cordless,-,,73,,12.99,10.75,42.72,32.99,27.31,108.51,,9.53,4.32,,Yes,Yes,Yes,Yes,Yes,Yes,No,Yes,,10,120,,,,,,,,Product Link,$149.99,Yes,4.3,206,,
InoKraft,,,,,,,,,,,,,,,,,,,,,,,,,,,,,,,,,,,,,,,,,,,,,,,,,,,
InoKraft,Ash Vacuum,https://www.amazon.com/dp/B0DDQ1R6V4?tag=rsvacuum-20,Ash,,-,1200,Yes,Bagless,18.93,-,,Corded,17,,-,,13.4,13.4,18.9,34.04,34.04,48.01,,12,5.44,,No,No,No,No,No,No,No,No,,10,120,,,,,,,,Product Link,$129.99,Yes,4.2,45,https://inokraft.com/products/inokraft-ash-vacuum-for-pellet-stoves,$129.99
InoKraft,Pool Vacuum,https://www.amazon.com/dp/B0DPQDK71P?tag=rsvacuum-20,Handheld,,-,2000,No,Bagged,1.8,60,,Cordless,-,,-,,27.56,8.27,6.89,70,21.01,17.5,,7.78,3.53,,No,No,No,No,No,Yes,No,No,,-,18,,,,,,,,Product Link,$149.99,Yes,4.4,373,https://inokraft.com/products/inokraft-cordless-pool-vacuum-cleaner?srsltid=AfmBOoo2XVKKzTjeJm4fhpsZktnsUGMsYjYmi_NZkj3QAPbIYe4NiETz,$189.99
iRobot,,,,,,,,,,,,,,,,,,,,,,,,,,,,,,,,,,,,,,,,,,,,,,,,,,,
iRobot,Plus 505 Combo,https://www.amazon.com/dp/B0DWG1YNJR?tag=rsvacuum-20,Robot,,-,-,No,Bagless,0.37,120,,Cordless,-,,72,,14.1,13.8,4.2,35.81,35.05,10.67,,9.44,4.28,,No,No,No,No,No,No,No,No,,-,-,,2.5,Yes,Yes,Yes,Yes,Yes,Product Link,$799.99,Yes,4.4,13,https://www.irobot.com/en_US/roomba-plus-505-combo-robot-plus-autowash-dock/N185020.html,$799.99
iRobot,Essential Vac,https://www.amazon.com/dp/B0CVM8TXHP?tag=rsvacuum-20,Robot,,-,-,No,Bagless,0.4,120,,Cordless,-,,-,,13,13,3.15,33.02,33.02,8,,5.84,2.65,,No,No,No,No,No,No,No,Yes,,-,110,,-,Yes,No,Yes,No,No,Product Link,$199.95,Yes,4,"50,941",https://www.irobot.com/en_US/roomba-vac-essential-robot/Q011020.html,
iRobot,Roomba j9+,https://www.amazon.com/dp/B0C415NHBM?tag=rsvacuum-20,Robot,,5,-,No,Bagless,0.4,180,,Cordless,-,,68,,13.3,13.3,3.4,33.78,33.78,8.64,,7.5,3.4,,No,No,No,No,No,No,No,Yes,,-,-,,2.4,Yes,Yes,Yes,No,Yes,Product Link,$575.00,Yes,3.6,899,https://www.irobot.com/en_US/roomba-j9plus-self-emptying-robot-vacuum/J955020.html,
iRobot,Essential Combo,https://www.amazon.com/dp/B0CVJ3K8FF?tag=rsvacuum-20,Robot,,-,-,No,Bagless,0.4,120,,Cordless,-,,-,,13,13,3.15,33.02,33.02,8,,9.04,4.1,,No,No,No,No,No,No,No,Yes,,-,-,,-,Yes,No,No,Yes,No,Product Link,$219.99,Yes,4,"32,784",https://www.irobot.com/en_US/roomba-combo-essential-robot/Y014020.html,$274.99
iRobot,Roomba 105 Vac + AE,https://www.amazon.com/dp/B0DWG1K24K?tag=rsvacuum-20,Robot,,-,-,No,Bagless,0.4,200,,Cordless,-,,71,,13.2,13.2,4.1,33.53,33.53,10.41,,6.24,2.83,,No,No,No,No,No,No,No,Yes,,-,-,,3.5,Yes,Yes,Yes,Yes,Yes,Product Link,$279.99,Yes,3.7,93,https://www.irobot.com/en_US/roomba-105-vac-robot-plus-autoempty-dock/Q352020.html,$279.99
iRobot,Roomba Plus 405 Combo,https://www.amazon.com/dp/B0DWG2XQXF?tag=rsvacuum-20,Robot,,-,-,No,Bagless,0.4,120,,Cordless,-,,72,,14.1,13.8,4.2,35.81,35.05,10.67,,9.06,4.11,,No,No,No,No,No,No,No,No,,-,-,,2.5,Yes,Yes,Yes,Yes,Yes,Product Link,$549.00,Yes,4.2,42,https://www.irobot.com/en_US/roomba-plus-405-combo-robot-plus-autowash-dock/G185020.html,$549.99
iRobot,Roomba Combo i5,https://www.amazon.com/dp/B0C415KNH8?tag=rsvacuum-20,Robot,,-,-,No,Bagless,0.4,180,,Cordless,-,,69,,13.4,13.5,3.6,34.04,34.29,9.14,,7,3.18,,No,No,No,No,No,No,No,No,,-,-,,-,Yes,No,Yes,Yes,No,Product Link,$189.99,Yes,3.9,"13,659",https://www.irobot.com/en_US/roomba-combo-i5-robot-vacuum-and-mop/I517020.html,$189.99
iRobot,Roomba Combo i5+,https://www.amazon.com/dp/B0C4N37V2Z?tag=rsvacuum-20,Robot,,-,-,No,Bagless,0.4,180,,Cordless,-,,69,,13.4,13.5,3.6,34.04,34.29,9.14,,7,3.18,,No,No,No,No,No,No,No,No,,-,-,,4.6,Yes,Yes,Yes,Yes,No,Product Link,$184.02,Yes,3.9,"33,404",https://www.irobot.com/en_US/roomba-combo-i5plus-self-emptying-robot-vacuum-and-mop/I557020.html,$299.99
iRobot,Roomba Combo j7+,https://www.amazon.com/dp/B0BCH3J9RD?tag=rsvacuum-20,Robot,,-,-,No,Bagless,0.4,180,,Cordless,-,,69,,13.3,13.3,3.4,33.78,33.78,8.64,,7.35,3.33,,No,No,No,No,No,No,No,No,,-,240,,2.4,Yes,Yes,Yes,Yes,Yes,Product Link,$599.99,Yes,3.5,896,https://www.irobot.com/en_US/roomba-combo-j7plus-robot-vacuum-and-mop/C755020.html,
IRobot,Roomba Max 705,https://www.amazon.com/dp/B0DWG3C3ZF?tag=rsvacuum-20,Robot,,-,-,No,Bagged,-,210,,Cordless,-,,-,,14,13.8,4.1,35.56,35.05,10.41,,7.5,3.4,,No,No,No,No,No,No,No,Yes,,-,-,,0.4,Yes,Yes,Yes,No,Yes,Product Link,$899.00,Yes,3.9,565,,
IRobot,Roomba Plus 504,https://www.amazon.com/dp/B0F7JVT5FB?tag=rsvacuum-20,Robot,,-,-,No,Bagless,-,210,,Cordless,-,,-,,13.8,14,4.1,35.05,35.56,10.41,,15.57,7.06,,No,No,No,No,No,Yes,No,Yes,,-,-,,-,Yes,Yes,Yes,No,Yes,Product Link,$574.59,Yes,3.9,591,,
IRobot,Roomba 205,https://www.amazon.com/dp/B0DX6N28N7?tag=rsvacuum-20,Robot,,-,-,Yes,Bagless,-,120,,Cordless,-,,-,,14.1,14.09,3.98,35.81,35.79,10.11,,8.45,3.83,,No,No,No,No,No,No,No,Yes,,-,-,,-,Yes,Yes,Yes,Yes,Yes,Product Link,$149.99,Yes,3.6,302,,
iwoly,,,,,,,,,,,,,,,,,,,,,,,,,,,,,,,,,,,,,,,,,,,,,,,,,,,
iwoly,C150  (Amazon's Choice),https://www.amazon.com/dp/B0C14QJX7B?tag=rsvacuum-20,Stick,,18,150,Yes,Bagless,0.5,35,,Cordless,-,,75,,10.63,5.51,47,27,14,119.38,,5.07,2.3,,Yes,Yes,Yes,Yes,Yes,Yes,No,Yes,,-,-,,-,-,-,-,-,-,Product Link,$69.99,Yes,4.1,"3,141",,
JONR,,,,,,,,,,,,,,,,,,,,,,,,,,,,,,,,,,,,,,,,,,,,,,,,,,,
JONR,ED12,https://www.amazon.com/dp/B0D97D5XHH?tag=rsvacuum-20,Dry Wet,,-,200,No,Bagless,1.3,35,,Cordless,-,,75,,10.6,11.1,44.1,26.92,28.19,112.01,,7.89,3.58,,No,No,No,No,No,Yes,No,Yes,,-,110,,-,-,-,-,-,-,Product Link,$179.99,Yes,4.1,440,,
Karcher,,,,,,,,,,,,,,,,,,,,,,,,,,,,,,,,,,,,,,,,,,,,,,,,,,,
Karcher,RCV 5 (Amazon's Choice),https://www.amazon.com/dp/B0CN1ND8PH?tag=rsvacuum-20,Robot,,5,36,No,Bagless,0.33,140,,Cordless,-,,66,,13.7,13.7,13.7,34.8,34.8,34.8,,8.5,3.86,,No,No,No,No,No,Yes,No,Yes,,-,-,,-,Yes,No,Yes,Yes,Yes,Product Link,$439.99,Yes,3.5,16,https://www.kaercher.com/us/home-garden/robot-vacuums-and-mops/rcv-5-12696450.html,$834.99
Karcher,RCV 3,https://www.amazon.com/dp/B0CN1Q856L?tag=rsvacuum-20,Robot,,2.5,33,No,Bagless,0.5,120,,Cordless,-,,67,,13.7,13.7,13.7,34.8,34.8,34.8,,8.1,3.67,,No,No,No,No,No,Yes,No,No,,-,-,,-,Yes,No,Yes,Yes,Yes,Product Link,$252.40,Yes,3.5,16,https://www.kaercher.com/us/home-garden/robot-vacuums-and-mops/rcv-3-12696250.html,$529.99
Karcher,VCN 4,https://www.amazon.com/dp/B0C7T15G3H?tag=rsvacuum-20,Stick,,18.5,450,Yes,Bagless,0.5,71,,Cordless,-,,68,,10.2,8.8,46.9,25.91,22.35,119.13,,6.3,2.86,,Yes,Yes,No,No,Yes,Yes,No,Yes,,-,-,,-,-,-,-,-,-,Product Link,-,No,3.8,176,https://www.kaercher.com/us/home-garden/vacuum-cleaners/vcn-4-cordless-10129110.html,$359.99
Karcher,VCN 3,https://www.amazon.com/dp/B0C7SZT7HD?tag=rsvacuum-20,Stick,,18.5,450,Yes,Bagless,0.5,59,,Cordless,-,,83,,10.2,8.8,46.9,25.91,22.35,119.13,,6.3,2.86,,Yes,No,No,No,Yes,Yes,No,Yes,,-,-,,-,-,-,-,-,-,Product Link,$100.56,Yes,3.8,176,https://www.kaercher.com/us/home-garden/vacuum-cleaners/vcn-3-cordless-10129100.html,$259.99
Karcher,VCN 5,https://www.amazon.com/dp/B0C7TPC9T9?tag=rsvacuum-20,Stick,,19.4,550,Yes,Bagless,0.5,71,,Cordless,-,,83,,10.2,8.8,46.9,25.91,22.35,119.13,,6.3,2.86,,Yes,Yes,Yes,No,Yes,Yes,No,Yes,,-,-,,-,-,-,-,-,-,Product Link,$198.37,Yes,3.8,176,https://www.kaercher.com/us/home-garden/vacuum-cleaners/vcn-5-cordless-10129120.html,$459.99
Karcher,CHV-2  (Amazon's Choice),https://www.amazon.com/dp/B0D33VK9Z1?tag=rsvacuum-20,Handheld,,-,70,Yes,Bagless,0.15,10,,Cordless,-,,78,,3,3,13,7.62,7.62,33.02,,1.4,0.64,,Yes,No,No,No,No,Yes,No,No,,-,-,,-,-,-,-,-,-,Product Link,$59.99,Yes,3.5,16,https://www.kaercher.com/us/home-garden/vacuum-cleaners/cvh-2-11983320.html,$79.99
Karcher,WD 3  (Amazon's Choice),https://www.amazon.com/dp/B0BGSYPC9W?tag=rsvacuum-20,Dry Wet,,-,876,No,Bagged,17,-,,Corded,19.7,,68,,13.8,12.9,19.4,35.05,32.77,49.28,,10.8,4.9,,Yes,No,No,Yes,Yes,Yes,No,No,,9,120,,-,-,-,-,-,-,Product Link,$69.99,Yes,4.7,"23,745",https://www.kaercher.com/us/home-garden/wet-and-dry-vacuum-cleaners/wd-3-16281140.html,$99.99
Karcher,WD 2 Compact,https://www.amazon.com/dp/B0D44S5ZNL?tag=rsvacuum-20,Dry Wet,,-,225,Yes,Bagged,12.1,10,,Cordless,-,,73,,13.7,12.9,15.7,34.8,32.77,39.88,,9.8,4.45,,Yes,No,No,Yes,Yes,Yes,No,No,,-,-,,-,-,-,-,-,-,Product Link,$99.63,Yes,1,1,https://www.kaercher.com/us/home-garden/wet-and-dry-vacuum-cleaners/wd-2-18-cordless-wet-dry-vac-set-98084580.html,$229.99
Karcher,WD 1 Classic,https://www.amazon.com/dp/B0BT8JPJVS?tag=rsvacuum-20,Dry Wet,,-,900,No,Bagged,15.14,-,,Corded,16.4,,68,,13,13.8,18.1,33.02,35.05,45.97,,11.88,5.39,,Yes,No,No,Yes,Yes,Yes,No,No,,8,120,,-,-,-,-,-,-,Product Link,$69.99,Yes,4.7,"23,748",https://www.kaercher.com/us/home-garden/wet-and-dry-vacuum-cleaners/wd-1-classic-kna-10983270.html,$91.99
Karcher,WD 4,https://www.amazon.com/dp/B0B8P82Y63?tag=rsvacuum-20,Dry Wet,,-,1273,No,Bagged,20,-,,Corded,26.3,,74,,15.2,14.4,20.7,38.61,36.58,52.58,,17.9,8.12,,Yes,No,No,Yes,Yes,Yes,No,No,,9,120,,-,-,-,-,-,-,Product Link,$200.99,Yes,4.3,58,https://www.kaercher.com/us/home-garden/wet-and-dry-vacuum-cleaners/wd-4-2025-16282130.html,$199.99
Karcher,WD 5/P,https://www.amazon.com/dp/B0B8P2CSVJ?tag=rsvacuum-20,Dry Wet,,-,1273,Yes,Bagged,25,-,,Corded,26.3,,76,,16.5,15.1,25.7,41.91,38.35,65.28,,19.2,8.71,,Yes,No,No,Yes,Yes,Yes,No,No,,9.2,120,,-,-,-,-,-,-,Product Link,$168.74,Yes,4.7,"23,748",https://www.kaercher.com/us/home-garden/wet-and-dry-vacuum-cleaners/wd-5-p-16283110.html,$229.99
Karcher,WD 6 P S (Amazon's Choice),https://www.amazon.com/dp/B0C95QKFYH?tag=rsvacuum-20,Dry Wet,,-,1290,No,Bagless,30,-,,Corded,26.3,,74,,16.5,15.1,27.3,41.91,38.35,69.34,,21.9,9.93,,Yes,No,No,Yes,Yes,Yes,No,No,,11,120,,-,-,-,-,-,-,Product Link,$279.98,Yes,4.7,"23,749",https://www.kaercher.com/us/home-garden/wet-and-dry-vacuum-cleaners/wd-6-p-s-16283750.html,$279.98
Kenmore,,,,,,,,,,,,,,,,,,,,,,,,,,,,,,,,,,,,,,,,,,,,,,,,,,,
Kenmore,BU4022  (Amazon's Choice),https://www.amazon.com/dp/B08CXPQXL5?tag=rsvacuum-20,Upright,,19.5,200,Yes,Bagged,3.1,-,,Corded,30,,75,,13,12,34,33.02,30.48,86.36,,14,6.35,,No,Yes,Yes,Yes,Yes,No,No,No,,10,120,,,,,,,,Product Link,$179.99,Yes,4.3,"6,647",https://kenmorefloorcare.com/products/vacuums/upright-vacuums/intuition-bagged-upright-vacuum?srsltid=AfmBOopX4R5yDHfszio2KkUFgQsAqqsmwMvZKc5rwjzgzyr1evTeaXx_,
Kenmore,BC3005 (Amazon's Choice),https://www.amazon.com/dp/B08M36B5JZ?tag=rsvacuum-20,Canister,,-,210,Yes,Bagged,20,-,,Corded,26,,73,,17,13,26,43.18,33.02,66.04,,19.3,8.75,,Yes,Yes,Yes,Yes,Yes,No,Yes,Yes,,12,120,,,,,,,,Product Link,$249.99,Yes,4.1,"13,679",https://kenmorefloorcare.com/products/vacuums/canister-vacuums/kenmore-400-series-bagged-canister-vacuum-cleaner/?srsltid=AfmBOor5v9LW0Bk1gHvcwRt17XH-fPCTDisoxOqWuLxqNHEMX-nBFmA_,
Kenmore,81214 200 Series (Amazon's Choice),https://www.amazon.com/dp/B075F4YTVF?tag=rsvacuum-20,Canister,,-,120,Yes,Bagged,9.07,-,,Corded,24,,78,,25.9,16.2,13.6,65.79,41.15,34.54,,22.26,10.1,,Yes,No,No,No,Yes,No,Yes,Yes,,12,120,,,,,,,,Product Link,$218.19,Yes,1.1,"13,065",https://www.kenmore.com/products/kenmore-125-81214-200-series-bagged-canister-vacuum-orange/,
Kenmore,10701,https://www.amazon.com/dp/B075F4YTV9?tag=rsvacuum-20,Canister,,-,120,Yes,Bagged,-,-,,Corded,16,,76,,11.4,12.2,28.8,28.96,30.99,73.15,,9.5,4.31,,Yes,No,Yes,No,Yes,No,No,Yes,,11,120,,,,,,,,Product Link,$119.99,Yes,3.8,"1,796",https://www.kenmore.com/products/kenmore-10701-bagless-compact-canister-vacuum-w-turbine-brush-silver-blue/,
Kenmore,DU1040 (Amazon's Choice),https://www.amazon.com/dp/B0BHS9C3K3?tag=rsvacuum-20,Upright,,14,115,Yes,Bagless,12,-,,Corded,25,,72,,11,10,34,27.94,25.4,86.36,,12,5.44,,Yes,Yes,Yes,Yes,Yes,No,No,Yes,,8,120,,,,,,,,Product Link,$108.20,Yes,4.1,"2,484",https://kenmorefloorcare.com/products/vacuums/upright-vacuums/kenmore-featherlite-bagless-upright-vacuum/?srsltid=AfmBOooZz7P8L0rjQFFFQAWnhxv7Fh4xj81qa2lDBwQRhACuQrP93tb1,$114.99
Kenmore,DU2012 (Amazon's Choice),https://www.amazon.com/dp/B08G19W913?tag=rsvacuum-20,Upright,,20,200,Yes,Bagless,2,-,,Corded,30,,75,,14.92,14.09,28.88,37.9,35.79,73.36,,14,6.35,,Yes,Yes,Yes,Yes,Yes,No,No,Yes,,10,120,,,,,,,,Product Link,$138.88,Yes,4.3,"6,127",https://kenmorefloorcare.com/products/vacuums/upright-vacuums/allergenseal-bagless-upright-vacuum/?srsltid=AfmBOooQSyMrvYoscXt5RDBY5xCSDuF9T1kO6WeUynlrFmxhU0lwczeZ,
Kenmore,DU2015 (Amazon's Choice),https://www.amazon.com/dp/B08SQPG1FF?tag=rsvacuum-20,Upright,,20,200,Yes,Bagless,2,-,,Corded,30,,75,,15,14,30,38.1,35.56,76.2,,14,6.35,,Yes,Yes,Yes,Yes,Yes,No,No,Yes,,10,120,,,,,,,,Product Link,$159.99,Yes,4.2,"3,562",https://kenmorefloorcare.com/products/vacuums/upright-vacuums/allergenseal-bagless-upright-vacuum/?srsltid=AfmBOorqPdPUQ-l5bN-_A6zjgqrlb2_I6Olef0jUe1xx-GimTIls4OmZ,
Kenmore,Floor Care Elite (Amazon's Choice),https://www.amazon.com/dp/B075DZY7FR?tag=rsvacuum-20,Upright,,-,120,Yes,Bagged,1.5,-,,Corded,35,,70,,14.25,13.75,45.75,36.2,34.93,116.21,,20,9.07,,Yes,No,Yes,Yes,No,No,No,Yes,,12,120,,,,,,,,Product Link,$269.98,Yes,4.3,"2,341",https://kenmorefloorcare.com/products/vacuums/upright-vacuums/pet-friendly-bagged-upright-vacuum,
Kenmore,Bagless Canister,https://www.amazon.com/dp/B08N3KBWWP?tag=rsvacuum-20,Canister,,-,120,Yes,Bagless,13.4,-,,Corded,24,,75,,16.15,24.63,17.18,41.02,62.56,43.64,,22.4,10.16,,Yes,No,Yes,Yes,Yes,Yes,No,Yes,,0.6,120,,,,,,,,Product Link,$279.99,Yes,4,683,https://kenmorefloorcare.com/products/vacuums/canister-vacuums/bagless-canister-vacuum/?srsltid=AfmBOor60-MwsrsMWLCjb9ZPtwWGfGdoFR87N76qIi63S7c-u-EtixTQ,
Kenmore,BU4018,https://www.amazon.com/dp/B09R6V9J8C?tag=rsvacuum-20,Upright,,-,1800,Yes,Bagged,14,-,,Corded,30,,75,,11.69,12.44,33.9,29.69,31.6,86.11,,14,6.35,,Yes,Yes,Yes,No,Yes,No,No,No,,10,120,,,,,,,,Product Link,$169.00,Yes,4.4,457,https://kenmorefloorcare.com/products/kenmore-intuition-bagged-upright-vacuum-bu4018.html?srsltid=AfmBOopCT28O5Yl-IoDOLMKE9dxSFxp7j1im6GP-iYpw_D2VDv8hLsPQ,$179.99
Kenmore,DU5080 (Amazon's Choice),https://www.amazon.com/dp/B09FJH5C56?tag=rsvacuum-20,Upright,,20,1450,Yes,Bagless,2,-,,Corded,30,,75,,12,12,32,30.48,30.48,81.28,,14.1,6.4,,Yes,Yes,Yes,Yes,Yes,No,No,Yes,,12.4,120,,,,,,,,Product Link,$179.99,Yes,4.2,"1,043",https://kenmorefloorcare.com/product-name-kenmore-allergenseal-lift-up-bagless-upright-vacuum-du5080?srsltid=AfmBOoqaq9lSb9vUjemcW1gs73ttnAJjhDzI0o5cVtanbnTt4bZpybK4,
Kenmore,CU7005 (Amazon's Choice),https://www.amazon.com/dp/B0DDX95FF4?tag=rsvacuum-20,Upright,,-,24,Yes,Bagless,1.5,80,,Cordless,-,,-,,11.61,11.1,30.59,29.49,28.19,77.7,,11,4.99,,No,No,No,No,Yes,No,No,Yes,,-,24,,,,,,,,Product Link,$336.35,Yes,4.4,29,https://kenmorefloorcare.com/products/kenmore-elite-litening-cordless-upright-vacuum.html?srsltid=AfmBOoqiQmcXqZUjowgYqg1jYMP29EBOK2c4fYuFhlaPkFgFNgVsueOn,$354.00
Kenmore,81714 bundle (Amazon's Choice),https://www.amazon.com/dp/B08N3ZRR7H?tag=rsvacuum-20,Canister,,-,700,Yes,Bagged,-,-,,Corded,26,,80,,27.78,17.93,14.38,70.56,45.54,36.53,,29.5,13.38,,Yes,Yes,Yes,Yes,Yes,No,No,Yes,,-,120,,,,,,,,Product Link,$393.30,Yes,4.1,888,,
Kenmore,DU3017,https://www.amazon.com/dp/B08KZQCHV5?tag=rsvacuum-20,Upright,,-,195,Yes,Bagless,1.8,-,,Corded,25,,71,,38,13,11,96.52,33.02,27.94,,17,7.71,,Yes,Yes,Yes,Yes,Yes,Yes,No,Yes,,11,120,,,,,,,,Product Link,$179.99,Yes,4,838,https://kenmorefloorcare.com/products/vacuums/upright-vacuums/kenmore-pet-friendly-crossover-max-upright-vacuum?srsltid=AfmBOoolrzRXBWVMZFQlF4vuZS76MAAoYL5fDT_8vqyFbGM5MI2oZwUj,
Kenmore,KW3010 (Amazon's Choice),https://www.amazon.com/dp/B0BSBVSNCM?tag=rsvacuum-20,Canister,,-,1440,Yes,Bagged,11.36,-,,Corded,30,,73,,15.27,14.25,12.66,38.79,36.2,32.16,,15,6.8,,Yes,No,No,Yes,Yes,Yes,Yes,No,,12,120,,,,,,,,Product Link,$78.20,Yes,4.1,654,https://kenmorefloorcare.com/products/vacuums/wet-dry-vacuums/dry-canister-vacuum-kw3010/?srsltid=AfmBOoqyIfUnYdqXFMaE5gxPl8Icb4Vdj8CRL7NNUl_HpKYWbKWmBL0p,
Kenmore,DS4065,https://www.amazon.com/dp/B09JFGBLT3?tag=rsvacuum-20,Stick,,-,48,Yes,Bagless,1,40,,Cordless,-,,75,,11,8,34,27.94,20.32,86.36,,5,2.27,,Yes,No,No,No,Yes,No,No,Yes,,2.2,22,,,,,,,,Product Link,$128.14,Yes,3.8,"2,185",,
Kenmore,HF5010,https://www.amazon.com/dp/B0CSD2CVY9?tag=rsvacuum-20,Dry Wet,,-,100,Yes,Bagless,0.7,35,,Cordless,-,,70,,10,43,10,25.4,109.22,25.4,,13,5.9,,No,No,No,No,No,No,No,Yes,,-,22,,,,,,,,Product Link,$279.40,Yes,4.2,162,https://kenmorefloorcare.com/products/kenmore-aqualite-3-in-1-cordless-hard-floor-cleaner.html?srsltid=AfmBOorpfAzrKMS4lsEKbdsFkgRYQdA6rv17bCpy0pP_bHAuG8UjLjYZ,$299.99
Kenmore,DS1020 (Amazon's Choice),https://www.amazon.com/dp/B0CKX1DZD6?tag=rsvacuum-20,Stick,,-,-,No,Bagless,0.6,30,,Cordless,-,,70,,10.04,7.76,43.43,25.5,19.71,110.31,,6.86,3.11,,Yes,No,No,No,Yes,Yes,No,Yes,,2,16,,-,-,-,-,-,-,Product Link,$97.41,Yes,4,"5,782",,
Kenmore,DS1030 (Amazon's Choice),https://www.amazon.com/dp/B09QYB17J2?tag=rsvacuum-20,Stick,,-,-,Yes,Bagless,0.5,45,,Cordless,-,,75,,12.01,7.68,44.09,30.51,19.51,111.99,,8.01,3.63,,Yes,No,No,No,Yes,Yes,No,Yes,,2,24,,-,-,-,-,-,-,Product Link,$99.99,Yes,4,"5,782",,
Kenmore,DS4030,https://www.amazon.com/dp/B0BBQCP59R?tag=rsvacuum-20,Stick,,-,-,Yes,Bagless,2.7,40,,Cordless,-,,75,,9,3,47,22.86,7.62,119.38,,5.2,2.36,,Yes,No,No,No,Yes,Yes,No,Yes,,2.2,22,,-,-,-,-,-,-,Product Link,$69.84,Yes,3.8,"2,394",,
Kenmore,CS2015 (Amazon's Choice),https://www.amazon.com/dp/B0G4M1SRNB?tag=rsvacuum-20,Stick,,-,-,No,Bagless,0.85,-,,Corded,26,,-,,10.43,8.86,25.79,26.49,22.5,65.51,,5.51,2.5,,Yes,Yes,No,Yes,Yes,Yes,No,Yes,,-,120,,-,-,-,-,-,-,Product Link,$129.98,Yes,4.2,111,,
Kirby,,,,,,,,,,,,,,,,,,,,,,,,,,,,,,,,,,,,,,,,,,,,,,,,,,,
Kirby,Avalir 2,https://www.amazon.com/dp/B0B82ZYHVB?tag=rsvacuum-20,Upright,,-,-,Yes,Bagged,-,-,,Corded,32,,70,,17.75,9,30.75,45.09,22.86,78.11,,23,10.43,,Yes,Yes,Yes,Yes,No,No,No,Yes,,-,120,,,,,,,,Product Link,$699.00,Yes,5,8,https://www.kirby.com/shop/kirby-avalir-platinum-vacuum-cleaner/?srsltid=AfmBOopzlZKcZGS4FI8SuZ9dKezgMRRrJCksZLcEYHDQRb5AVWtjySvr,"$2,749.00"
Kirby,Sentria,https://www.amazon.com/dp/B099CHN3GV?tag=rsvacuum-20,Upright,,-,-,Yes,Bagged,-,-,,Corded,32,,70,,-,-,-,-,-,-,,22,9.98,,Yes,Yes,Yes,Yes,No,No,No,Yes,,-,120,,,,,,,,Product Link,$669.99,Yes,4.4,27,,
LEVOIT,,,,,,,,,,,,,,,,,,,,,,,,,,,,,,,,,,,,,,,,,,,,,,,,,,,
Levoit,LVAC-200 (Amazon's Choice),https://www.amazon.com/dp/B0DMVWXJN3?tag=rsvacuum-20,Stick,,3.6,180,No,Bagless,0.58,30-50,,Cordless,-,,77.5,,7.7,9.8,43.3,19.56,24.89,109.98,,6.17,2.8,,Yes,Yes,Yes,Yes,Yes,Yes,No,Yes,,0.5,100-240,,-,No,No,No,No,No,Product Link,$199.00,Yes,4.3,"6,450",https://levoit.com/collections/vacuums/products/lvac-200-cordless-vacuum,$149.99
Levoit,LVAC-300 (Amazon's Choice),https://www.amazon.com/dp/B0DQKQ3F2C?tag=rsvacuum-20,Stick,,3.6,180,Yes,Bagless,0.75,60,,Cordless,-,,77.5,,7.7,9.8,43.3,19.56,24.89,109.98,,6.61,3,,Yes,Yes,Yes,Yes,Yes,Yes,No,Yes,,0.5,240,,-,No,No,No,No,No,Product Link,$349.99,Yes,4.3,52,,
Lefant,,,,,,,,,,,,,,,,,,,,,,,,,,,,,,,,,,,,,,,,,,,,,,,,,,,
Lefant,M210P,https://www.amazon.com/dp/B0DK38S5WW?tag=wat344r5-20,Robot,,2.2,-,Yes,Bagless,0.5,120,,Cordless,-,,≤55,,11,11,2.99,27.94,27.94,7.59,,7.05,3.2,,No,No,No,No,No,Yes,No,Yes,,0.6,19,,-,Yes,No,Yes,No,Yes,Product Link,$99.99,Yes,4.3,"4,554",https://www.lefant.com/products/lefant-m210-black,$199.99
Lefant,M210 Pro+,https://www.amazon.com/dp/B0BGXRZPNY?tag=rsvacuum-20,Robot,,2.2,-,Yes,Bagless,0.5,120,,Cordless,-,,≤55,,11,11,2.99,27.94,27.94,7.59,,6.4,2.9,,No,No,No,No,No,Yes,No,Yes,,0.6,19,,-,Yes,No,Yes,No,Yes,Product Link,$116.55,Yes,4.1,"2,373",https://www.lefant.com/products/m210p-black,$199.99
Lefant,M310,https://www.amazon.com/dp/B0CS8X8K85?tag=wat344r5-20,Robot,,4.5,-,Yes,Bagless,0.55,160,,Cordless,-,,≤55,,11,11,2.99,27.94,27.94,7.59,,7,3.18,,No,No,No,No,No,Yes,No,Yes,,0.6,19,,-,Yes,No,Yes,No,Yes,Product Link,$199.99,Yes,4.1,"1,322",https://www.lefant.com/products/lefant-m310,$179.99
Lefant,M310 Ultra,https://www.amazon.com/dp/B0DG5R2ZJC?tag=rsvacuum-20,Robot,,4.5,-,Yes,Bagless,0.55,160,,Cordless,-,,≤55,,11,11,2.99,27.94,27.94,7.59,,7,3.18,,No,No,No,No,No,Yes,No,Yes,,0.6,19,,-,Yes,No,Yes,Yes,Yes,Product Link,$299.99,Yes,4.1,"1,322",https://www.lefant.com/pages/shopdetail-m310ultra,
Lefant,M320,https://www.amazon.com/dp/B0CR6HCH2B?tag=rsvacuum-20,Robot,,6,-,Yes,Bagless,0.8,210,,Cordless,-,,≤55,,11,11,2.99,27.94,27.94,7.59,,7.72,3.5,,No,No,No,No,No,Yes,No,Yes,,1,19,,-,Yes,No,Yes,Yes,Yes,Product Link,$119.98,Yes,4,"8,152",https://www.lefant.com/products/m320,$299.99
Lefant,M330 Pro,https://www.amazon.com/dp/B0DZ6XDSNS?tag=wat344r5-20,Robot,,5,-,Yes,Bagless,0.45,150,,Cordless,-,,≤55,,28,28,9.5,71.12,71.12,24.13,,7.37,3.34,,No,No,No,No,No,Yes,No,Yes,,1,19,,-,Yes,No,Yes,Yes,Yes,Product Link,$369.00,Yes,4.4,"10,427",https://www.lefant.com/products/m330-pro?variant=43459065839755,$599.99
Lefant,N3,https://www.amazon.com/dp/B0BK3BPHSG?tag=rsvacuum-20,Robot,,4,-,Yes,Bagless,0.5,200,,Cordless,-,,≤55,,12.5,12.5,3.5,31.75,31.75,8.89,,11.48,5.21,,No,No,No,No,No,Yes,No,Yes,,1.5,30,,-,Yes,No,Yes,Yes,Yes,Product Link,,No,3.8,28,https://www.lefant.com/products/n3,$239.00
Lefant,M1,https://www.amazon.com/dp/B0BJKD7TLG?tag=rsvacuum-20,Robot,,4,-,Yes,Bagless,0.52,150,,Cordless,-,,≤55,,12.6,12.6,3.7,32,32,9.4,,9.63,4.37,,No,No,No,No,No,Yes,No,Yes,,1,19,,-,Yes,No,Yes,Yes,Yes,Product Link,,No,4,75,https://www.lefant.com/products/m1,$439.00
Lefant,M2,https://www.amazon.com/dp/B0DM64515P?tag=rsvacuum-20,Robot,,5.5,-,Yes,Bagless,0.45,240,,Cordless,-,,≤55,,12,12,3.5,30.48,30.48,8.89,,5.7,2.59,,No,No,No,No,No,Yes,No,Yes,,0.6,19,,-,Yes,No,Yes,Yes,Yes,Product Link,,No,,,https://www.lefant.com/collections/best-robot-vacuums/products/lefant-m2,$799.99
Lefant,M2 Pro,https://www.amazon.com/dp/B0DZ2C1613?tag=wat344r5-20,Robot,,6,-,Yes,Bagless,2.5,250,,Cordless,-,,≤55,,12,12,3.5,30.48,30.48,8.89,,5.7,2.59,,No,No,No,No,No,Yes,No,Yes,,0.6,19,,-,Yes,No,Yes,Yes,Yes,Product Link,,No,4,"17,291",https://www.lefant.com/collections/best-robot-vacuums/products/lefant-m2-pro,$699.00
Lefant,M3,https://www.amazon.com/dp/B0F4QT91GN?tag=wat344r5-20,Robot,,10,-,Yes,Bagged,-,220,,Cordless,-,,60,,12.6,12.6,3.74,32,32,9.5,,7.8,3.54,,Yes,No,Yes,No,No,Yes,No,Yes,,-,240,,3.5,Yes,Yes,Yes,Yes,Yes,Product Link,$799.99,Yes,4.3,"4,658",,
Lefant,M3 Max,https://www.amazon.com/dp/B0GVMQLBPW?tag=rsvacuum-20,Robot,,20,-,Yes,Bagged,-,220,,Cordless,-,,-,,12.6,12.6,3.74,32,32,9.5,,29.4,13.34,,No,No,No,No,No,Yes,No,No,,-,-,,3.2,Yes,Yes,Yes,Yes,Yes,Product Link,$599.99,Yes,4.4,73,,
Lefant,U180,https://www.amazon.com/dp/B08RDGTMQX?tag=rsvacuum-20,Robot,,3.2,-,Yes,Bagless,0.5,150,,Cordless,-,,-,,12.6,12.6,3.15,32,32,8,,4.91,2.23,,No,No,No,No,No,No,No,Yes,,-,220,,-,Yes,Yes,Yes,Yes,Yes,Product Link,$299.99,Yes,4.2,528,,
Lefant,F1,https://www.amazon.com/dp/B09B6MSLL4?tag=rsvacuum-20,Robot,,4.5,-,Yes,Bagless,0.6,150,,Cordless,-,,-,,11,11,2.7,27.94,27.94,6.86,,8.34,3.78,,No,No,No,No,No,No,No,Yes,,-,-,,-,Yes,No,Yes,Yes,Yes,Product Link,$159.99,Yes,3.9,354,,
Lefant,M213,https://www.amazon.com/dp/B0894Q3YJ2?tag=rsvacuum-20,Robot,,2.2,-,Yes,Bagless,0.6,120,,Cordless,-,,-,,11,11,2.99,27.94,27.94,7.59,,6.7,3.04,,No,No,No,No,No,No,No,No,,-,-,,-,Yes,No,Yes,No,Yes,Product Link,$399.99,Yes,4.2,"1,756",,
LG,,,,,,,,,,,,,,,,,,,,,,,,,,,,,,,,,,,,,,,,,,,,,,,,,,,
LG,Cordzero Q3,https://www.amazon.com/dp/B0F146NL5W?tag=rsvacuum-20,Stick,,-,150,No,Bagless,0.4,60,,Cordless,-,,82,,11.08,11.02,49.6,28.14,27.99,125.98,,5.73,2.6,,Yes,Yes,No,Yes,Yes,Yes,No,Yes,,-,-,,-,-,-,-,-,-,Product Link,$299.00,Yes,4.6,12,https://www.lg.com/us/vacuum-cleaners/lg-c5323b0-stick-vacuum,$329.00
LG,CordZero Cordless Stick Vacuum Cleaner,https://www.amazon.com/dp/B07QK2NKX7?tag=rsvacuum-20,Stick,,-,400,Yes,Bagless,0.4,80,,Cordless,-,,84,,10.6,10.2,44.1,26.92,25.91,112.01,,5.6,2.54,,No,No,No,Yes,Yes,Yes,No,Yes,,-,-,,-,-,-,-,-,-,Product Link,-,No,4.2,444,https://www.lg.com/us/vacuum-cleaners/lg-a905rm-stick-vacuum,-
LG,CordZero A949,https://www.amazon.com/dp/B0CS45SYW7?tag=rsvacuum-20,Stick,,-,400,No,Bagless,1,200,,Cordless,-,,84,,10.4,11.7,44.1,26.42,29.72,112.01,,7.1,3.22,,Yes,Yes,Yes,Yes,Yes,Yes,No,Yes,,-,-,,-,-,-,-,-,-,Product Link,$663.23,Yes,3.4,116,https://www.lg.com/us/vacuum-cleaners/lg-a949ktms-stick-vacuum,$849.00
LG,LG CordZero A931KWM All in One Cordless Stick,https://www.amazon.com/dp/B0CQ6CWDR9?tag=rsvacuum-20,Stick,,-,370,No,Bagless,1,60,,Cordless,-,,84,,11.7,10.1,39.97,29.72,25.65,101.52,,6,2.72,,Yes,No,No,No,Yes,Yes,No,Yes,,-,-,,-,-,-,-,-,-,Product Link,$352.66,Yes,3.5,112,https://www.lg.com/us/vacuum-cleaners/lg-a931kwm-stick-vacuum,-
LG,A926KSM,https://www.amazon.com/dp/B0CW21NBP7?tag=rsvacuum-20,Stick,,-,370,Yes,Bagless,1,120,,Cordless,-,,84,,10.2,10.6,44.1,25.91,26.92,112.01,,5.7,2.59,,Yes,No,No,No,Yes,Yes,No,Yes,,-,-,,-,-,-,-,-,-,Product Link,$259.99,Yes,3.1,10,https://www.lg.com/us/vacuum-cleaners/lg-a926ksm-stick-vacuum,-
LG,CordZero A913,https://www.amazon.com/dp/B09SSWL697?tag=rsvacuum-20,Stick,,-,160,Yes,Bagless,0.4,60,,Cordless,-,,84,,10.2,10.6,44.1,25.91,26.92,112.01,,6,2.72,,Yes,No,No,Yes,No,Yes,No,Yes,,-,-,,-,-,-,-,-,-,Product Link,-,Yes,4.1,221,https://www.lg.com/us/vacuum-cleaners/lg-a913bm-stick-vacuum,-
LG,LG CordZero All in One Cordless Vacuum Cleaner,https://www.amazon.com/dp/B0BZQT1235?tag=rsvacuum-20,Stick,,-,370,Yes,Bagless,1,120,,Cordless,-,,84,,11.7,10.1,39.7,29.72,25.65,100.84,,5.95,2.7,,Yes,No,No,Yes,Yes,Yes,No,Yes,,-,-,,-,-,-,-,-,-,Product Link,$799.99,Yes,3.7,450,https://www.lg.com/us/vacuum-cleaners/lg-a937kgms-stick-vacuum,$799.00
LG,Cordzero A9 Limited,https://www.amazon.com/dp/B0864T8MBF?tag=rsvacuum-20,Stick,,-,400,No,Bagless,0.4,80,,Cordless,-,,84,,10.2,10.6,44.1,25.91,26.92,112.01,,5.63,2.55,,Yes,No,No,Yes,Yes,Yes,No,Yes,,-,-,,-,-,-,-,-,-,Product Link,"$1,011.71",Yes,4.4,127,https://www.lg.com/us/vacuum-cleaners/lg-a908vmr-stick-vacuum,-
Lubluelu,,,,,,,,,,,,,,,,,,,,,,,,,,,,,,,,,,,,,,,,,,,,,,,,,,,
Lubluelu,202,https://www.amazon.com/dp/B0C6SPNSC5?tag=rsvacuum-20,Stick,,8 / 16 / 25,235,Yes,Bagless,0.23 / 0.5,15 - 50,,Cordless,-,,69,,12.7,17,7,32.26,43.18,17.78,,4.4,2,,Yes,Yes,Yes,Yes,Yes,Yes,No,Yes,,-,220,,,,,,,,Product Link,$149.99,Yes,4.4,"1,581",https://lubluelu.com/product/cordless-stick-vacuum-202,$107.00
Lubluelu,H009,https://www.amazon.com/dp/B0C1FV4WDQ?tag=rsvacuum-20,Stick,,23,225,Yes,Bagless,0.6,15 - 45,,Cordless,-,,67,,12.7,17,7,32.26,43.18,17.78,,6.39,2.9,,Yes,Yes,Yes,Yes,Yes,Yes,No,Yes,,1,200,,,,,,,,Product Link,,No,3.8,276,https://lubluelu.com/product/robot-vacuum-sl60-pro,
Lubluelu,2206,https://www.amazon.com/dp/B0D99PC191?tag=rsvacuum-20,Stick,,10 / 17 / 25,225,Yes,Bagless,1.5,15 - 50,,Cordless,-,,62,,12.7,17,7,32.26,43.18,17.78,,4.62,2.1,,Yes,Yes,Yes,Yes,Yes,Yes,No,Yes,,1,225,,,,,,,,Product Link,$59.99,Yes,4.2,3,,
Lubluelu,SL60 Plus,https://www.amazon.com/dp/B0CWNJ8XZG?tag=rsvacuum-20,Robot,,4.5,-,Yes,Bagless,2 / 2.5,150,,Cordless,-,,55,,12.8,12.8,3.66,32.51,32.51,9.3,,17.38,7.88,,No,No,No,No,No,Yes,No,Yes,,-,14,,2.5,Yes,Yes,Yes,Yes,Yes,Product Link,$169.99,Yes,4.1,"4,815",https://lubluelu.com/product/robot-vacuum-sl60-plus,$237.00
Lubluelu,SL60D,https://www.amazon.com/dp/B0C5R7N16K?tag=rsvacuum-20,Robot,,2.5,-,Yes,Bagless,0.25 / 2,150,,Cordless,-,,55,,12.6,12.6,3.7,32,32,9.4,,9.24,4.19,,No,No,No,No,No,Yes,No,Yes,,-,14,,-,Yes,No,Yes,Yes,Yes,Product Link,,No,4.3,"1,126",https://lubluelu.com/product/robot-vacuum-sl60-d,$159.90
Lubluelu,SL68,https://www.amazon.com/dp/B0D93DWV61?tag=rsvacuum-20,Robot,,4.5,-,Yes,Bagless,2 / 2.5,150,,Cordless,-,,55,,12.8,12.8,3.62,32.51,32.51,9.19,,8.82,4,,No,No,No,No,No,Yes,No,Yes,,-,14,,2.5,Yes,Yes,Yes,Yes,Yes,Product Link,,No,4.2,323,https://lubluelu.com/product/robot-vacuum-sl68,$154.00
Lubluelu,SL61,https://www.amazon.com/dp/B0BZ7THKV7?tag=rsvacuum-20,Robot,,4,-,Yes,Bagless,0.25,120,,Cordless,-,,55,,12.8,12.8,3.7,32.51,32.51,9.4,,8.82,4,,No,No,No,No,No,Yes,No,Yes,,-,19,,-,Yes,No,Yes,Yes,Yes,Product Link,,No,4.2,991,,
Lubluelu,L15,https://www.amazon.com/dp/B0CXXRLSGY?tag=rsvacuum-20,Robot,,1.5 / 2.5 / 3.5 / 5,-,Yes,Bagless,0.25,90 - 150,,Cordless,-,,55,,12.6,12.6,3.82,32,32,9.7,,9.77,4.43,,No,No,No,No,No,Yes,No,Yes,,-,19,,-,Yes,No,Yes,Yes,Yes,Product Link,,No,3.6,379,,
Lubluelu,L20,https://www.amazon.com/dp/B0CT8KBSGP?tag=rsvacuum-20,Robot,,5.5,-,Yes,Bagless,0.25,150,,Cordless,-,,55,,12.8,12.8,3.82,32.51,32.51,9.7,,10.38,4.71,,No,No,No,No,No,Yes,No,Yes,,-,4,,-,Yes,No,Yes,Yes,Yes,Product Link,,No,3.6,545,,
Makita,,,,,,,,,,,,,,,,,,,,,,,,,,,,,,,,,,,,,,,,,,,,,,,,,,,
Makita,XCV19Z,https://www.amazon.com/dp/B08P7VS9P9?tag=rsvacuum-20,Upright,,12,-,Yes,Bagged,5,30 / 60,,Cordless,-,,57 / 67,,12.5,12.88,45.13,31.75,32.7,114.62,,19.8,8.98,,Yes,Yes,No,No,No,Yes,-,Yes,,-,36,,,,,,,,Product Link,"$1,057.40",Yes,4.2,15,https://www.makitatools.com/products/details/XCV19Z,
Makita,XCV19PG,https://www.amazon.com/dp/B08P7WZGMZ?tag=rsvacuum-20,Upright,,12,91,Yes,Bagged,5,30 / 60,,Cordless,-,,57 / 67,,12.5,12.88,45.13,31.75,32.7,114.62,,19.8,8.98,,Yes,Yes,No,No,No,Yes,-,Yes,,-,36,,,,,,,,Product Link,,No,4.2,15,https://www.makitatools.com/products/details/XCV19PG,
Makita,GCV05ZX,https://www.amazon.com/dp/B0BLYK3HY1?tag=rsvacuum-20,Backpack,,18,-,Yes,Bagged,2,60,,Cordless,-,,72,,5.88,9.13,14.75,14.92,23.19,37.47,,10.4,4.72,,Yes,Yes,No,Yes,Yes,Yes,-,Yes,,-,40,,,,,,,,Product Link,,No,,,https://www.makitatools.com/products/details/GCV05ZX,
Makita,GCV05T1X,https://www.amazon.com/dp/B0BMTXVQ1R?tag=rsvacuum-20,Backpack,,18,-,Yes,Bagged,2,60,,Cordless,-,,72,,5.88,9.13,14.75,14.92,23.19,37.47,,10.4,4.72,,Yes,Yes,No,Yes,Yes,Yes,-,Yes,,-,40,,,,,,,,Product Link,,No,,,https://www.makitatools.com/products/details/GCV05T1X,
Makita,GCV06Z,https://www.amazon.com/dp/B0BWFV24H8?tag=rsvacuum-20,Backpack,,18,-,Yes,Bagged,2,60,,Cordless,-,,72,,5.88,9.13,14.75,14.92,23.19,37.47,,11.7,5.31,,No,No,No,Yes,No,Yes,-,Yes,,-,40,,,,,,,,Product Link,,No,,,https://www.makitatools.com/products/details/GCV06Z,
Makita,GCV06T1,https://www.amazon.com/dp/B0C4SM6Y78?tag=rsvacuum-20,Backpack,,18,-,Yes,Bagged,2,60,,Cordless,-,,72,,5.88,9.13,14.75,14.92,23.19,37.47,,9,4.08,,No,No,No,Yes,No,Yes,-,Yes,,-,40,,,,,,,,Product Link,,No,,,https://www.makitatools.com/products/details/GCV06T1,
Makita,XCV17Z (Amazon's Choice),https://www.amazon.com/dp/B084GYBJXR?tag=rsvacuum-20,Backpack,,11,-,Yes,Bagged,6,140,,Cordless,-,,67,,6.88,11.75,20.63,17.46,29.85,52.39,,16,7.26,,Yes,Yes,No,Yes,Yes,Yes,-,Yes,,-,36,,,,,,,,Product Link,$478.98,Yes,4.1,40,https://www.makitatools.com/products/details/XCV17Z,
Makita,XCV17PG (Amazon's Choice),https://www.amazon.com/dp/B089RC619K?tag=rsvacuum-20,Backpack,,11,-,Yes,Bagged,6,40 / 140,,Cordless,-,,67,,6.88,11.75,20.63,17.46,29.85,52.39,,16,7.26,,Yes,Yes,No,Yes,Yes,Yes,-,Yes,,-,36,,,,,,,,Product Link,$949.00,Yes,4,51,https://www.makitatools.com/products/details/XCV17PG,
Makita,XCV18ZX,https://www.amazon.com/dp/B084GY4697?tag=rsvacuum-20,Backpack,,11,-,Yes,Bagged,6,33 / 62,,Cordless,-,,65 / 70,,6.88,11.75,20.63,17.46,29.85,52.39,,15,6.8,,No,No,No,Yes,No,Yes,-,Yes,,-,36,,,,,,,,Product Link,$777.07,Yes,3.2,3,https://www.makitatools.com/products/details/XCV18ZX,
Makita,XCV18PTX,https://www.amazon.com/dp/B089RBKR62?tag=rsvacuum-20,Backpack,,11,-,Yes,Bagged,6,33 / 62,,Cordless,-,,65 / 70,,6.88,11.75,20.63,17.46,29.85,52.39,,15,6.8,,No,No,No,Yes,No,Yes,-,Yes,,-,36,,,,,,,,Product Link,$900.74,Yes,3.2,3,https://www.makitatools.com/products/details/XCV18PTX,
Makita,XCV10PTX,https://www.amazon.com/dp/B07YKWY3ZQ?tag=rsvacuum-20,Backpack,,11,-,Yes,Bagged,2,33 / 62,,Cordless,-,,65 / 69,,7.25,9,14.75,18.42,22.86,37.47,,10,4.54,,No,No,No,Yes,No,Yes,-,Yes,,-,36,,,,,,,,Product Link,$779.98,Yes,4,41,https://www.makitatools.com/products/details/XCV10PTX,
Makita,XCV09Z (Amazon's Choice),https://www.amazon.com/dp/B07KMTPYZ6?tag=rsvacuum-20,Backpack,,11,-,Yes,Bagged,2,33 / 116,,Cordless,-,,62 / 69,,7.25,9,14.75,18.42,22.86,37.47,,9.9,4.49,,Yes,Yes,No,Yes,Yes,Yes,-,Yes,,-,36,,,,,,,,Product Link,$639.00,Yes,3.8,45,https://www.makitatools.com/products/details/XCV09Z,
Makita,XCV09PT,https://www.amazon.com/dp/B07KMW86ZS?tag=rsvacuum-20,Backpack,,11,-,Yes,Bagged,2,33 / 116,,Cordless,-,,62 / 69,,7.25,9,14.75,18.42,22.86,37.47,,9.9,4.49,,Yes,Yes,No,Yes,Yes,Yes,-,Yes,,-,40,,,,,,,,Product Link,$897.99,Yes,3.6,63,https://www.makitatools.com/products/details/XCV09PT,
Makita,GLC01M1,https://www.amazon.com/s?k=Makita+GLC01M1&tag=wat344r5-20,Stick,,42 CFM,125,Yes,Bagless,0.75,16/22/40/80,,Cordless,-,,65,,21.85,7.4,8.45,55.5,18.8,21.46,,5,2.27,,Yes,Yes,No,Yes,Yes,Yes,-,Yes,,-,40,,,,,,,,Product Link,,,,,https://www.makitatools.com/products/details/GLC01M1,
Makita,XLC08ZB,https://www.amazon.com/dp/B0CHLQGKW8?tag=rsvacuum-20,Stick,,39 CFM,90,No,Bagless,0.75,10,,Cordless,-,,63,,6.93,6.18,20.32,17.6,15.7,51.61,,3.7,1.68,,Yes,Yes,No,Yes,Yes,Yes,-,Yes,,-,18,,,,,,,,Product Link,$249.00,Yes,4.6,2,https://www.makitatools.com/products/details/XLC08ZB,
Makita,XLC08R1B,https://www.amazon.com/dp/B0CHLRQXSG?tag=rsvacuum-20,Stick,,39 CFM,90,No,Bagless,0.75,10,,Cordless,-,,63,,8.47,6.89,21.65,21.51,17.5,54.99,,3,1.36,,Yes,Yes,No,Yes,Yes,Yes,-,Yes,,-,18,,,,,,,,Product Link,$389.00,Yes,,,https://www.makitatools.com/products/details/XLC08R1B,
Makita,XLC11ZW,https://www.amazon.com/dp/B0C6CCT1WP?tag=rsvacuum-20,Stick,,35 CFM,120,No,Bagless,0.25,27,,Cordless,-,,55 / 66,,4.44,7,21.38,11.27,17.78,54.31,,4.4,2,,Yes,Yes,No,Yes,Yes,Yes,-,Yes,,-,18,,,,,,,,Product Link,$289.00,Yes,4,24,https://www.makitatools.com/products/details/XLC11ZW,
Makita,XLC10ZW,https://www.amazon.com/dp/B0C6CQN54T?tag=rsvacuum-20,Stick,,42 CFM,125,No,Bagged,0.33 / 0.5,8/15/21/38,,Cordless,-,,65,,4.44,6,19.75,11.27,15.24,50.17,,3.1,1.41,,Yes,Yes,No,Yes,Yes,Yes,-,Yes,,-,18,,,,,,,,Product Link,$264.88,Yes,4.2,6,https://www.makitatools.com/products/details/XLC10ZW,
Makita,XLC10R1W,https://www.amazon.com/dp/B0C6CKV2QL?tag=rsvacuum-20,Stick,,42 CFM,125,No,Bagged,0.33 / 0.5,8/15/21/38,,Cordless,-,,65,,4.44,6,19.75,11.27,15.24,50.17,,3.1,1.41,,Yes,Yes,No,Yes,Yes,Yes,-,Yes,,-,18,,,,,,,,Product Link,$411.22,Yes,5,2,https://www.makitatools.com/products/details/XLC10R1W,
Makita,XLC09ZB,https://www.amazon.com/dp/B0C6CX64VF?tag=rsvacuum-20,Stick,,42 CFM,125,No,Bagged,0.73 / 0.75,7 - 23,,Cordless,-,,65,,4.44,6,19.75,11.27,15.24,50.17,,2.9,1.32,,Yes,No,No,Yes,Yes,Yes,-,Yes,,-,18,,,,,,,,Product Link,$265.53,Yes,4.1,22,https://www.makitatools.com/products/details/XLC09ZB,
Makita,XLC11R1W,https://www.amazon.com/dp/B0C6CNXS33?tag=rsvacuum-20,Stick,,35 CFM,-,No,Bagless,0.25,27,,Cordless,-,,55 / 66,,4.44,7,21.38,11.27,17.78,54.31,,4.4,2,,Yes,No,No,Yes,Yes,Yes,-,Yes,,-,18,,,,,,,,Product Link,$440.93,Yes,5,1,https://www.makitatools.com/products/details/XLC11R1W,
Makita,XLC09R1B,https://www.amazon.com/dp/B0C6CN5XZR?tag=rsvacuum-20,Stick,,42 CFM,125,No,Bagless,0.73 / 0.75,7 - 23,,Cordless,-,,65,,4.44,6,19.75,11.27,15.24,50.17,,2.9,1.32,,Yes,No,No,Yes,Yes,Yes,-,Yes,,-,18,,,,,,,,Product Link,$410.76,Yes,,,https://www.makitatools.com/products/details/XLC09R1B,
Makita,GLC03Z,https://www.amazon.com/s?k=Makita+GLC03Z&tag=wat344r5-20,Stick,,35 CFM,-,Yes,Bagless,0.25,16/25/40/80,,Cordless,-,,54 / 65,,6.18,7.91,22.09,15.7,20.09,56.11,,4.2,1.91,,Yes,No,No,Yes,Yes,Yes,-,Yes,,-,40,,,,,,,,Product Link,,,,,https://www.makitatools.com/products/details/GLC03Z,
Makita,GLC03R1,https://www.amazon.com/dp/B0BRT14TW8?tag=rsvacuum-20,Stick,,35 CFM,-,Yes,Bagless,0.25,16/25/40/80,,Cordless,-,,54 / 65,,8,9,44,20.32,22.86,111.76,,4.2,1.91,,Yes,No,No,Yes,Yes,Yes,-,Yes,,-,40,,,,,,,,Product Link,,No,,,https://www.makitatools.com/products/details/GLC03R1,
Makita,GLC02R1,https://www.amazon.com/dp/B0B999XLYD?tag=rsvacuum-20,Stick,,42 CFM,125,No,Bagged,0.33 / 0.5,16/25/40/80,,Cordless,-,,54 / 65,,7.21,8.27,21.65,18.31,21.01,54.99,,4,1.81,,Yes,No,No,Yes,Yes,Yes,-,Yes,,-,40,,,,,,,,Product Link,,No,,,https://www.makitatools.com/products/details/GLC02R1,
Makita,GLC02Z,https://www.amazon.com/dp/B0B3HC6VXS?tag=rsvacuum-20,Stick,,42 CFM,125,No,Bagged,0.33 / 0.5,16/25/40/80,,Cordless,-,,54 / 65,,5.51,6.89,20.12,14,17.5,51.1,,4,1.81,,Yes,No,No,Yes,Yes,Yes,-,Yes,,-,40,,,,,,,,Product Link,,No,,,https://www.makitatools.com/products/details/GLC02Z,
Makita,GLC01R1,https://www.amazon.com/s?k=Makita+GLC01R1&tag=wat344r5-20,Stick,,42 CFM,125,Yes,Bagless,0.73,16/25/40/80,,Cordless,-,,54 / 65,,7.21,8.27,21.65,18.31,21.01,54.99,,3.7,1.68,,Yes,No,No,Yes,Yes,Yes,-,Yes,,-,40,,,,,,,,Product Link,,,,,https://www.makitatools.com/products/details/GLC01R1,
Makita,GLC01Z,https://www.amazon.com/dp/B09H2JW27J?tag=rsvacuum-20,Stick,,42 CFM,125,Yes,Bagless,0.73,16/25/40/80,,Cordless,-,,54 / 65,,5.51,6.89,20.12,14,17.5,51.1,,3.7,1.68,,Yes,No,No,Yes,Yes,Yes,-,Yes,,-,40,,,,,,,,Product Link,,No,3.5,5,https://www.makitatools.com/products/details/GLC01Z,
Makita,XLC03R1BX4 (Amazon's Choice),https://www.amazon.com/dp/B07VNTSJT5?tag=rsvacuum-20,Stick,,49 CFM,-,No,Bagless,0.75,13 - 20,,Cordless,-,,70,,-,-,-,-,-,-,,2.7,1.22,,Yes,No,No,Yes,Yes,Yes,-,Yes,,-,18,,,,,,,,Product Link,$374.63,Yes,4.1,63,https://www.makitatools.com/products/details/XLC03R1BX4,
Makita,XLC03R1WX4 (Amazon's Choice),https://www.amazon.com/dp/B07VMTZNRY?tag=rsvacuum-20,Stick,,49 CFM,-,No,Bagless,0.75,13 - 20,,Cordless,-,,70,,7.21,8.94,21.62,18.31,22.71,54.91,,2.7,1.22,,Yes,No,No,Yes,Yes,Yes,-,Yes,,-,18,,,,,,,,Product Link,$369.37,Yes,4.6,31,https://www.makitatools.com/products/details/XLC03R1WX4,
Makita,XLC03ZBX4 (Amazon's Choice),https://www.amazon.com/dp/B07VPXJ529?tag=rsvacuum-20,Stick,,49 CFM,-,No,Bagless,0.75,13 - 20,,Cordless,-,,70,,5.63,7.13,20.24,14.3,18.11,51.41,,2.7,1.22,,Yes,No,No,Yes,Yes,Yes,-,Yes,,-,18,,,,,,,,Product Link,$229.00,Yes,4.4,142,https://www.makitatools.com/products/details/XLC03ZBX4,
Makita,XLC01ZB (Amazon's Choice),https://www.amazon.com/dp/B07C17691M?tag=rsvacuum-20,Stick,,35 CFM,-,No,Bagged,5,60,,Cordless,-,,61,,5.35,6.85,18.98,13.59,17.4,48.21,,2.9,1.32,,Yes,No,No,Yes,Yes,Yes,-,Yes,,-,18,,,,,,,,Product Link,$129.00,Yes,4.3,420,https://www.makitatools.com/products/details/XLC01ZB,
Makita,XLC02R1B (Amazon's Choice),https://www.amazon.com/dp/B0733KWZ3P?tag=rsvacuum-20,Stick,,46 CFM,37,No,Bagless,0.75,33,,Cordless,-,,71,,5.8,8.2,23.2,14.73,20.83,58.93,,2.7,1.22,,Yes,No,No,Yes,Yes,Yes,-,Yes,,-,18,,,,,,,,Product Link,$222.00,Yes,4.5,"3,953",https://www.makitatools.com/products/details/XLC02R1B,
Makita,XLC02ZB,https://www.amazon.com/dp/B072HFQLBS?tag=rsvacuum-20,Stick,,46 CFM,37,No,Bagless,0.75,33,,Cordless,-,,71,,5.35,6.85,18.98,13.59,17.4,48.21,,2.7,1.22,,Yes,No,No,Yes,Yes,Yes,-,Yes,,-,18,,,,,,,,Product Link,$128.50,Yes,4.5,"3,953",https://www.makitatools.com/products/details/XLC02ZB,
Makita,XLC02RB1W (Amazon's Choice),https://www.amazon.com/dp/B018S0VT4O?tag=rsvacuum-20,Stick,,46 CFM,37,No,Bagless,0.75,33,,Cordless,-,,71,,5.75,8,23,14.61,20.32,58.42,,2.7,1.22,,Yes,No,No,Yes,Yes,Yes,-,Yes,,-,18,,,,,,,,Product Link,$229.00,Yes,4.6,"2,190",https://www.makitatools.com/products/details/XLC02RB1W,
Makita,XLC02ZW  (Amazon's Choice),https://www.amazon.com/dp/B00LIV0QJU?tag=rsvacuum-20,Stick,,46 CFM,37,No,Bagless,0.75,33,,Cordless,-,,71,,5.35,6.85,18.98,13.59,17.4,48.21,,2.7,1.22,,Yes,No,No,Yes,Yes,Yes,-,Yes,,-,18,,,,,,,,Product Link,$134.91,Yes,4.6,"2,190",https://www.makitatools.com/products/details/XLC02ZW,
Makita,GCV07ZU,https://www.amazon.com/dp/B0CHY67XZ7?tag=rsvacuum-20,Canister,,18,-,Yes,Bagged,30 / 40,54,,Cordless,-,,69,,15.13,23,23.5,38.42,58.42,59.69,,45.6,20.68,,No,No,No,No,No,Yes,-,Yes,,-,80,,,,,,,,Product Link,,No,,,https://www.makitatools.com/products/details/GCV07ZU,
Makita,GCV07PMU,https://www.amazon.com/s?k=Makita+GCV07PMU&tag=wat344r5-20,Canister,,18,-,Yes,Bagged,30 / 40,54,,Cordless,-,,69,,15.13,23,23.5,38.42,58.42,59.69,,45.6,20.68,,No,No,No,No,No,Yes,-,Yes,,-,80,,,,,,,,Product Link,,,,,https://www.makitatools.com/products/details/GCV07PMU,
Makita,ADCV11Z  (Amazon's Choice),https://www.amazon.com/dp/B0BF4Z4JV8?tag=rsvacuum-20,Canister,,4.2 / 6.7,-,Yes,Bagged,4.5 / 7.5,60,,Cordless,-,,76,,9.88,16.5,11,25.08,41.91,27.94,,10.1,4.58,,Yes,Yes,No,No,No,Yes,-,Yes,,-,18,,,,,,,,Product Link,$228.29,Yes,4.3,"2,824",https://www.makitatools.com/products/details/ADCV11Z,
Makita,GCV03PM,https://www.amazon.com/s?k=Makita+GCV03PM&tag=wat344r5-20,Canister,,23,-,No,Bagged,12 / 15,-,,Cordless,-,,67,,13.13,14.38,18.75,33.34,36.51,47.63,,22.7,10.3,,Yes,No,No,Yes,Yes,Yes,-,Yes,,-,36 - 40,,,,,,,,Product Link,,,,,https://www.makitatools.com/products/details/GCV03PM,
Makita,GCV04ZX,https://www.amazon.com/s?k=Makita+GCV04ZX&tag=wat344r5-20,Canister,,23,-,Yes,Bagged,15,-,,Cordless,-,,67,,13.13,14.38,18.75,33.34,36.51,47.63,,23.1,10.48,,No,No,No,No,No,Yes,-,Yes,,-,36 - 40,,,,,,,,Product Link,,,,,https://www.makitatools.com/products/details/GCV04ZX,
Makita,GCV04ZUX,https://www.amazon.com/dp/B0C4SH82R8?tag=rsvacuum-20,Canister,,23,-,Yes,Bagged,15,-,,Cordless,-,,67,,13.13,14.38,18.75,33.34,36.51,47.63,,23.1,10.48,,No,No,No,No,No,Yes,-,Yes,,-,36 - 40,,,,,,,,Product Link,,No,,,https://www.makitatools.com/products/details/GCV04ZUX,
Makita,GCV04PMX,https://www.amazon.com/s?k=Makita+GCV04PMX&tag=wat344r5-20,Canister,,23,-,Yes,Bagged,15,-,,Cordless,-,,67,,13.13,14.38,18.75,33.34,36.51,47.63,,23.1,10.48,,No,No,No,No,No,Yes,-,Yes,,-,36 - 40,,,,,,,,Product Link,,No,,,https://www.makitatools.com/products/details/GCV04PMX,
Makita,GCV03Z,https://www.amazon.com/s?k=Makita+GCV03Z&tag=wat344r5-20,Canister,,23,-,No,Bagged,12 / 15,-,,Cordless,-,,67,,13.13,14.38,18.75,33.34,36.51,47.63,,22.7,10.3,,Yes,No,No,Yes,Yes,Yes,-,Yes,,-,36 - 40,,,,,,,,Product Link,,,,,https://www.makitatools.com/products/details/GCV03Z,
Makita,GCV04PMUX,https://www.amazon.com/dp/B0BWFTHCR1?tag=rsvacuum-20,Canister,,23,-,Yes,Bagged,15,-,,Cordless,-,,67,,13.13,14.38,18.75,33.34,36.51,47.63,,23.1,10.48,,No,No,No,No,No,Yes,-,Yes,,-,36 - 40,,,,,,,,Product Link,,,,,https://www.makitatools.com/products/details/GCV04PMUX,
Makita,XCV22ZU,https://www.amazon.com/dp/B0B52CHZP7?tag=rsvacuum-20,Canister,,11,-,Yes,Bagged,8,80,,Cordless,-,,64,,13.13,14.38,14.5,33.34,36.51,36.83,,18.5,8.39,,Yes,No,No,Yes,Yes,Yes,-,Yes,,-,36,,,,,,,,Product Link,$849.00,Yes,4,2,https://www.makitatools.com/products/details/XCV22ZU,
Makita,XCV22PTU,https://www.amazon.com/dp/B0B52D7QP4?tag=rsvacuum-20,Canister,,11,-,Yes,Bagged,8,80,,Cordless,-,,64,,13.13,14.38,14.5,33.34,36.51,36.83,,18.5,8.39,,Yes,No,No,Yes,Yes,Yes,-,Yes,,-,36,,,,,,,,Product Link,"$1,149.00",Yes,,,https://www.makitatools.com/products/details/XCV22PTU,
Makita,GCV02PMU,https://www.amazon.com/dp/B0B3G875JR?tag=rsvacuum-20,Canister,,23,-,Yes,Bagged,8,65,,Cordless,-,,67,,13.13,14.38,16.75,33.34,36.51,42.55,,22.5,10.21,,No,No,No,No,No,Yes,-,Yes,,-,36 - 40,,,,,,,,Product Link,,No,,,https://www.makitatools.com/products/details/GCV02PMU,
Makita,GCV01Z,https://www.amazon.com/dp/B0B3HWK2J5?tag=rsvacuum-20,Canister,,23,-,No,Bagged,6 / 8,-,,Cordless,-,,67,,13.13,14.38,16.75,33.34,36.51,42.55,,22,9.98,,Yes,No,No,Yes,Yes,Yes,-,Yes,,-,36 - 40,,,,,,,,Product Link,,No,,,https://www.makitatools.com/products/details/GCV01Z,
Makita,GCV01PM,https://www.amazon.com/dp/B0B3HFBHLS?tag=rsvacuum-20,Canister,,23,-,No,Bagged,6 / 8,54,,Cordless,-,,67,,13.13,14.38,16.75,33.34,36.51,42.55,,22,9.98,,Yes,No,No,Yes,Yes,Yes,-,Yes,,-,36 - 40,,,,,,,,Product Link,,No,,,https://www.makitatools.com/products/details/GCV01PM,
Makita,GCV02ZU,https://www.amazon.com/dp/B0B3GHGTCV?tag=rsvacuum-20,Canister,,23,-,Yes,Bagged,8,65,,Cordless,-,,67,,13.13,14.38,16.75,33.34,36.51,42.55,,22.5,10.21,,No,No,No,No,No,Yes,-,Yes,,-,36 - 40,,,,,,,,Product Link,,No,,,https://www.makitatools.com/products/details/GCV02ZU,
Makita,XCV25ZUX,https://www.amazon.com/dp/B09BY931WM?tag=rsvacuum-20,Canister,,11,-,Yes,Bagged,15,42 - 100,,Cordless,-,,64,,13.13,14.38,16.5,33.34,36.51,41.91,,19,8.62,,No,No,No,No,No,Yes,-,Yes,,-,36,,,,,,,,Product Link,$629.99,Yes,4,22,https://www.makitatools.com/products/details/XCV25ZUX,
Makita,XCV23Z,https://www.amazon.com/dp/B08VN3P2DM?tag=rsvacuum-20,Canister,,11,-,No,Bagged,12 / 15,42 - 100,,Cordless,-,,64,,13.13,14.38,16.5,33.34,36.51,41.91,,17.4,7.89,,Yes,No,No,Yes,Yes,Yes,-,Yes,,-,36,,,,,,,,Product Link,$599.00,Yes,1.8,2,https://www.makitatools.com/products/details/XCV23Z,
Makita,XCV20Z,https://www.amazon.com/dp/B08VMYZXV8?tag=rsvacuum-20,Canister,,11,-,No,Bagged,6 / 8,42 - 100,,Cordless,-,,64,,13.13,14.38,14.5,33.34,36.51,36.83,,17,7.71,,Yes,No,No,Yes,Yes,Yes,-,Yes,,-,36,,,,,,,,Product Link,,No,4.9,5,https://www.makitatools.com/products/details/XCV20Z,
Makita,XLC07Z,https://www.amazon.com/dp/B08H3HGQ9N?tag=rsvacuum-20,Canister,,49 CFM,-,No,Bagged,0.33 / 0.5,20 / 30 / 80,,Cordless,-,,68,,13.13,5.5,8,33.34,13.97,20.32,,4.9,2.22,,Yes,Yes,Yes,No,No,No,-,Yes,,-,18,,,,,,,,Product Link,$179.00,Yes,3.6,192,https://www.makitatools.com/products/details/XLC07Z,
Makita,XLC07SY1,https://www.amazon.com/dp/B08H3HCSRN?tag=rsvacuum-20,Canister,,49 CFM,-,No,Bagged,0.33 / 0.5,20 / 30 / 80,,Cordless,-,,68,,13.13,5.5,8,33.34,13.97,20.32,,4.9,2.22,,Yes,Yes,Yes,No,No,No,-,Yes,,-,18,,,,,,,,Product Link,$279.00,Yes,3.7,61,https://www.makitatools.com/products/details/XLC07SY1,
Makita,VC4210L  (Amazon's Choice),https://www.amazon.com/dp/B07ZMN75V2?tag=rsvacuum-20,Canister,,25,1200,Yes,Bagged,42,-,,Corded,24.6,,60,,15.2,22.6,23.8,38.61,57.4,60.45,,35.3,16.01,,No,No,No,No,No,Yes,-,Yes,,12,110 - 120,,,,,,,,Product Link,$729.00,Yes,4.1,217,https://www.makitatools.com/products/details/VC4210L,
Makita,XCV11Z (Amazon's Choice),https://www.amazon.com/dp/B07M8JTDNS?tag=rsvacuum-20,Canister,,6.7,-,Yes,Bagged,4.5 / 7.5,60,,Cordless,-,,76,,9.88,16.5,11,25.08,41.91,27.94,,10.1,4.58,,No,No,No,No,No,Yes,-,Yes,,-,18,,,,,,,,Product Link,$229.51,Yes,4.3,"2,824",https://www.makitatools.com/products/details/XCV11Z,
Makita,XCV11T (Amazon's Choice),https://www.amazon.com/dp/B07RRZXCHM?tag=rsvacuum-20,Canister,,6.7,-,Yes,Bagged,4.5 / 7.5,60,,Cordless,-,,76,,9.88,16.5,11,25.08,41.91,27.94,,10.1,4.58,,No,No,No,No,No,Yes,-,Yes,,-,18,,,,,,,,Product Link,$480.43,Yes,4.3,"2,824",https://www.makitatools.com/products/details/XCV11T,
Makita,XCV04PT,https://www.amazon.com/dp/B07RT31ZJQ?tag=rsvacuum-20,Canister,,9 / 24,-,Yes,Bagged,8,65,,Corded,19,,64,,13.38,14.13,14.5,33.97,35.88,36.83,,20.5,9.3,,Yes,No,No,Yes,Yes,Yes,-,Yes,,9.2,36,,,,,,,,Product Link,"$1,119.00",Yes,5,1,https://www.makitatools.com/products/details/XCV04PT,
Makita,XCV04Z,https://www.amazon.com/dp/B01FXQ6CLQ?tag=rsvacuum-20,Canister,,9 / 24,-,Yes,Bagged,8,65,,Corded,19,,64,,13.38,14.13,14.5,33.97,35.88,36.83,,20.5,9.3,,Yes,No,No,Yes,Yes,Yes,-,Yes,,9.2,36,,,,,,,,Product Link,$856.78,Yes,4.1,17,https://www.makitatools.com/products/details/XCV04Z,
Makita,DRC300PT,https://www.amazon.com/dp/B0BHC9ZCR5?tag=rsvacuum-20,Robot,,-,-,Yes,Bagless,3,240,,Cordless,-,,52,,19.75,19.75,8,50.17,50.17,20.32,,23.4,10.61,,No,No,No,No,No,Yes,-,Yes,,-,18,,-,Yes,No,Yes,No,Yes,Product Link,"$3,199.00",Yes,3.3,2,https://www.makitatools.com/products/details/DRC300PT,
Makita,DRC200Z,https://www.amazon.com/dp/B01I3RBX02?tag=rsvacuum-20,Robot,,-,-,Yes,Bagless,2.5,120 / 200,,Cordless,-,,64,,18.13,18.13,7.13,46.04,46.04,18.1,,17.2,7.8,,No,No,No,No,No,Yes,-,Yes,,-,18,,-,Yes,No,Yes,No,Yes,Product Link,"$1,115.00",Yes,3.7,106,https://www.makitatools.com/products/details/DRC200Z,
Makita,DRC200PT,https://www.amazon.com/dp/B06Y2Q2RWW?tag=rsvacuum-20,Robot,,-,-,Yes,Bagless,2.5,120 / 200,,Cordless,-,,64,,18.13,18.13,7.13,46.04,46.04,18.1,,17.2,7.8,,No,No,No,No,No,Yes,-,Yes,,-,18,,-,Yes,No,Yes,No,Yes,Product Link,"$1,849.00",Yes,3.7,106,https://www.makitatools.com/products/details/DRC200PT,
Makita,DVC560Z,https://www.amazon.com/dp/B08V96TS3T?tag=rsvacuum-20,Upright,,12,50,Yes,Bagless,5,120,,Cordless,-,,70,,12.8,12.5,45.1,32.51,31.75,114.55,,17,7.71,,No,No,No,No,No,Yes,No,Yes,,-,-,,-,-,-,-,-,-,Product Link,$373.57,Yes,4.1,22,,
Makita,DCL286FZ (Amazon's Choice),https://www.amazon.com/dp/B0C7KVFNFM?tag=rsvacuum-20,Stick,,-,100,No,Bagless,0.25,30,,Cordless,-,,66,,4.45,6.97,43.54,11.3,17.7,110.59,,2.6,1.18,,No,No,No,No,No,Yes,No,Yes,,-,18,,-,-,-,-,-,-,Product Link,$315.04,Yes,4,174,,
Makita,CL181,https://www.amazon.com/dp/B077JLQGHH?tag=rsvacuum-20,Stick,,-,10,No,Bagless,0.65,40,,Cordless,-,,72.2,,4.49,5.98,39.33,11.4,15.19,99.9,,3.1,1.41,,Yes,No,No,Yes,No,No,No,Yes,,-,18,,-,-,-,-,-,-,Product Link,$86.41,Yes,4.4,230,,
Makita,DCL180ZB,https://www.amazon.com/dp/B01J9JCK5A?tag=rsvacuum-20,Stick,,4.2,30,No,Bagless,0.65,20,,Cordless,-,,71,,4.49,5.98,18.98,11.4,15.19,48.21,,1.32,0.6,,Yes,No,No,Yes,No,No,No,No,,-,110,,-,-,-,-,-,-,Product Link,$136.00,Yes,4.4,"5,030",,
Makita,DVC660Z,https://www.amazon.com/dp/B08B8XR9DC?tag=rsvacuum-20,Backpack,,11,95,Yes,Bagged,5.5,90,,Cordless,-,,80,,11.69,6.85,20.59,29.69,17.4,52.3,,14.8,6.71,,No,No,No,No,No,No,No,Yes,,2.5,36,,-,-,-,-,-,-,Product Link,$378.34,Yes,4.1,140,,
Makita,CL280FDZC  (Amazon's Choice),https://www.amazon.com/dp/B082BY19V2?tag=rsvacuum-20,Stick,,-,45,No,Bagless,0.75,20,,Cordless,-,,70,,6.1,4.45,40,15.49,11.3,101.6,,2.9,1.32,,No,No,No,No,No,Yes,No,No,,-,18,,-,-,-,-,-,-,Product Link,$237.22,Yes,4.3,470,,
Makita,CL140FDZW,https://www.amazon.com/dp/B00352WSVY?tag=rsvacuum-20,Stick,,-,11,No,Bagless,0.65,20,,Cordless,-,,70,,4.49,5.98,38.62,11.4,15.19,98.09,,3.48,1.58,,Yes,No,No,Yes,No,Yes,No,No,,-,14,,-,-,-,-,-,-,Product Link,$148.00,Yes,4.3,350,,
MANVN,,,,,,,,,,,,,,,,,,,,,,,,,,,,,,,,,,,,,,,,,,,,,,,,,,,
MANVN,Racing,https://www.amazon.com/dp/B0GSTXW229?tag=rsvacuum-20,Robot,,2.3,-,No,Bagless,0.6,100,,Cordless,-,,60,,11.8,11.8,2.87,29.97,29.97,7.29,,7.7,3.49,,No,No,No,No,No,Yes,No,Yes,,-,-,,-,Yes,No,No,Yes,Yes,Product Link,$109.71,Yes,4.9,19,,
Miele,,,,,,,,,,,,,,,,,,,,,,,,,,,,,,,,,,,,,,,,,,,,,,,,,,,
Miele,Blizzard CX1 Cat & Dog PowerLine,https://www.amazon.com/dp/B079P7FQPM?tag=rsvacuum-20,Canister,,-,1200,Yes,Bagless,2,-,,Corded,21,,72,,12,20,12,30.48,50.8,30.48,,19,8.62,,Yes,Yes,Yes,Yes,Yes,Yes,Yes,Yes,,11,110,,,,,,,,Product Link,$799.20,Yes,4.3,"2,210",https://www.mieleusa.com/product/10829410/bagless-canister-vacuum-cleaners-blizzard-cx1-cat-and-dog-powerline-lotus-white,$999.00
Miele,Blizzard CX1 PureSuction PowerLine,https://www.amazon.com/dp/B07DX7BGW3?tag=rsvacuum-20,Canister,,-,1200,No,Bagless,2,-,,Corded,21,,65,,12.21,20.28,12.21,31.01,51.51,31.01,,18.96,8.6,,Yes,Yes,No,Yes,Yes,Yes,Yes,Yes,,11,110,,,,,,,,Product Link,$501.40,Yes,4.3,"2,210",https://www.mieleusa.com/product/10829430/bagless-canister-vacuum-cleaners-blizzard-cx1-puresuction-powerline-graphite-grey,$629.00
Miele,Blizzard CX1 TurboTeam PowerLine,https://www.amazon.com/dp/B079PN6RHZ?tag=rsvacuum-20,Canister,,-,1200,Yes,Bagless,2,-,,Corded,21,,79,,12,20,12,30.48,50.8,30.48,,19,8.62,,Yes,Yes,No,Yes,Yes,Yes,Yes,Yes,,11,110,,,,,,,,Product Link,$543.00,Yes,4.3,"2,210",https://www.mieleusa.com/product/10829400/bagless-canister-vacuum-cleaners-blizzard-cx1-turboteam-powerline-tech-blue,$679.00
Miele,Boost CX1  (Amazon's Choice),https://www.amazon.com/dp/B09V4C15JV?tag=rsvacuum-20,Canister,,-,1200,No,Bagless,1,-,,Corded,21,,78,,11.1,16.25,11,28.19,41.28,27.94,,18,8.16,,Yes,Yes,No,Yes,Yes,Yes,Yes,Yes,,9.2,110,,,,,,,,Product Link,$479.00,Yes,3.9,445,https://www.mieleusa.com/product/11735560/bagless-canister-vacuum-cleaners-boost-cx1-lotus-white,$479.00
Miele,Boost CX1 Cat & Dog,https://www.amazon.com/dp/B09V4NG7B8?tag=rsvacuum-20,Canister,,-,1200,Yes,Bagless,1,-,,Corded,21,,78,,11.1,16.25,11,28.19,41.28,27.94,,21.7,9.84,,Yes,Yes,No,Yes,Yes,Yes,Yes,Yes,,9.2,110,,,,,,,,Product Link,$679.00,Yes,3.9,445,https://www.mieleusa.com/product/11735550/bagless-canister-vacuum-cleaners-boost-cx1-cat-and-dog-obsidian-black,$679.00
Miele,Boost CX1 Parquet,https://www.amazon.com/dp/B0BLQH7TKY?tag=rsvacuum-20,Canister,,-,1200,Yes,Bagless,1,-,,Corded,21,,72,,11.02,15.75,11.02,27.99,40.01,27.99,,17.2,7.8,,Yes,Yes,No,Yes,Yes,Yes,Yes,Yes,,9.1,110,,,,,,,,Product Link,$579.00,Yes,3.9,445,https://www.mieleusa.com/product/11735540/bagless-canister-vacuum-cleaners-boost-cx1-parquet-lotus-white,$579.00
Miele,Classic C1 Cat & Dog PowerLine - SBBN0,https://www.amazon.com/dp/B07GBG34XG?tag=rsvacuum-20,Canister,,-,1100,No,Bagged,4.5,-,,Corded,18,,60,,18.25,11,8.7,46.36,27.94,22.1,,21,9.53,,Yes,Yes,Yes,Yes,Yes,No,Yes,Yes,,11,110,,,,,,,,Product Link,$631.20,Yes,4.3,19,https://www.mieleusa.com/product/10639470/canister-vacuum-cleaners-classic-c1-cat-and-dog-powerline-sbbn0-lotus-white,$789.00
Miele,Classic C1 Pure Suction HomeCare PowerLine - SBCN0  (Amazon's Choice),https://www.amazon.com/dp/B07P97CD5T?tag=rsvacuum-20,Canister,,-,1100,Yes,Bagged,4.5,-,,Corded,18,,5,,18.25,11,8.7,46.36,27.94,22.1,,12,5.44,,Yes,Yes,Yes,Yes,Yes,No,Yes,Yes,,11,120,,,,,,,,Product Link,$279.20,Yes,4.4,"6,933",https://www.mieleusa.com/product/11262170/canister-vacuum-cleaners-classic-c1-pure-suction-homecare-powerline-sbcn0-autumn-red,$629.00
Miele,Classic C1 Turbo Team PowerLine - SBAN0,https://www.amazon.com/dp/B07P97JJNZ?tag=rsvacuum-20,Canister,,-,1100,No,Bagged,4.5,-,,Corded,18,,64,,18.25,11,8.7,46.36,27.94,22.1,,13,5.9,,Yes,Yes,Yes,Yes,Yes,No,Yes,Yes,,12,120,,,,,,,,Product Link,$375.20,Yes,4.5,"2,839",https://www.mieleusa.com/product/11181010/canister-vacuum-cleaners-classic-c1-turbo-team-powerline-sban0-tech-blue,$469.00
Miele,Compact C1 HomeCare PowerLine - SCAO3,https://www.amazon.com/dp/B06XHPLYZL?tag=rsvacuum-20,Canister,,-,1100,No,Bagged,4.5,-,,Corded,18,,72,,9.8,16.9,9.1,24.89,42.93,23.11,,14.8,6.71,,Yes,Yes,No,Yes,Yes,No,Yes,Yes,,-,120,,,,,,,,Product Link,,No,4.4,"1,994",https://www.mieleusa.com/product/10850050/canister-vacuum-cleaners-compact-c1-homecare-powerline-scao3-autumn-red,$839.00
Miele,Complete C2 Hardfloor PowerLine - SFAE0,https://www.amazon.com/dp/B0BNWB6HXH?tag=rsvacuum-20,Canister,,-,1100,No,Bagged,4.5,-,,Corded,21,,78,,12,14,23,30.48,35.56,58.42,,20,9.07,,Yes,Yes,No,Yes,Yes,No,Yes,Yes,,5.5,110,,,,,,,,Product Link,$529.00,Yes,4.6,"1,426",https://www.mieleusa.com/product/12157880/canister-vacuum-cleaners-complete-c2-hardfloor-powerline-sfae0-tech-blue,$529.00
Miele,Complete C3 125 Gala Edition,https://www.amazon.com/dp/B08RSN5ZKL?tag=rsvacuum-20,Canister,,-,1100,No,Bagged,4.5,-,,Corded,24,,77,,12,24,15,30.48,60.96,38.1,,17,7.71,,Yes,Yes,No,Yes,Yes,No,Yes,Yes,,12,120,,,,,,,,Product Link,$549.99,Yes,4.6,40,https://www.mieleusa.com/product/12457870/canister-vacuum-cleaners-complete-c3-125-gala-edition-graphite-grey,$649.00
Miele,Complete C3 Calima PowerLine - SGFE0,https://www.amazon.com/dp/B079MKPSZS?tag=rsvacuum-20,Canister,,-,1100,Yes,Bagged,4.5,-,,Corded,24,,81,,12,20,12,30.48,50.8,30.48,,20,9.07,,Yes,Yes,Yes,Yes,Yes,No,Yes,Yes,,10.9,110,,,,,,,,Product Link,$784.50,Yes,4.2,"1,503",https://www.mieleusa.com/product/10796510/canister-vacuum-cleaners-complete-c3-calima-powerline-sgfe0-curry-yellow,$839.00
Miele,Complete C3 Cat & Dog PowerLine - SGEE0  (Amazon's Choice),https://www.amazon.com/dp/B00R43I490?tag=rsvacuum-20,Canister,,21.1,1100,No,Bagged,4.5,-,,Corded,24,,60,,11.18,19.53,8.94,28.4,49.61,22.71,,23,10.43,,Yes,Yes,Yes,Yes,Yes,No,Yes,Yes,,-,110,,,,,,,,Product Link,"$1,249.99",Yes,4.3,500,https://www.mieleusa.com/product/10014520/canister-vacuum-cleaners-complete-c3-cat-and-dog-powerline-sgee0-lotus-white,"$1,259.00"
Miele,Complete C3 Kona PowerLine - SGFE0,https://www.amazon.com/dp/B00S1AGM44?tag=rsvacuum-20,Canister,,-,1100,Yes,Bagged,4.5,-,,Corded,24,,60,,14,22,11,35.56,55.88,27.94,,23,10.43,,Yes,Yes,Yes,Yes,Yes,No,Yes,Yes,,-,110,,,,,,,,Product Link,"$1,141.61",Yes,4.2,"1,503",https://www.mieleusa.com/product/10014580/canister-vacuum-cleaners-complete-c3-kona-powerline-sgfe0-obsidian-black,"$1,159.00"
Miele,Complete C3 Marin PowerLine - SGJE0,https://www.amazon.com/dp/B00R43I4EU?tag=rsvacuum-20,Canister,,-,1100,Yes,Bagged,4.5,-,,Corded,24,,60,,11.18,19.52,8.94,28.4,49.58,22.71,,23,10.43,,Yes,Yes,No,Yes,Yes,No,Yes,Yes,,-,110,,,,,,,,Product Link,"$1,260.75",Yes,4.2,"1,503",https://www.mieleusa.com/product/10014700/canister-vacuum-cleaners-complete-c3-marin-powerline-sgje0-marine-blue,"$1,369.00"
Miele,Duoflex HX1,https://www.amazon.com/dp/B0DCGRKXNT?tag=rsvacuum-20,Stick,,44.4,210,No,Bagless,0.3,55,,Cordless,-,,79,,7.6,11.4,29.9,19.3,28.96,75.95,,7,3.18,,Yes,Yes,No,No,Yes,No,Yes,Yes,,10.3,25,,,,,,,,Product Link,$549.00,Yes,4,69,https://www.mieleusa.com/product/12556610/cordless-stick-vacuum-cleaner-duoflex-hx1-nordic-blue,$549.00
Miele,Duoflex HX1 Extra,https://www.amazon.com/dp/B0DCGMMTK4?tag=rsvacuum-20,Stick,,44.4,210,No,Bagless,0.3,55,,Cordless,-,,79,,7.6,11.4,29.9,19.3,28.96,75.95,,7,3.18,,Yes,Yes,No,No,Yes,No,Yes,Yes,,10.3,25,,,,,,,,Product Link,$509.15,Yes,4,68,https://www.mieleusa.com/product/12580550/cordless-stick-vacuum-cleaner-duoflex-hx1-extra-brilliant-white,$599.00
Miele,Duoflex HX1 Total Care,https://www.amazon.com/dp/B0DCGPJ2YG?tag=rsvacuum-20,Stick,,44.4,210,No,Bagless,0.3,55,,Cordless,-,,79,,7.6,11.4,29.9,19.3,28.96,75.95,,7,3.18,,Yes,Yes,Yes,No,Yes,No,Yes,Yes,,10.3,25,,,,,,,,Product Link,$699.00,Yes,4,68,https://www.mieleusa.com/product/12556680/cordless-stick-vacuum-cleaner-duoflex-hx1-total-care-obsidian-black,$699.00
Miele,Triflex HX1 Facelift Plus,https://www.amazon.com/dp/B0BTFC4237?tag=rsvacuum-20,Stick,,-,66,Yes,Bagless,0.5,60,,Cordless,-,,80,,10.24,11.02,51.06,26.01,27.99,129.69,,8,3.63,,Yes,Yes,No,No,Yes,No,Yes,Yes,,8.7,25,,,,,,,,Product Link,$519.20,Yes,3.1,6,https://www.mieleusa.com/product/12206750/cordless-stick-vacuum-cleaner-triflex-hx1-facelift-plus-obsidian-black,$649.00
Miele,Triflex HX2,https://www.amazon.com/dp/B0BTFSR849?tag=rsvacuum-20,Stick,,-,272,Yes,Bagless,0.5,60,,Cordless,-,,77,,10.24,11.02,51.06,26.01,27.99,129.69,,8,3.63,,Yes,Yes,No,No,Yes,No,Yes,Yes,,12.8,25,,,,,,,,Product Link,$599.20,Yes,3.6,54,https://www.mieleusa.com/product/11827000/cordless-stick-vacuum-cleaner-triflex-hx2-lotus-white,$749.00
Miele,Triflex HX2 Cat & Dog,https://www.amazon.com/dp/B0BTFSBFQY?tag=rsvacuum-20,Stick,,10.9,272,Yes,Bagless,0.5,60,,Cordless,-,,77,,10.24,11.02,51.06,26.01,27.99,129.69,,8,3.63,,Yes,Yes,Yes,No,Yes,No,Yes,Yes,,12.8,25,,,,,,,,Product Link,$738.20,Yes,2.8,25,https://www.mieleusa.com/product/11827010/cordless-stick-vacuum-cleaner-triflex-hx2-cat-and-dog-obsidian-black,$929.00
Miele,Triflex HX2 Pro  (Amazon's Choice),https://www.amazon.com/dp/B0BTFCWGG4?tag=rsvacuum-20,Stick,,-,272,Yes,Bagless,0.5,60 - 120,,Cordless,-,,77,,10.24,11.02,51.06,26.01,27.99,129.69,,8,3.63,,Yes,Yes,No,No,Yes,No,Yes,Yes,,12.8,25,,,,,,,,Product Link,$879.20,Yes,3.9,39,https://www.mieleusa.com/product/11827020/cordless-stick-vacuum-cleaner-triflex-hx2-pro-infinity-grey-pf,"$1,099.00"
Miele,Triflex HX2 Sprinter,https://www.amazon.com/dp/B0BTF9XK92?tag=rsvacuum-20,Stick,,-,272,Yes,Bagless,0.5,60 - 120,,Cordless,-,,77,,10.24,11.02,51.06,26.01,27.99,129.69,,8,3.63,,Yes,Yes,No,No,Yes,No,Yes,Yes,,12.8,25,,,,,,,,Product Link,$927.00,Yes,3.2,13,https://www.mieleusa.com/product/12206770/cordless-stick-vacuum-cleaner-triflex-hx2-sprinter-cashmere-grey,$949.00
Miele,Scout RX3,https://www.amazon.com/dp/B0B922CC53?tag=rsvacuum-20,Robot,,-,185,Yes,Bagless,0.4,85,,Cordless,-,,71,,14,14,3.35,35.56,35.56,8.51,,8,3.63,,-,-,-,-,-,-,-,-,,15,25,,-,Yes,No,Yes,No,Yes,Product Link,$899.00,Yes,3.1,7,https://www.mieleusa.com/product/11830120/robot-vacuum-cleaner-scout-rx3-obsidian-black,$899.00
Miele,Guard L1 (Amazon's Choice),https://www.amazon.com/dp/B0FJ2TRCWL?tag=rsvacuum-20,Canister,,-,1200,No,Bagged,4.5,-,,Corded,36,,75,,19.69,11.34,9.41,50.01,28.8,23.9,,15.7,7.12,,Yes,Yes,No,Yes,No,No,No,Yes,,-,120,,-,-,-,-,-,-,Product Link,$639.99,Yes,4.1,58,,
Miele,Guard M1,https://www.amazon.com/dp/B0FJ2TNXT7?tag=rsvacuum-20,Canister,,-,1200,No,Bagged,4.5,-,,Corded,36,,77,,19.53,11.94,11.18,49.61,30.33,28.4,,14.8,6.71,,Yes,Yes,Yes,Yes,No,No,No,Yes,,-,120,,-,-,-,-,-,-,Product Link,$625.41,Yes,3.6,51,,
Milwaukee,,,,,,,,,,,,,,,,,,,,,,,,,,,,,,,,,,,,,,,,,,,,,,,,,,,
Milwaukee,M18 FUEL™ PACKOUT™ 2.5 Gallon Wet/Dry Vacuum  (Amazon's Choice),https://www.amazon.com/dp/B09RQ6WNZ8?tag=rsvacuum-20,Dry Wet,,50 CFM,-,Yes,Bagless,9.5,30 - 50,,Cordless,-,,87,,10.5,17.1,12.8,26.67,43.43,32.51,,11.3,5.13,,Yes,No,No,No,No,No,-,Yes,,12,18,,,,,,,,Product Link,$195.00,Yes,4.5,199,https://www.milwaukeetool.com/products/0970-20,
Milwaukee,M18 FUEL™ 9 Gallon Dual-Battery Wet/Dry Vacuum,https://www.amazon.com/dp/B0BMCGYD28?tag=rsvacuum-20,Dry Wet,,109 CFM,-,Yes,Bagless,34,34 - 49,,Cordless,-,,90,,31,19,24.25,78.74,48.26,61.6,,30.25,13.72,,Yes,No,No,Yes,No,No,-,Yes,,12,36,,,,,,,,Product Link,$269.99,Yes,5,10,https://www.milwaukeetool.com/products/0920-20,
Milwaukee,M18 FUEL™ 12 Gallon Dual-Battery Wet/Dry Vacuum Kit,https://www.amazon.com/dp/B0C21XDNNM?tag=rsvacuum-20,Dry Wet,,114 CFM,-,Yes,Bagless,45,34 - 49,,Cordless,-,,68,,23,31.5,32.75,58.42,80.01,83.19,,50.29,22.81,,Yes,No,No,Yes,No,No,-,Yes,,12,36,,,,,,,,Product Link,$774.99,Yes,5,2,https://www.milwaukeetool.com/products/0930-22hd,
Milwaukee,M18 FUEL™ 6 Gallon Wet/Dry Vacuum,https://www.amazon.com/dp/B0BLTCSMGB?tag=rsvacuum-20,Dry Wet,,87 CFM,-,Yes,Bagless,23,31 - 47,,Cordless,-,,87,,19,31,24.25,48.26,78.74,61.6,,26,11.79,,Yes,No,No,Yes,No,No,-,Yes,,12,18,,,,,,,,Product Link,$219.00,Yes,4.9,35,https://www.milwaukeetool.com/products/0910-20,
Milwaukee,M12 FUEL™ 1.6 Gallon Wet/Dry Vacuum,https://www.amazon.com/dp/B0DYKBJPKB?tag=rsvacuum-20,Dry Wet,,45 CFM,-,Yes,Bagless,6,14 - 26,,Cordless,-,,87,,8.7,13.7,11.9,22.1,34.8,30.23,,9.7,4.4,,Yes,No,No,No,No,No,-,Yes,,12,12,,,,,,,,Product Link,$209.97,Yes,5,9,https://www.milwaukeetool.com/products/0960-20,
Milwaukee,M18™ 2-Gallon Wet/Dry Vacuum,https://www.amazon.com/dp/B078GC33D4?tag=rsvacuum-20,Dry Wet,,45 CFM,-,Yes,Bagless,7.5,14 - 26,,Cordless,-,,80,,14,18,12,35.56,45.72,30.48,,10.1,4.58,,Yes,No,No,No,No,No,-,Yes,,2.8,18,,,,,,,,Product Link,$129.00,Yes,4.6,963,https://www.milwaukeetool.com/products/0880-20,
Milwaukee,M18 FUEL Compact Vacuum,https://www.amazon.com/dp/B0C4G97QLW?tag=rsvacuum-20,Handheld,,32 CFM,-,Yes,Bagless,1,-,,Cordless,-,,76,,6.39,13.07,11.65,16.23,33.2,29.59,,4.35,1.97,,Yes,No,No,Yes,Yes,Yes,-,Yes,,-,18,,,,,,,,Product Link,$270.64,Yes,3.5,19,https://www.milwaukeetool.com/products/0940-20,
Milwaukee,M18™ Compact Vacuum,https://www.amazon.com/dp/B01N0C7NGC?tag=rsvacuum-20,Handheld,,40 CFM,-,Yes,Bagless,1,25 - 43,,Cordless,-,,78,,9,16,9.3,22.86,40.64,23.62,,4.22,1.91,,Yes,No,No,Yes,Yes,Yes,-,Yes,,-,18,,,,,,,,Product Link,$155.28,Yes,4.6,763,https://www.milwaukeetool.com/products/0882-20,
Milwaukee,M12™ Compact Vacuum (Bare Tool),https://www.amazon.com/dp/B07D5ZYFFD?tag=rsvacuum-20,Handheld,,33 CFM,-,No,Bagless,-,29,,Cordless,-,,80,,5.6,18.6,5.6,14.22,47.24,14.22,,3.21,1.46,,Yes,No,No,Yes,Yes,Yes,-,Yes,,12,12,,,,,,,,Product Link,,No,4.2,563,https://www.milwaukeetool.com/products/0850-20,
Milwaukee,M18 FUEL 3-in-1 Backpack Vacuum,https://www.amazon.com/dp/B07H9F5MKF?tag=rsvacuum-20,Backpack,,55 CFM,159,Yes,Bagless,3.75,25,,Cordless,-,,76,,9.96,26.85,14.29,25.3,68.2,36.3,,15.25,6.92,,Yes,No,No,Yes,Yes,Yes,-,Yes,,-,-,,,,,,,,Product Link,$289.00,Yes,4.2,267,https://www.milwaukeetool.com/products/0885-20,
MIUZZY,,,,,,,,,,,,,,,,,,,,,,,,,,,,,,,,,,,,,,,,,,,,,,,,,,,
MIUZZY,P2,https://www.amazon.com/dp/B0FCF6YB3X?tag=rsvacuum-20,Stick,,30,350,Yes,Bagless,1.5,45,,Cordless,-,,75,,10.2,8.7,47.2,25.91,22.1,119.89,,7,3.18,,Yes,Yes,No,Yes,Yes,Yes,No,Yes,,-,-,,-,-,-,-,-,-,Product Link,$209.99,Yes,3.8,118,,
MOVA,,,,,,,,,,,,,,,,,,,,,,,,,,,,,,,,,,,,,,,,,,,,,,,,,,,
MOVA,V50Ultra,https://www.amazon.com/dp/B0F3WQTM9Q?tag=rsvacuum-20,Robot,,24,-,Yes,Bagless,-,220,,Cordless,-,,-,,18,18.5,17,45.72,46.99,43.18,,53,24.04,,No,No,No,No,No,Yes,No,No,,-,-,,3.2,Yes,Yes,Yes,Yes,Yes,Product Link,$699.00,Yes,4.3,288,https://us.mova.tech/products/mova-v50-ultra-complete-robot-vacuum?srsltid=AfmBOoqBTgx6kLN1z_LdHae_bOG0CzYdf0L_clGWbQ1BAXArk4rLF2CE,$699.00
MOVA,P10 Pro Ultra (Amazon's Choice),https://www.amazon.com/dp/B0DGR1VDTB?tag=rsvacuum-20,Robot,,13,-,Yes,Bagless,-,150,,Cordless,-,,-,,13.4,17.89,23.2,34.04,45.44,58.93,,30.5,13.83,,No,No,No,No,No,Yes,No,No,,-,-,,3.2,Yes,Yes,Yes,Yes,Yes,Product Link,$399.00,Yes,4.1,"1,571",https://us.mova.tech/products/p10-pro-ultra-robot-vacuum?srsltid=AfmBOooaOahYWEMm9N6svg4RNh3Tv_K1Lrgsrh-3i4ZAQTweo1fIH8aj,$399.00
MOVA,Mobius 60,https://www.amazon.com/dp/B0FNN1SL7T?tag=rsvacuum-20,Robot,,30,-,Yes,Bagless,-,40,,Cordless,-,,-,,26.81,20.12,20.67,68.1,51.1,52.5,,60,27.22,,No,No,No,No,No,Yes,No,No,,-,-,,3.2,Yes,Yes,Yes,Yes,Yes,Product Link,"$1,169.00",Yes,4,59,https://us.mova.tech/products/mova-mobius-60-robot-vacuum?srsltid=AfmBOoqTwj79JoSgbAScipXKIqVzlVM6RzHfypFVHrHFrC8A3tTwatJm,"$1,169.00"
MOVA,Z60 Ultra,https://www.amazon.com/dp/B0FJXSV1QS?tag=rsvacuum-20,Robot,,28,-,Yes,Bagless,-,210,,Cordless,-,,-,,22,19,22,55.88,48.26,55.88,,30.33,13.76,,No,No,No,No,No,Yes,No,No,,-,-,,-,Yes,Yes,Yes,Yes,Yes,Product Link,$899.00,Yes,4.2,170,https://us.mova.tech/products/mova-z60-ultra-roller-complete?srsltid=AfmBOootWAx-262bzriw9E3_e2uXRGSyyHmYqxRaJP5RB049ZLJFLBaN,$899.00
MOVA,P50  (Amazon's Choice),https://www.amazon.com/dp/B0FJMHD5YK?tag=rsvacuum-20,Robot,,19,-,Yes,Bagless,-,210,,Cordless,-,,-,,20,21,24,50.8,53.34,60.96,,28.9,13.11,,No,No,No,No,No,Yes,No,Yes,,-,-,,3.2,Yes,Yes,Yes,Yes,Yes,Product Link,$549.00,Yes,4.6,48,https://us.mova.tech/products/mova-p50-ultra-robot-vacuum?srsltid=AfmBOop4HUJWg2hGy7iKlTqEgFss4nuX1tK0NdWYlRjHG2kc-zT-qs8N,$529.00
MOVA,E40  (Amazon's Choice),https://www.amazon.com/dp/B0FJWV3RR4?tag=rsvacuum-20,Robot,,19,-,Yes,Bagless,-,210,,Cordless,-,,-,,17,25.51,17.8,43.18,64.8,45.21,,30.33,13.76,,No,No,No,No,No,Yes,No,Yes,,-,-,,3.2,Yes,Yes,Yes,Yes,Yes,Product Link,$449.00,Yes,4.1,126,,
MOVA,E30 Pro  (Amazon's Choice),https://www.amazon.com/dp/B0FJG24NH2?tag=rsvacuum-20,Robot,,19,-,Yes,Bagless,-,40,,Cordless,-,,-,,18.11,15.91,16.61,46,40.41,42.19,,25,11.34,,No,No,No,No,No,Yes,No,Yes,,-,-,,5,Yes,Yes,Yes,Yes,Yes,Product Link,$249.00,Yes,4.2,26,,
MOVA,S10,https://www.amazon.com/dp/B0DG2XXMVZ?tag=rsvacuum-20,Robot,,7,-,No,Bagless,-,260,,Cordless,-,,-,,13.78,13.78,3.83,35,35,9.73,,8.59,3.9,,No,No,No,No,No,No,No,Yes,,-,-,,-,Yes,No,Yes,Yes,Yes,Product Link,$169.00,Yes,4.4,153,,
NARWAL,,,,,,,,,,,,,,,,,,,,,,,,,,,,,,,,,,,,,,,,,,,,,,,,,,,
Narwal,Freo Z10  (Amazon's Choice),https://www.amazon.com/dp/B0DS3ZYK3G?tag=rsvacuum-20,Robot,,15,-,Yes,Bagged,2.5,210,,Cordless,-,,55,,16.97,16.8,18.17,43.1,42.67,46.15,,35.05,15.9,,-,-,-,-,-,-,-,-,,2,14,,2.5,Yes,Yes,Yes,Yes,Yes,Product Link,"$1,099.99",Yes,4.6,57,https://us.narwal.com/products/narwal-freo-z10-robot-vacuum-mop,"$1,099.99"
Narwal,Freo Pro (Amazon's Choice),https://www.amazon.com/dp/B0DT3Z6XY6?tag=rsvacuum-20,Robot,,7.8,-,No,Bagged,2.5,210,,Cordless,-,,34 - 55,,16.39,14.57,17.09,41.63,37.01,43.41,,28.1,12.75,,-,-,-,-,-,-,-,-,,2.5,14,,1,Yes,Yes,Yes,Yes,Yes,Product Link,$699.99,Yes,4.2,71,https://us.narwal.com/products/narwal-freo-pro-robot-vacuum-mop,$699.99
Narwal,Freo Z Ultra,https://www.amazon.com/dp/B0D7HG8H24?tag=rsvacuum-20,Robot,,12,-,No,Bagged,2.5,150,,Cordless,-,,53,,16.96,18.19,15.29,43.08,46.2,38.84,,37.03,16.8,,-,-,-,-,-,-,-,-,,2,14,,2.5,Yes,Yes,Yes,Yes,Yes,Product Link,"$1,499.99",Yes,4.2,341,https://us.narwal.com/products/narwal-freo-z-ultra-robot-vacuum-mop,"$1,499.99"
Narwal,Freo X Ultra,https://www.amazon.com/dp/B0CPLP422K?tag=rsvacuum-20,Robot,,8.2,-,No,Bagless,2.5,210,,Cordless,-,,58,,16.34,14.57,17.09,41.5,37.01,43.41,,28.11,12.75,,-,-,-,-,-,-,-,-,,3,14,,1,Yes,Yes,Yes,Yes,Yes,Product Link,$899.99,Yes,4.2,771,https://us.narwal.com/products/narwal-freo-x-ultra-robot-vacuum-mop,$899.99
Narwal,Freo X Plus,https://www.amazon.com/dp/B0CRFV7DPC?tag=rsvacuum-20,Robot,,7.8,-,Yes,Bagged,2.5,254,,Cordless,-,,58,,10.83,4.65,5.39,27.51,11.81,13.69,,11.27,5.11,,-,-,-,-,-,-,-,-,,1.8,14,,4.5,Yes,Yes,Yes,Yes,Yes,Product Link,$339.99,Yes,4,473,https://us.narwal.com/products/narwal-freo-x-plus-robot-vacuum-and-mop?srsltid=AfmBOorKpLXTT55MI2qWU80sR6olAJ_XwMs6Q0afiBp5N1zmAtIZnBfW,$399.99
Narwal,Freo Versatile,https://www.amazon.com/dp/B0B4D99WGK?tag=rsvacuum-20,Robot,,3,-,No,Bagless,2.5,210,,Cordless,-,,-,,14.57,16.39,17.13,37.01,41.63,43.51,,28.88,13.1,,-,-,-,-,-,-,-,-,,3,14,,2.5,Yes,Yes,Yes,Yes,Yes,Product Link,$699.99,Yes,4,972,https://us.narwal.com/products/narwal-freo,$699.99
Narwal,S20 Pro (Amazon's Choice),https://www.amazon.com/dp/B0D9Q1CQMF?tag=rsvacuum-20,Stick,,20,-,Yes,Bagless,0.79,60,,Cordless,-,,43,,10.04,10.75,46.14,25.5,27.31,117.2,,9.41,4.27,,No,No,No,No,Yes,Yes,-,Yes,,-,-,,,,,,,,Product Link,$499.99,Yes,4.6,151,https://us.narwal.com/products/narwal-s20-pro-vacuum-mop,$499.99
Narwal,Freo X10 Pro (Amazon's Choice),https://www.amazon.com/dp/B0FL6PWX3F?tag=rsvacuum-20,Robot,,11,-,Yes,Bagless,-,210,,Cordless,-,,-,,13.98,13.78,4.24,35.51,35,10.77,,32.2,14.61,,No,No,No,No,No,Yes,No,Yes,,-,-,,2.5,Yes,Yes,Yes,Yes,Yes,Product Link,$549.99,Yes,4.1,619,,
Narwal,S30 Pro,https://www.amazon.com/dp/B0FBW45WPW?tag=rsvacuum-20,Dry Wet,,20,-,Yes,Bagged,0.79,60,,Cordless,-,,43,,9.72,10.7,46.1,24.69,27.18,117.09,,9.6,4.35,,No,No,No,No,Yes,Yes,No,Yes,,-,22,,-,-,-,-,-,-,Product Link,$549.99,Yes,4.1,205,,
Narwal,S30,https://www.amazon.com/dp/B0FBWFTV63?tag=rsvacuum-20,Dry Wet,,20,-,Yes,Bagged,0.79,60,,Cordless,-,,43,,9.72,10.75,45.8,24.69,27.31,116.33,,9.17,4.16,,No,No,No,No,Yes,Yes,No,Yes,,-,22,,-,-,-,-,-,-,Product Link,$449.99,Yes,4,119,,
Narwal,Freo S,https://www.amazon.com/dp/B0FCSG2WHN?tag=rsvacuum-20,Robot,,8,-,Yes,Bagless,-,210,,Cordless,-,,-,,12.9,12.9,3.9,32.77,32.77,9.91,,11,4.99,,No,No,No,No,No,Yes,No,Yes,,-,-,,-,-,-,-,-,-,Product Link,$349.99,Yes,4.1,586,,
Neabot,,,,,,,,,,,,,,,,,,,,,,,,,,,,,,,,,,,,,,,,,,,,,,,,,,,
Neabot,N2,https://www.amazon.com/dp/B097D2JBQJ?tag=rsvacuum-20,Robot,,2.7,-,No,Bagless,-,120,,Cordless,-,,-,,13.78,13.78,3.86,35,35,9.8,,22,9.98,,No,No,No,No,No,No,No,Yes,,-,-,,2.5,Yes,Yes,Yes,Yes,Yes,Product Link,$399.99,Yes,3.6,317,,
Nilfisk,,,,,,,,,,,,,,,,,,,,,,,,,,,,,,,,,,,,,,,,,,,,,,,,,,,
Nilfisk,ALTO Aero 21,https://www.amazon.com/dp/B00S7P7VE8?tag=rsvacuum-20,Canister,,-,1000,Yes,Bagless,21.5,-,,Corded,16,,64,,15,15,20,38.1,38.1,50.8,,16.5,7.48,,No,No,No,No,No,Yes,No,Yes,,8.3,120,,-,-,-,-,-,-,Product Link,$448.00,Yes,4.4,30,,
Ninja,,,,,,,,,,,,,,,,,,,,,,,,,,,,,,,,,,,,,,,,,,,,,,,,,,,
Ninja Shark®,PowerDetect™ 2-in-1 Robot Vacuum and Mop with NeverTouch™ Pro,https://www.amazon.com/dp/B0DCPX2M8N?tag=rsvacuum-20,Robot,,-,650,Yes,Bagless,0.31,120,,Cordless,6,,-,,14.33,18.8,17.56,36.4,47.75,44.6,,25,11.34,,-,-,-,-,-,-,-,-,,5.2,14,,3,Yes,Yes,Yes,Yes,Yes,Product Link,"$1,199.99",Yes,4.1,"4,394",https://www.sharkclean.com/products/shark-powerdetect-2-in-1-robot-vacuum-and-mop-with-nevertouch-pro-base-zidRV2820ZECA,$699.99
Ninja Shark®,PowerDetect™ 2-in-1 Robot Vacuum and Mop with NeverTouch™ Base,https://www.amazon.com/dp/B0DDYZ4VK4?tag=rsvacuum-20,Robot,,-,-,Yes,Bagless,0.18,120,,Cordless,6,,-,,13.39,19.21,14.51,34.01,48.79,36.86,,20.1,9.12,,-,-,-,-,-,-,-,-,,-,14,,0.3,Yes,Yes,Yes,Yes,Yes,Product Link,$899.99,Yes,4.1,"4,394",https://www.sharkclean.com/products/shark-powerdetect-2-in-1-robot-vacuum-and-mop-with-nevertouch-base-zidRV2820YECA,$899.99
Ninja Shark®,Matrix™ Plus 2-in-1 Robot Vacuum and Mop with XL HEPA Self-Empty Base,https://www.amazon.com/dp/B0B8B6N2G4?tag=rsvacuum-20,Robot,,-,35,Yes,Bagless,0.23,110,,Cordless,6,,-,,14.96,21.4,5.69,38,54.36,14.45,,16.98,7.7,,-,-,-,-,-,-,-,-,,3,14,,0.2,Yes,Yes,Yes,Yes,Yes,Product Link,$399.99,Yes,3.8,"6,322",https://www.sharkclean.com/products/shark-matrix-plus-2-in-1-robot-vacuum-and-mop-with-xl-hepa-self-empty-base-zidRV2610WA,$399.99
Ninja Shark®,Matrix™ Self Emptying Robot Vacuum RV2302AE,https://www.amazon.com/dp/B0CR4VSSMB?tag=rsvacuum-20,Robot,,-,35,No,Bagless,0.23,360,,Cordless,5.5,,69.4,,13.39,13.39,4.19,34.01,34.01,10.64,,13.23,6,,-,-,-,-,-,-,-,-,,-,14,,0.2,Yes,Yes,Yes,Yes,Yes,Product Link,$199.99,Yes,4.1,69,https://www.sharkclean.com/products/shark-matrix-self-emptying-robot-vacuum-zidRV2302AE,$249.99
Ninja Shark®,Matrix™ Self Emptying Robot Vacuum RV2310,https://www.amazon.com/dp/B0BX12DVKN?tag=rsvacuum-20,Robot,,-,35,No,Bagless,0.23,360,,Cordless,5.5,,61.8,,13.39,13.39,4.19,34.01,34.01,10.64,,13.23,6,,-,-,-,-,-,-,-,-,,-,14,,0.2,Yes,Yes,Yes,Yes,Yes,Product Link,$449.99,Yes,4.2,"14,554",https://www.sharkclean.com/products/shark-matrix-self-emptying-robot-vacuum-zidRV2300AE,$399.99
Ninja Shark®,Detect Pro™ Self-Empty Robot Vacuum,https://www.amazon.com/dp/B0CHL2FQBW?tag=rsvacuum-20,Robot,,-,35,Yes,Bagless,5.3,90,,Cordless,5.5,,65.8,,13.39,20.08,13.58,34.01,51,34.49,,14.44,6.55,,-,-,-,-,-,-,-,-,,3,14,,0.2,Yes,Yes,Yes,Yes,Yes,Product Link,$599.99,Yes,4,414,https://www.sharkclean.com/products/shark-detect-pro-self-empty-robot-vacuum-zidRV2810AECA,$649.99
Ninja Shark®,ION™ Robot Vacuum,https://www.amazon.com/dp/B08C6XGP4F?tag=rsvacuum-20,Robot,,-,35,No,Bagless,0.43,120,,Cordless,5.5,,66.4,,12.6,12.4,3.54,32,31.5,8.99,,9.92,4.5,,-,-,-,-,-,-,-,-,,1.8,14,,0.7,Yes,No,Yes,No,Yes,Product Link,$219.00,Yes,4.2,"44,264",https://www.sharkclean.com/products/shark-ion-robot-vacuum-zidRV772,$299.99
Ninja Shark®,POWERDETECT™ Upright Vacuum with TruePet Upgrade  (Amazon's Choice),https://www.amazon.com/dp/B0D385VHYN?tag=rsvacuum-20,Upright,,-,1416,Yes,Bagless,1.92,-,,Corded,1.9,,80,,15.12,12.01,46.18,38.4,30.51,117.3,,17.57,7.97,,Yes,Yes,Yes,No,Yes,Yes,No,Yes,,11.8,120,,,,,,,,Product Link,$429.99,Yes,4.3,"8,710",https://www.sharkclean.com/products/shark-powerdetect-upright-vacuum-with-truepet-upgrade-zidAZ405UPG1,$549.99
Ninja Shark®,POWERDETECT™ Upright Bagless Vacuum With Ultimate Cleaning Tools,https://www.amazon.com/dp/B0DQLSB2XV?tag=rsvacuum-20,Upright,,-,1416,Yes,Bagless,1.92,-,,Corded,1.9,,80,,15.12,12.01,46.18,38.4,30.51,117.3,,17.08,7.75,,Yes,Yes,Yes,No,Yes,Yes,No,Yes,,11.8,120,,,,,,,,Product Link,$318.99,Yes,4.7,14,https://www.sharkclean.com/products/shark-powerdetect-upright-bagless-vacuum-with-ultimate-cleaning-tools-zidAZ405KT1,$449.99
Ninja Shark®,DuoClean® PowerFins® HairPro® Upright Vacuum  (Amazon's Choice),https://www.amazon.com/dp/B0B2VTZ432?tag=rsvacuum-20,Upright,,1,1416,Yes,Bagless,1.4,-,,Corded,3,,80,,12.2,11.02,46.46,30.99,27.99,118.01,,16.71,7.58,,Yes,Yes,Yes,No,Yes,Yes,No,Yes,,11.8,120,,,,,,,,Product Link,$423.00,Yes,4.3,"8,715",https://www.sharkclean.com/products/shark-stratos-duoclean-powerfins-hairpro-upright-vacuum-zidAZ3002,$499.99
Ninja Shark®,Stratos™ DuoClean® PowerFins™ Upright Vacuum (Amazon's Choice),https://www.amazon.com/dp/B0C3DLMCS1?tag=rsvacuum-20,Upright,,-,1344,Yes,Bagless,0.95,-,,Corded,6,,80,,15.09,12,46.25,38.33,30.48,117.48,,16.38,7.43,,Yes,Yes,Yes,No,Yes,Yes,No,Yes,,11.2,120,,,,,,,,Product Link,$304.95,Yes,4.3,"8,715",https://www.sharkclean.com/products/shark-stratos-duoclean-powerfins-upright-vacuum-zidAZ3000C,$379.99
Ninja Shark®,Detect™ Lift-Away® ADV Corded Upright Vacuum  (Amazon's Choice),https://www.amazon.com/dp/B0DDZ2FB8F?tag=rsvacuum-20,Upright,,-,960,Yes,Bagless,0.71,-,,Corded,1.8,,80,,9.75,12,45.55,24.77,30.48,115.7,,13.12,5.95,,Yes,Yes,Yes,No,Yes,Yes,No,Yes,,8,120,,,,,,,,Product Link,$379.99,Yes,4.3,"8,563",https://www.sharkclean.com/products/shark-detect-lift-away-adv-corded-upright-vacuum-zidLA492,$379.99
Ninja Shark®,Rotator® Pet Lift-Away® ADV Upright Vacuum (Amazon's Choice),https://www.amazon.com/dp/B0C4Q74CRW?tag=rsvacuum-20,Upright,,-,960,Yes,Bagless,0.76,-,,Corded,2,,80,,12,13,45.5,30.48,33.02,115.57,,14.35,6.51,,Yes,Yes,Yes,No,Yes,Yes,No,Yes,,8,120,,,,,,,,Product Link,$299.99,Yes,4.3,"8,563",https://www.sharkclean.com/products/shark-rotator-pet-lift-away-adv-upright-vacuum-zidLA702,$299.99
Ninja Shark®,Navigator® Lift-Away® ADV with Self-Cleaning Brushroll,https://www.amazon.com/dp/B0CCWD341X?tag=rsvacuum-20,Upright,,0.2,800,Yes,Bagless,0.76,-,,Corded,25,,80,,12,13,45.5,30.48,33.02,115.57,,13,5.9,,Yes,Yes,Yes,No,Yes,Yes,No,Yes,,8,120,,,,,,,,Product Link,$128.95,Yes,4.5,94,https://www.sharkclean.com/products/shark-navigator-lift-away-adv-with-self-cleaning-brushroll-zidLA362,$269.99
Ninja Shark®,Navigator® Lift-Away® Deluxe Upright Vacuum,https://www.amazon.com/dp/B01K0EHCWE?tag=rsvacuum-20,Upright,,-,1200,Yes,Bagless,0.85,-,,Corded,25,,80,,11.4,14.9,45.5,28.96,37.85,115.57,,15.96,7.24,,Yes,Yes,Yes,No,Yes,Yes,No,Yes,,10,120,,,,,,,,Product Link,$139.95,Yes,4.3,"1,947",https://www.sharkclean.com/products/shark-navigator-lift-away-deluxe-upright-vacuum-zidNV360,$159.99
Ninja Shark®,Rotator® Pet Upright Vacuum with PowerFins® HairPro™ and Odor Neutralizer Technology,https://www.amazon.com/dp/B0BQX5BR7C?tag=rsvacuum-20,Upright,,-,1150,Yes,Bagless,2.9,-,,Corded,25.7,,80,,12.05,14.92,45.2,30.61,37.9,114.81,,15.18,6.89,,Yes,Yes,Yes,No,Yes,Yes,No,Yes,,9.5,120,,,,,,,,Product Link,$229.99,Yes,4.4,"17,764",https://www.sharkclean.com/products/shark-rotator-pet-upright-vacuum-with-powerfins-hairpro-and-odor-neutralizer-technology-zidZU102,$299.99
Ninja Shark®,Cordless PowerDetect™ Clean & Empty System,https://www.amazon.com/dp/B0DBVW1RFW?tag=rsvacuum-20,Stick,,-,380,Yes,Bagless,0.7,70,,Cordless,-,,80,,18.6,10.24,46.34,47.24,26.01,117.7,,18.48,8.38,,Yes,Yes,Yes,Yes,Yes,Yes,-,Yes,,3.8,22,,,,,,,,Product Link,$429.99,Yes,4.3,691,https://www.sharkclean.com/products/shark-cordless-powerdetect-clean-empty-system-zidIP3251,$549.99
Ninja Shark®,Cordless Detect Pro™ Auto-Empty System with QuadClean™ Multi-Surface Brushroll,https://www.amazon.com/dp/B0CQRTYGS6?tag=rsvacuum-20,Stick,,-,240,Yes,Bagless,2,60,,Cordless,-,,80,,10.4,14.3,43,26.42,36.32,109.22,,14.8,6.71,,Yes,Yes,Yes,Yes,Yes,Yes,-,Yes,,15.6,120,,,,,,,,Product Link,$269.99,Yes,3.8,56,https://www.sharkclean.com/products/shark-cordless-detect-pro-auto-empty-system-with-quadclean-multi-surface-brushroll-zidIW3511,$449.99
Ninja Shark®,Shark® Clean & Empty Cordless Stick Vacuum & Auto-Empty System,https://www.amazon.com/dp/B0D15YWYMD?tag=rsvacuum-20,Stick,,-,240,Yes,Bagless,1.3,40,,Cordless,-,,80,,10.43,14.69,43.5,26.49,37.31,110.49,,12.3,5.58,,Yes,No,Yes,Yes,Yes,Yes,-,Yes,,2.5,-,,,,,,,,Product Link,$349.96,Yes,4.3,735,https://www.sharkclean.com/products/shark-clean-empty-cordless-stick-vacuum-auto-empty-system-zidBU3521,$399.99
Ninja Shark®,Stratos™ Cordless Vacuum,https://www.amazon.com/dp/B0B5JMNGNQ?tag=rsvacuum-20,Stick,,22,309,Yes,Bagless,0.68,60,,Cordless,-,,80,,10.24,13.78,51.18,26.01,35,130,,8.9,4.04,,Yes,No,Yes,Yes,Yes,Yes,-,Yes,,12.3,25,,,,,,,,Product Link,$365.48,Yes,4.1,"5,965",https://www.sharkclean.com/products/shark-stratos-cordless-vacuum-zidIZ862H,$399.99
Ninja Shark®,PowerDetect™ Cordless Stick Vacuum,https://www.amazon.com/dp/B0DDZVKVNJ?tag=rsvacuum-20,Stick,,-,380,Yes,Bagless,0.7,70,,Cordless,-,,80,,15.5,10.24,45.64,39.37,26.01,115.93,,7.96,3.61,,Yes,Yes,Yes,Yes,Yes,Yes,-,Yes,,3.8,22,,,,,,,,Product Link,$429.99,Yes,4.3,691,https://www.sharkclean.com/products/shark-powerdetect-cordless-stick-vacuum-zidIP1251,$449.99
Ninja Shark®,Vertex™ Cordless Stick Vacuum with Duo Clean PowerFins™ Hair Pro,https://www.amazon.com/dp/B098RH3LTB?tag=rsvacuum-20,Stick,,0.6,281,Yes,Bagless,0.32,60,,Cordless,-,,80,,10.24,14.7,46.5,26.01,37.34,118.11,,8.82,4,,Yes,No,No,Yes,Yes,Yes,-,Yes,,-,25,,,,,,,,Product Link,$397.49,Yes,4.2,"15,135",https://www.sharkclean.com/products/shark-vertex-cordless-stick-vacuum-with-duo-clean-powerfins-hair-pro-zidIZ492H,$379.99
Ninja Shark®,PowerPro™ Cordless Stick Vacuum,https://www.amazon.com/dp/B0B5HNLCTG?tag=rsvacuum-20,Stick,,-,181,Yes,Bagless,0.75,50,,Cordless,-,,80,,10.4,13.5,44.68,26.42,34.29,113.49,,7.03,3.19,,Yes,No,Yes,Yes,Yes,Yes,-,Yes,,8.4,22,,,,,,,,Product Link,$299.00,Yes,4.1,"5,965",https://www.sharkclean.com/products/shark-powerpro-cordless-stick-vacuum-zidIZ372H,$329.99
Ninja Shark®,"Pet Plus Cordless Stick Vacuum with PowerFins™, Self-Cleaning Brushroll, and Anti-Allergen Complete Seal",https://www.amazon.com/dp/B0BLZQNB89?tag=rsvacuum-20,Stick,,-,181,Yes,Bagless,0.32,40,,Cordless,-,,80,,10.24,14.96,46.06,26.01,38,116.99,,7.94,3.6,,Yes,Yes,Yes,Yes,Yes,Yes,-,Yes,,8.4,22,,,,,,,,Product Link,$178.95,Yes,4.3,"1,098","https://www.sharkclean.com/products/shark-pet-plus-cordless-stick-vacuum-with-powerfins,-self-cleaning-brushroll,-and-anti-allergen-complete-seal-zidIZ361H",$249.99
Ninja Shark®,Pet Pro Cordless Stick Vacuum with MultiFLEX,https://www.amazon.com/dp/B0DM9LK1RK?tag=rsvacuum-20,Stick,,0.3,181,Yes,Bagless,0.79,40,,Cordless,-,,80,,10.24,12.79,46.09,26.01,32.49,117.07,,7.92,3.59,,Yes,No,Yes,Yes,Yes,Yes,-,Yes,,8.4,22,,,,,,,,Product Link,$296.65,Yes,4.4,53,https://www.sharkclean.com/products/shark-pet-pro-cordless-stick-vacuum-with-multiflex-zidUZ351H,$299.00
Ninja Shark®,Pet Cordless Stick Vacuum (Amazon's Choice),https://www.amazon.com/dp/B07S652B12?tag=rsvacuum-20,Stick,,0.2,181,Yes,Bagless,0.79,40,,Cordless,-,,80,,10.24,14.96,46.06,26.01,38,116.99,,7.63,3.46,,Yes,No,No,Yes,Yes,Yes,-,Yes,,8.4,22,,,,,,,,Product Link,$259.99,Yes,4.2,"33,497",https://www.sharkclean.com/products/shark-pet-cordless-stick-vacuum-zidIX141H,$299.99
Ninja Shark®,WANDVAC® System Lightweight Cordless Vacuum-Steel Grey,https://www.amazon.com/dp/B08TH23LNQ?tag=rsvacuum-20,Stick,,-,120,Yes,Bagless,0.12,14,,Cordless,-,,80,,11.2,11.6,44,28.45,29.46,111.76,,5.9,2.68,,Yes,No,Yes,Yes,Yes,Yes,-,Yes,,8,14,,,,,,,,Product Link,$183.15,No,4.2,"2,562",https://www.sharkclean.com/products/shark-wandvac-system-lightweight-cordless-vacuum-steel-grey-zidWS642,$199.99
Ninja Shark®,POWERDETECT™ Ultra-Light Corded Stick Vacuum (Amazon's Choice),https://www.amazon.com/dp/B0DBX61C2N?tag=rsvacuum-20,Stick,,-,600,Yes,Bagless,0.82,-,,Corded,30,,80,,10.23,9.8,46.15,25.98,24.89,117.22,,9.3,4.22,,Yes,Yes,Yes,Yes,Yes,Yes,No,Yes,,5,120,,,,,,,,Product Link,$299.99,Yes,4.3,"1,102",https://www.sharkclean.com/products/shark-powerdetect-ultra-light-corded-stick-vacuum-zidHZ4002,$299.99
Ninja Shark®,UltraLight PetPro Corded Stick Vacuum,https://www.amazon.com/dp/B08R118GZM?tag=rsvacuum-20,Stick,,-,680,Yes,Bagless,0.37,-,,Corded,25,,80,,8.46,10.24,48.43,21.49,26.01,123.01,,9.74,4.42,,Yes,Yes,Yes,Yes,Yes,Yes,No,Yes,,60,120,,,,,,,,Product Link,$299.95,Yes,4.2,845,https://www.sharkclean.com/products/shark-ultralight-petpro-corded-stick-vacuum-zidHZ702,$229.99
Ninja Shark®,Rocket® Pro DLX Corded Stick Vacuum,https://www.amazon.com/dp/B09X624Y1C?tag=rsvacuum-20,Stick,,-,500,Yes,Bagless,0.64,-,,Corded,25,,80,,14.57,10.24,48.43,37.01,26.01,123.01,,8.58,3.89,,Yes,Yes,No,Yes,Yes,Yes,No,Yes,,4.2,120,,,,,,,,Product Link,$139.99,Yes,4.5,"23,386",https://www.sharkclean.com/products/shark-rocket-pro-dlx-corded-stick-vacuum-zidHV371,$139.99
Ninja Shark®,Rocket® Deluxe Pro Corded Stick Vacuum (Amazon's Choice),https://www.amazon.com/dp/B00NGVF4II?tag=rsvacuum-20,Stick,,-,500,Yes,Bagless,3.5,-,,Corded,25,,80,,10.25,13,47.5,26.04,33.02,120.65,,8.6,3.9,,Yes,Yes,Yes,Yes,Yes,Yes,No,Yes,,4.2,120,,,,,,,,Product Link,$189.99,Yes,4.4,"25,862",,
Ninja Shark®,Rocket® Pro Corded Stick Vacuum,https://www.amazon.com/dp/B0DGRMNGY2?tag=rsvacuum-20,Stick,,-,500,Yes,Bagless,0.76,-,,Corded,25,,80,,13.1,10.2,47.6,33.27,25.91,120.9,,8.58,3.89,,Yes,Yes,No,Yes,Yes,Yes,No,Yes,,4.2,120,,,,,,,,Product Link,$109.99,Yes,5,4,https://www.sharkclean.com/products/shark-rocket-pro-corded-stick-vacuum-zidHV370C,$169.99
Ninja Shark®,Corded Stick Vacuum,https://www.amazon.com/dp/B0CD9PRY3Z?tag=rsvacuum-20,Stick,,13.6,500,Yes,Bagless,0.95,-,,Corded,25,,80,,11.75,10.35,33.85,29.85,26.29,85.98,,5.3,2.4,,No,No,No,No,Yes,Yes,No,Yes,,4.2,120,,,,,,,,Product Link,$142.43,Yes,4.4,"25,862",https://www.sharkclean.com/products/shark-corded-stick-vacuum-zidCS112,$199.99
Ninja Shark®,WANDVAC® POWER PET Cordless Handheld Vacuum (Amazon's Choice),https://www.amazon.com/dp/B09ZQ55M72?tag=rsvacuum-20,Handheld,,13,160,No,Bagless,0.1,10,,Cordless,-,,80,,2.4,2.7,15.4,6.1,6.86,39.12,,1.48,0.67,,Yes,No,Yes,Yes,Yes,Yes,-,No,,11,14,,,,,,,,Product Link,$129.99,Yes,4.2,807,https://www.sharkclean.com/products/shark-wandvac-power-pet-cordless-handheld-vacuum-zidWV410BL,$149.99
Ninja Shark®,WANDVAC™ Cordless Handheld Vacuum,https://www.amazon.com/dp/B07FX5K4D6?tag=rsvacuum-20,Handheld,,9.7,115,No,Bagless,0.76,10,,Cordless,-,,80,,2.5,16.5,2.4,6.35,41.91,6.1,,1.4,0.64,,Yes,Yes,Yes,Yes,Yes,Yes,-,No,,10.6,11,,,,,,,,Product Link,$124.00,Yes,4.2,"18,800",https://www.sharkclean.com/products/shark-wandvac-cordless-handheld-vacuum-zidWV201,$129.99
Ninja Shark®,UltraCyclone™ Pet Pro Cordless Handheld Vacuum (Amazon's Choice),https://www.amazon.com/dp/B08559H8W2?tag=rsvacuum-20,Handheld,,-,80,No,Bagless,0.42,10,,Cordless,-,,80,,3.82,20.82,4.35,9.7,52.88,11.05,,2.8,1.27,,Yes,Yes,Yes,Yes,Yes,Yes,-,No,,8,11,,,,,,,,Product Link,$99.00,Yes,4.2,"17,239",https://www.sharkclean.com/products/shark-ultracyclone-pet-pro-cordless-handheld-vacuum-zidCH951,$99.99
Ninja Shark®,MessMaster Portable Wet/Dry Vacuum (Amazon's Choice),https://www.amazon.com/dp/B0CB21PRJB?tag=rsvacuum-20,Dry Wet,,-,950,No,Bagged,3.79,-,,Corded,20,,70,,16.5,10.5,13.5,41.91,26.67,34.29,,9.8,4.45,,Yes,Yes,Yes,Yes,No,No,No,No,,8,120,,,,,,,,Product Link,$116.07,Yes,4.5,919,https://www.sharkclean.com/products/shark-messmaster-portable-wet/dry-vacuum-zidVS101,$169.99
OKP,,,,,,,,,,,,,,,,,,,,,,,,,,,,,,,,,,,,,,,,,,,,,,,,,,,
OKP K-Series,"LIFE K2 Robot Vacuum Cleaner - Tailored for Pets, 1800mAh",https://www.amazon.com/dp/B08P2T2NXH?tag=rsvacuum-20,Robot,,1.8,-,Yes,Bagless,0.5,100,,Cordless,-,,58,,11.02,11.02,2.99,27.99,27.99,7.59,,6.64,3.01,,-,-,-,-,-,-,-,-,,-,20,,-,Yes,No,Yes,No,Yes,Product Link,$189.99,Yes,4,15,https://okplife.com/collections/k-series/products/okp-k2,$259.99
OKP K-Series,LIFE K2P Robot Vacuum Cleaner,https://www.amazon.com/dp/B0B586WYQ4?tag=rsvacuum-20,Robot,,2.2,-,Yes,Bagless,0.55,150,,Cordless,-,,58,,11.02,11.02,2.99,27.99,27.99,7.59,,6.64,3.01,,-,-,-,-,-,-,-,-,,-,20,,-,Yes,No,Yes,No,Yes,Product Link,$149.99,Yes,4.2,348,https://okplife.com/collections/k-series/products/okp-k2p,$299.99
OKP K-Series,"LIFE K5 Robot Vacuum - Alexa/Google Compatible, Ideal for Pets",https://www.amazon.com/dp/B09CGB62LK?tag=rsvacuum-20,Robot,,2.5,-,Yes,Bagless,0.5,120,,Cordless,-,,56,,11.02,11.02,2.99,27.99,27.99,7.59,,6.9,3.13,,-,-,-,-,-,-,-,-,,-,20,,-,Yes,No,Yes,No,Yes,Product Link,$89.99,Yes,4.1,"5,207",https://okplife.com/collections/k-series/products/okp-k5-robot-vacuum-cleaner?variant=46763293638930,$299.99
OKP K-Series,LIFE K5 PRO Robot Vacuum with Mop,https://www.amazon.com/dp/B0CT3JPQKL?tag=rsvacuum-20,Robot,,5,-,Yes,Bagless,0.5,150 - 180,,Cordless,-,,55,,11.02,11.02,2.99,27.99,27.99,7.59,,6.9,3.13,,-,-,-,-,-,-,-,-,,-,20,,-,Yes,No,Yes,Yes,Yes,Product Link,$129.98,Yes,4.1,"1,974",https://okplife.com/collections/k-series/products/okp-life-k5-pro-robot-vacuum-with-mop,$159.99
OKP K-Series,"LIFE K7 Robot Vacuum Cleaner Carpet, and Particle Specialist",https://www.amazon.com/dp/B0CRQWSQTF?tag=rsvacuum-20,Robot,,2,-,Yes,Bagless,0.6,120,,Cordless,-,,59,,11.02,11.02,2.8,27.99,27.99,7.11,,9.5,4.31,,-,-,-,-,-,-,-,-,,-,20,,-,Yes,No,Yes,No,Yes,Product Link,$89.00,No,4,89,https://okplife.com/collections/k-series/products/okp-k7a?variant=47132741337362,$209.99
OKP L-Series,LIFE L1 Lidar Robot Vacuum Cleaner White,https://www.amazon.com/dp/B0CJ2T4N4H?tag=rsvacuum-20,Robot,,3.8,-,Yes,Bagless,0.5,150,,Cordless,-,,52,,11.02,11.02,2.99,27.99,27.99,7.59,,9.63,4.37,,-,-,-,-,-,-,-,-,,-,20,,-,Yes,No,Yes,No,Yes,Product Link,$95.99,Yes,4.1,35,https://okplife.com/collections/l-series/products/okp-l1-lidar-robot-vacuum-cleaner?variant=47323113455890,$149.99
OKP L-Series,LIFE L1 Lidar Robot Vacuum Cleaner Green,https://www.amazon.com/dp/B0BZSDRKPX?tag=rsvacuum-20,Robot,,3.8,-,Yes,Bagless,0.5,150,,Cordless,-,,52,,11.02,11.02,2.99,27.99,27.99,7.59,,9.63,4.37,,-,-,-,-,-,-,-,-,,-,20,,-,Yes,No,Yes,No,Yes,Product Link,$129.99,Yes,4.4,20,https://okplife.com/collections/l-series/products/okp-l1-robot-vacuum-cleaner-lidar-robotic-vacuum-cleaner-slef-charging-vacuum-cleaner-with-lidar-navigation-cleans-hard-floors-to-low-pile-carpets-blue-1?variant=47268283384082,$149.99
OKP L-Series,LIFE L3 Self-Empty Robot Vacuum Cleaner,https://www.amazon.com/dp/B0B7MKY6YJ?tag=rsvacuum-20,Robot,,4,-,Yes,Bagless,5,200,,Cordless,-,,58,,16.1,16.5,15.3,40.89,41.91,38.86,,20.1,9.12,,-,-,-,-,-,-,-,-,,-,20,,5,Yes,Yes,Yes,No,Yes,Product Link,$185.17,Yes,4,"1,863",https://okplife.com/collections/l-series/products/okp-l3-self-empty-robot-vacuum-cleaner,$249.99
OKP L-Series,LIFE L5 Laser Vacuum & Mop Combo,https://www.amazon.com/dp/B0CLLG48JV?tag=rsvacuum-20,Robot,,4,-,Yes,Bagless,0.45,200,,Cordless,-,,-,,12.59,12.59,3.85,31.98,31.98,9.78,,3,1.36,,-,-,-,-,-,-,-,-,,-,20,,-,Yes,No,Yes,Yes,Yes,Product Link,$89.99,Yes,4.1,35,https://okplife.com/collections/l-series/products/okp-life-l5-laser-vacuum-mop-combo?variant=47952039608594,$499.99
OKP L-Series,LIFE L7 Robot Vacuum Cleaner,https://www.amazon.com/dp/B0DHG77YYC?tag=rsvacuum-20,Robot,,6,-,Yes,Bagless,0.65,150,,Cordless,-,,55,,11,11,3.7,27.94,27.94,9.4,,7,3.18,,-,-,-,-,-,-,-,-,,-,20,,-,Yes,No,Yes,Yes,Yes,Product Link,$299.99,Yes,4.4,20,https://okplife.com/collections/l-series/products/okp-life-okp-l7-robot-vacuum-cleaner?variant=50630708035858,$399.99
OKP C-Series,LIFE C5 Robot Vacuum Cleaner with Camera,https://www.amazon.com/dp/B0BB75HHMT?tag=rsvacuum-20,Robot,,6.8,-,Yes,Bagless,0.35,220,,Cordless,-,,-,,10,10,4.3,25.4,25.4,10.92,,7.41,3.36,,-,-,-,-,-,-,-,-,,-,20,,-,Yes,No,Yes,Yes,Yes,Product Link,,No,3.9,18,https://okplife.com/collections/c-series/products/okp-c5-robot-vacuum-cleaner-real-time-video-call-robotic-vacuum-with-boundary-strip-app-control-compatible-with-alexa-perfect-for-pet-hair-blue,$199.99
OKP K-Series,K5 with Mop holder,https://www.amazon.com/dp/B0CHNQD4TN?tag=rsvacuum-20,Robot,,5,-,Yes,Bagless,0.5,150 - 180,,Cordless,-,,55,,11.02,11.02,2.99,27.99,27.99,7.59,,6.9,3.13,,-,-,-,-,-,-,-,-,,-,20,,-,Yes,No,Yes,Yes,Yes,Product Link,$89.99,Yes,4.1,138,https://okplife.com/collections/k-series/products/okp-life-k5-with-mop-holder,$299.99
OLIXIS,,,,,,,,,,,,,,,,,,,,,,,,,,,,,,,,,,,,,,,,,,,,,,,,,,,
OLIXIS,HJ-6309C (Amazon's Choice),https://www.amazon.com/dp/B0GV3Z59TF?tag=rsvacuum-20,Stick,,-,150,Yes,Bagless,0.8,35,,Cordless,-,,80,,9.85,8.27,41.34,25.02,21.01,105,,5.71,2.59,,Yes,No,No,No,No,Yes,No,Yes,,,22,,-,-,-,-,-,-,Product Link,$46.77,Yes,4,45,,
oneisall,,,,,,,,,,,,,,,,,,,,,,,,,,,,,,,,,,,,,,,,,,,,,,,,,,,
oneisall,LM2 (Amazon's Choice),https://www.amazon.com/dp/B0BHYZV3HY?ref=t_ac_view_request_product_image&campaignId=amzn1.campaign.9SII78VALIP5&linkCode=tr1&tag=andrewwhite-20&linkId=amzn1.campaign.9SII78VALIP5_1779884236062,Pet Grooming,,11,-,No,Bagless,1.5,-,,Corded,8.7,,60,,11.73,5.51,8.7,29.79,14,22.1,,8.71,3.95,,Yes,No,Yes,Yes,No,Yes,No,Yes,,-,-,,,,,,,,Product Link,$84.99,Yes,4.6,"13,033",https://oneisall.com/products/dog-grooming-vacuum-kit,$99.99
oneisall,SE2,https://www.amazon.com/dp/B0FQTNTB6K?tag=rsvacuum-20,Pet Grooming,,15,-,Yes,Bagless,2,-,,Corded,-,,59,,16.54,11.73,5.9,42.01,29.79,14.99,,7.25,3.29,,Yes,No,No,No,No,Yes,No,No,,-,-,,,,,,,,Product Link,$89.99,Yes,4.4,200,https://oneisall.com/products/oneisall-pg08-6-in-1-dog-grooming-vacuum-kit,$89.99
oneisall,LM5 (Amazon's Choice),https://www.amazon.com/dp/B0C5DN6ZD4?tag=rsvacuum-20,Pet Grooming,,15,-,No,Bagless,1.5,-,,Corded,8.5,,58,,16.42,11.69,6.06,41.71,29.69,15.39,,6.75,3.06,,Yes,No,Yes,No,No,Yes,No,Yes,,-,-,,,,,,,,Product Link,$79.99,Yes,4.5,"3,235",,
Oreck,,,,,,,,,,,,,,,,,,,,,,,,,,,,,,,,,,,,,,,,,,,,,,,,,,,
Oreck,Elevate Command Vacuum,https://www.amazon.com/dp/B08MRZ25G3?tag=rsvacuum-20,Upright,,-,480,Yes,Bagged,8.52,-,,Corded,30,,80,,14,12,48,35.56,30.48,121.92,,10,4.54,,No,No,No,No,No,No,No,Yes,,-,230,,,,,,,,Product Link,,No,4.5,4,https://oreck.com/products/elevate-command-vacuum,$379.99
Oreck,Elevate Control Vacuum,https://www.amazon.com/dp/B085WMYJ49?tag=rsvacuum-20,Upright,,-,480,Yes,Bagged,8.52,-,,Corded,30,,80,,12,10,48,30.48,25.4,121.92,,10,4.54,,No,No,Yes,No,No,No,No,Yes,,-,230,,,,,,,,Product Link,$414.99,Yes,4,297,https://oreck.com/products/elevate-control-vacuum,$249.99
Oreck,Elevate Conquer Vacuum,https://www.amazon.com/dp/B01EMBX8I8?tag=rsvacuum-20,Upright,,-,700,Yes,Bagged,-,-,,Corded,35,,49,,12,14,48,30.48,35.56,121.92,,16,7.26,,No,No,No,No,Yes,No,No,Yes,,-,230,,,,,,,,Product Link,$479.00,Yes,3.8,139,https://oreck.com/products/elevate-conquer-vacuum,$499.99
Oreck,Compact Canister Vacuum (Amazon's Choice),https://www.amazon.com/dp/B01M9GYBT5?tag=rsvacuum-20,Canister,,-,-,Yes,Bagged,0.6,-,,Corded,20,,80,,11,19.5,9.5,27.94,49.53,24.13,,5.5,2.49,,Yes,Yes,No,Yes,Yes,No,No,Yes,,3.2,230,,,,,,,,Product Link,$147.96,Yes,4.3,446,https://oreck.com/products/bb1200db-compact-canister-vacuum,$175.99
Oreck,Super-Deluxe Compact Canister Vacuum Cleaner,https://www.amazon.com/dp/B000AAJVC8?tag=rsvacuum-20,Canister,,-,700,Yes,Bagged,7.25,-,,Corded,20,,78,,11,19.6,9.7,27.94,49.78,24.64,,4,1.81,,Yes,Yes,No,Yes,Yes,No,No,Yes,,3.2,230,,,,,,,,Product Link,$149.99,Yes,4.4,"1,306",,
Oreck,XL Pro 5 Super Compact Canister Bagged Vacuum Cleaner BB900-DGR,https://www.amazon.com/dp/B008BPFBH8?tag=rsvacuum-20,Canister,,-,480,Yes,Bagged,1.18,-,,Corded,30,,80,,13.5,5.25,8,34.29,13.34,20.32,,5,2.27,,Yes,Yes,No,Yes,Yes,No,No,Yes,,4,230,,,,,,,,Product Link,$115.99,Yes,4.3,"7,280",https://oreck.com/products/oreck-commercial-xl-pro-5,$149.99
Oreck,U2000RB2L-1 (Amazon's Choice),https://www.amazon.com/dp/B00CH5EI2C?tag=rsvacuum-20,Commercial,,-,630,Yes,Bagless,8.5,-,,Corded,40,,70,,12,9,47,30.48,22.86,119.38,,9,4.08,,No,No,No,No,No,No,No,Yes,,5.3,120,,-,-,-,-,-,-,Product LInk,$349.00,Yes,4.2,526,,
Orgtoy,,,,,,,,,,,,,,,,,,,,,,,,,,,,,,,,,,,,,,,,,,,,,,,,,,,
Orgtoy,NB-CA006,https://www.amazon.com/dp/B0DT9D9MSJ?tag=rsvacuum-20,Canister,,40,1600,Yes,Bagless,3.5,-,,Corded,16,,-,,13,12,20,33.02,30.48,50.8,,14.5,6.58,,Yes,Yes,Yes,Yes,Yes,Yes,Yes,Yes,,-,110,,-,-,-,-,-,-,Product Link,$169.99,Yes,4.6,"1,053",,
Otemly,,,,,,,,,,,,,,,,,,,,,,,,,,,,,,,,,,,,,,,,,,,,,,,,,,,
Otemly,BH-6101,https://www.amazon.com/dp/B0DBLGYYMK?tag=rsvacuum-20,Handheld,,9,100,Yes,Bagless,0.5,25,,Cordless,-,,75,,4.5,16,4.3,11.43,40.64,10.92,,2.2,1,,Yes,No,No,No,No,Yes,No,No,,,15,,-,-,-,-,-,-,Product Link,$53.99,Yes,4.1,335,,
Prolux,,,,,,,,,,,,,,,,,,,,,,,,,,,,,,,,,,,,,,,,,,,,,,,,,,,
Prolux,2.0 Cordless Bagless Upright Backpack Vacuum with 1 hour Lithium Ion Battery,https://www.amazon.com/dp/B07RL4HZPH?tag=rsvacuum-20,Backpack,,70+ CFM,218,Yes,Bagless,0.64 / 1.9,60,,Cordless,-,,75,,14,11,20,35.56,27.94,50.8,,11,4.99,,Yes,Yes,Yes,Yes,Yes,No,-,No,,8.6,25,,,,,,,,Product Link,$799.99,Yes,3.2,47,https://proluxcleaners.com/products/2018-prolux-2-0-cordless-bagless-backpack-vacuum-with-1-hour-lithium-ion-battery,$799.99
Prolux,2.0 PRO Commercial Bagless Upright Backpack Vacuum Commercial Power Nozzle Kit,https://www.amazon.com/dp/B083F7ZC2P?tag=rsvacuum-20,Backpack,,125+ CFM,1440,Yes,Bagless,0.64 / 1.9,-,,Corded,50+,,85,,14,11,20,35.56,27.94,50.8,,9,4.08,,Yes,Yes,Yes,Yes,Yes,No,No,No,,12,120,,,,,,,,Product Link,$699.99,Yes,3.5,162,https://proluxcleaners.com/products/2018-prolux-2-0-commercial-bagless-backpack-vacuum-commercial-power-nozzle-kit,$699.99
Prolux,2.0 PRO Commercial Bagless Upright Backpack Vacuum with Deluxe 1 1/2 inch Tool Kit,https://www.amazon.com/dp/B0DGB7FBSH?tag=rsvacuum-20,Backpack,,125+ CFM,1440,Yes,Bagless,0.64 / 1.9,-,,Corded,50+,,85,,14,11,20,35.56,27.94,50.8,,9,4.08,,Yes,Yes,Yes,Yes,Yes,No,No,No,,12,120,,,,,,,,Product Link,$504.99,Yes,4.5,19,https://proluxcleaners.com/products/2018-prolux-2-0-commercial-bagless-backpack-vacuum-with-deluxe-1-1-2-inch-tool-kit,$559.99
Prolux,2.0 Residential Bagless Upright Backpack Vacuum w/ Electric Powerhead Kit and 5 YR Warranty,https://www.amazon.com/dp/B01N154U3S?tag=rsvacuum-20,Backpack,,125+ CFM,1440,Yes,Bagless,0.64 / 1.9,-,,Corded,50+,,85,,14,11,20,35.56,27.94,50.8,,9,4.08,,Yes,Yes,Yes,Yes,Yes,No,No,No,,12,120,,,,,,,,Product Link,$299.99,Yes,3.8,5,https://proluxcleaners.com/products/ww280,$639.99
Prolux,2.0 Residential Bagless Upright Backpack Vacuum w/ 5 YR Warranty,https://www.amazon.com/dp/B07QDVCPF4?tag=rsvacuum-20,Backpack,,125+ CFM,1440,Yes,Bagless,0.64 / 1.9,-,,Corded,50+,,85,,14,11,20,35.56,27.94,50.8,,9,4.08,,Yes,Yes,Yes,Yes,Yes,No,No,No,,12,120,,,,,,,,Product Link,$469.99,Yes,3.7,359,https://proluxcleaners.com/products/2019-lightweight-prolux-2-0-bagless-backpack-vacuum-w-5-yr-warranty,$469.99
Prolux,X8 Elite Backpack Vacuum Canister,https://www.amazon.com/dp/B0BFTBLCGD?tag=rsvacuum-20,Backpack,,140+ CFM,1200,Yes,Bagged,3.0 / 7.5,-,,Corded,50+,,80,,9,12,20,22.86,30.48,50.8,,10,4.54,,Yes,Yes,Yes,Yes,Yes,Yes,No,No,,10,120,,,,,,,,Product Link,$599.99,Yes,3.4,61,https://proluxcleaners.com/products/prolux-x8-elite-backpack-vacuum-canister,$599.99
Prolux,"X8 Pro Commercial Backpack Vacuum w/ Deluxe 1 1/2"" Tool Kit",https://www.amazon.com/dp/B0BFTRL2JS?tag=rsvacuum-20,Backpack,,140+ CFM,1200,Yes,Bagged,3.0 / 7.5,-,,Corded,50+,,80,,9,12,20,22.86,30.48,50.8,,10,4.54,,Yes,Yes,Yes,Yes,Yes,Yes,No,No,,10,120,,,,,,,,Product Link,$399.99,Yes,3.8,59,https://proluxcleaners.com/products/prolux-x8-pro-commercial-backpack-vacuum,$399.99
Prolux,X8 Lite Backpack Vacuum w/ Premium Tool Kit for Light Commercial Use,https://www.amazon.com/dp/B0BG7PVX6S?tag=rsvacuum-20,Backpack,,140+ CFM,1200,Yes,Bagged,3.0 / 7.5,-,,Corded,50+,,80,,9,12,20,22.86,30.48,50.8,,10,4.54,,Yes,Yes,Yes,Yes,Yes,Yes,No,No,,10,120,,,,,,,,Product Link,$319.00,Yes,3.9,103,https://proluxcleaners.com/products/prolux-x8-lite-backpack-vacuum,$319.99
Prolux,"PLC10 10qt Backpack Vacuum (Powerful Lightweight) w/ 1 1/2"" Tool Kit and 5 YR Warranty",https://www.amazon.com/dp/B083XNQJCT?tag=rsvacuum-20,Backpack,,150 CFM,1100,Yes,Bagged,9.5,-,,Corded,50+,,83,,13,13,33,33.02,33.02,83.82,,11,4.99,,Yes,Yes,Yes,Yes,Yes,No,No,No,,10,120,,,,,,,,Product Link,$579.99,Yes,4,120,https://proluxcleaners.com/products/powerful-lightweight-prolux-plc10-10qt-backpack-vacuum-w-1-1-2-tool-kit-and-5-yr-warranty,$579.99
Prolux,10 Quart Commercial Backpack Vacuum (Blue) with 5 year warranty,https://www.amazon.com/dp/B087ZCS8X8?tag=rsvacuum-20,Backpack,,150 CFM,1188,Yes,Bagged,9.5,50+,,Corded,50+,,66,,11,11,35,27.94,27.94,88.9,,11,4.99,,Yes,Yes,Yes,Yes,Yes,No,No,No,,10,120,,,,,,,,Product Link,$559.99,Yes,3.8,79,https://proluxcleaners.com/products/black-blue-prolux-10-quart-commercial-backpack-vacuum-with-5-year-warranty,$559.99
Prolux,CTX PRO Water Filtration Bagless Canister Vacuum Cleaner,https://www.amazon.com/dp/B09M1LPS6C?tag=rsvacuum-20,Canister,,70+ CFM,218,Yes,Bagless,0.64 / 1.9,60,,Cordless,-,,75,,22,14,11,55.88,35.56,27.94,,10,4.54,,Yes,Yes,Yes,Yes,Yes,No,-,No,,8.6,25,,,,,,,,Product Link,"$1,069.99",Yes,4.1,90,https://proluxcleaners.com/products/prolux-ctx-water-filtration-bagless-canister-vacuum-cleaner,"$1,069.99"
Prolux,QX60 Pet Bagged Canister Best Rated Vacuum with Sealed HEPA Filtration,https://www.amazon.com/dp/B0CKTYNH6V?tag=rsvacuum-20,Canister,,107 CFM,1140,Yes,Bagged,4.5,-,,Corded,25,,67,,8,21,12,20.32,53.34,30.48,,14.6,6.62,,Yes,Yes,Yes,Yes,Yes,No,Yes,Yes,,12,120,,,,,,,,Product Link,$499.99,Yes,4.1,44,,
Prolux,QX90 Bagged Canister Best Rated HEPA Vacuum with Powerhead for Home,https://www.amazon.com/dp/B0CKTYPZZ5?tag=rsvacuum-20,Canister,,107 CFM,1140,Yes,Bagged,4.5,-,,Corded,25,,70,,8,21,12,20.32,53.34,30.48,,14.6,6.62,,Yes,Yes,Yes,Yes,Yes,No,Yes,Yes,,12,120,,,,,,,,Product Link,$599.99,Yes,4.2,43,,
Prolux,Phantom Bagged Canister Deluxe Carpet Model with Power Nozzle,https://www.amazon.com/dp/B0CKTZTXB8?tag=rsvacuum-20,Canister,,103 CFM,1440,Yes,Bagged,3.5,-,,Corded,25,,67,,13,20,10,33.02,50.8,25.4,,23,10.43,,Yes,Yes,No,Yes,Yes,Yes,Yes,Yes,,12,120,,,,,,,,Product Link,$299.99,Yes,4.8,24,https://proluxcleaners.com/products/prolux-phantom-canister-vacuum-cleaner-with-wessel-werk-ebk360-power-nozzle,$399.99
Prolux,Phantom Bagged Canister Deep Cleaning PET Vacuum with Powerhead for Home,https://www.amazon.com/dp/B0CKTZ5DTW?tag=rsvacuum-20,Canister,,103 CFM,1440,Yes,Bagged,3.5,-,,Corded,25,,67,,13,20,10,33.02,50.8,25.4,,23,10.43,,Yes,Yes,Yes,Yes,Yes,Yes,Yes,Yes,,12,120,,,,,,,,Product Link,$359.99,Yes,4.6,31,https://proluxcleaners.com/products/prolux-phantom-white-pet-model,.359.99
Prolux,RS4 Lightweight Bagless Canister Vacuum with HEPA Filtration Premium Button Lock Tools and Automatic Cord Rewind,https://www.amazon.com/dp/B0BH281QQG?tag=rsvacuum-20,Canister,,140 CFM,1440,Yes,Bagged,4.5,-,,Corded,25,,82,,10,12,19,25.4,30.48,48.26,,15,6.8,,Yes,Yes,Yes,Yes,Yes,Yes,Yes,Yes,,12,120,,,,,,,,Product Link,$249.99,Yes,4,66,https://proluxcleaners.com/products/prolux-rs4-lightweight-bagless-canister-vacuum-with-dual-hepa-filtration-premium-button-lock-tools-and-automatic-cord-rewind,$219.99
Prolux,Tritan Canister Vacuum with Sealed HEPA Filtration and 12 Amp Motor,https://www.amazon.com/dp/B017I2P7NC?tag=rsvacuum-20,Canister,,140 CFM,1440,Yes,Bagged,4.5,-,,Corded,25,,82,,10,12,19,25.4,30.48,48.26,,15,6.8,,Yes,Yes,Yes,Yes,Yes,Yes,Yes,Yes,,12,120,,,,,,,,Product Link,$199.99,Yes,4.2,625,https://proluxcleaners.com/products/sealed-hepa-prolux-tritan-canister-vacuum-cleaner-with-pet-hair-turbo-nozzle,$199.99
Prolux,CV12000 Central Vacuum Power Unit with most powerful 2 speed motor and 25 Year Warranty!,https://www.amazon.com/dp/B01709Y9D2?tag=rsvacuum-20,Central,,150 CFM,1500,Yes,Bagged,16.1,-,,Corded,25,,100,,15,15,41,38.1,38.1,104.14,,22,9.98,,No,No,No,No,No,Yes,No,No,,12.5,120,,,,,,,,Product Link,$679.99,Yes,3.9,129,https://proluxcleaners.com/products/cenvac,$479.99
Prolux,CV12000 Central Vacuum Unit System with Prolux Electric Hose Power Nozzle Kit and 25 Year Warranty,https://www.amazon.com/dp/B086687RBY?tag=rsvacuum-20,Central,,150 CFM,1500,Yes,Bagged,16.1,-,,Corded,25,,100,,15,15,41,38.1,38.1,104.14,,22,9.98,,No,No,No,No,No,Yes,No,No,,12.5,120,,,,,,,,Product Link,$679.99,Yes,3.9,90,https://proluxcleaners.com/products/prolux-cv12000-central-vacuum-unit-system-with-prolux-electric-hose-power-nozzle-kit-and-25-year-warranty-1,$949.99
Prolux,"Wet/Dry Garage Vacuum, Shampooer, Blower and Detailer",https://www.amazon.com/dp/B00D4OOY1K?tag=rsvacuum-20,Dry Wet,,162 CFM,1500,Yes,Bagged,22,-,,Corded,25,,73,,32,15,13,81.28,38.1,33.02,,25,11.34,,Yes,Yes,No,Yes,Yes,Yes,No,No,,12,120,,,,,,,,Product Link,$499.99,Yes,4.4,239,https://proluxcleaners.com/products/prolux-wet-dry-garage-vacuum-shampooer-blower-and-detailer,$499.99
Prolux,PLCTB Cordless Commercial Wet/Dry Tool & Travel Vacuum,https://www.amazon.com/dp/B0CKTWP6L4?tag=rsvacuum-20,Dry Wet,,47 CFM,426,Yes,Bagless,3,47,,Cordless,-,,79,,11,11,16,27.94,27.94,40.64,,8,11.34,,Yes,Yes,No,Yes,No,Yes,-,Yes,,-,18,,,,,,,,Product Link,$239.99,Yes,4.6,30,https://proluxcleaners.com/products/copy-of-prolux-cordless-commercial-wet-dry-tool-travel-vacuum,$239.99
Prolux,"8000 Upright Bagged Vacuum, Black",https://www.amazon.com/dp/B0B76QPLM5?tag=rsvacuum-20,Upright,,107 CFM,1440,Yes,Bagged,4.5,-,,Corded,30,,63,,14.5,14.5,44.25,36.83,36.83,112.4,,19,8.62,,Yes,Yes,Yes,Yes,No,Yes,No,Yes,,12,120,,,,,,,,Product Link,$439.99,Yes,3.8,58,https://proluxcleaners.com/products/prolux-8000-commercial-upright-vacuum?srsltid=AfmBOorc3MFvlRqZbcdplrXYwv4z_Ii56oWuJwE6V8wCx7QqT27LWeod,$439.99
Prolux,6000 Commercial Upright Vacuum With On Board Tools,https://www.amazon.com/dp/B0B76QKY3R?tag=rsvacuum-20,Upright,,107 CFM,1440,Yes,Bagged,4.5,-,,Corded,40,,63,,14.5,14.5,44.25,36.83,36.83,112.4,,19,8.62,,Yes,Yes,Yes,Yes,No,Yes,No,Yes,,12,120,,,,,,,,Product Link,$329.00,Yes,3.8,58,https://proluxcleaners.com/products/new-prolux-6000-commercial-upright-vacuum-with-on-board-tools,$329.99
Prolux,7000 Upright Sealed HEPA Vacuum with on board tools and 7 Year Warranty,https://www.amazon.com/dp/B0DDJQ5W12?tag=rsvacuum-20,Upright,,107 CFM,1308,Yes,Bagged,4.5,-,,Corded,30,,70,,14.5,14,44.25,36.83,35.56,112.4,,18,8.16,,Yes,Yes,Yes,Yes,No,Yes,No,No,,12,120,,,,,,,,Product Link,$264.99,Yes,3.3,25,https://proluxcleaners.com/products/prolux-7000,$319.99
Prolux,9000 Upright Sealed HEPA vacuum with 12 AMP Motor on board tools and 7 Year Warranty!,https://www.amazon.com/dp/B0DDFQ9HTP?tag=rsvacuum-20,Upright,,107 CFM,1308,Yes,Bagged,4.5,-,,Corded,30,,70,,14.5,14,44.25,36.83,35.56,112.4,,18,8.16,,Yes,Yes,Yes,Yes,No,Yes,No,No,,12,120,,,,,,,,Product Link,$324.99,Yes,3.8,26,https://proluxcleaners.com/products/9000,$459.99
Prolux,Phantom Bagged Upright Sealed HEPA Pet Vacuum for Home,https://www.amazon.com/dp/B0DTJDR5PZ?tag=rsvacuum-20,Upright,,65 CFM,1100,Yes,Bagged,3.8,-,,Corded,25,,85,,14,14,44,35.56,35.56,111.76,,11,4.99,,Yes,Yes,Yes,Yes,No,Yes,No,No,,10,120,,,,,,,,Product Link,$199.99,Yes,3.9,33,https://proluxcleaners.com/products/tprolux-phantom-series-residential-upright,$219.99
Prolux,RS7 PET Cordless Handheld Stick Vacuum,https://www.amazon.com/dp/B0CKTVN6C7?tag=rsvacuum-20,Stick,,30 CFM,360,Yes,Bagless,1.2,100,,Cordless,-,,82,,12,12,32,30.48,30.48,81.28,,7,3.18,,Yes,Yes,Yes,Yes,Yes,No,-,Yes,,2,12,,,,,,,,Product Link,$299.99,Yes,3.5,37,https://proluxcleaners.com/products/t-p-prolux-rs7,$399.99
Prolux,RS7 PRO Commercial Cordless Handheld Stick Vacuum,https://www.amazon.com/dp/B0CKTWY6SW?tag=rsvacuum-20,Stick,,30 CFM,360,Yes,Bagless,1.2,105,,Cordless,-,,82,,12,12,32,30.48,30.48,81.28,,7,3.18,,Yes,Yes,Yes,Yes,Yes,No,-,Yes,,2,12,,,,,,,,Product Link,$629.00,Yes,3.9,28,https://proluxcleaners.com/products/prolux-rs7-pro-cordless-handheld-stick-vacuum,$629.99
ProTeam,,,,,,,,,,,,,,,,,,,,,,,,,,,,,,,,,,,,,,,,,,,,,,,,,,,
ProTeam (Emerson),GoFit 10 Backpack Vacuum w/ Xover Multi-Surface Two-Piece Wand Tool Kit,https://www.amazon.com/dp/B0BWL92DSW?tag=rsvacuum-20,Backpack,,153 CFM,1296,Yes,Bagged,11,-,,Corded,50,,67.2,,11.94,8.13,22.95,30.33,20.65,58.29,,12.9,5.85,,Yes,Yes,No,Yes,No,Yes,No,No,,10.8,120,,,,,,,,Product Link,$576.00,Yes,5,1,https://proteam.emerson.com/en-us/shop/proteam/proteam-sku-107689,$720.00
ProTeam (Emerson),GoFit 10 Backpack Vacuum w/ Xover Multi-Surface Telescoping Wand Tool Kit,https://www.amazon.com/dp/B0BWL37HFH?tag=rsvacuum-20,Backpack,,153 CFM,1296,Yes,Bagged,11,-,,Corded,50,,67.2,,11.94,8.13,22.95,30.33,20.65,58.29,,12.9,5.85,,Yes,Yes,No,Yes,No,Yes,No,No,,10.8,120,,,,,,,,Product Link,$576.00,Yes,5,2,https://proteam.emerson.com/en-us/shop/proteam/proteam-sku-107688,$720.00
ProTeam (Emerson),GoFit 10 Backpack Vacuum w/ Xover Multi-Surface Telescoping Wand Tool Kit,https://www.amazon.com/dp/B0D68ND8D7?tag=rsvacuum-20,Backpack,,153 CFM,1296,Yes,Bagged,11,-,,Corded,50,,67.2,,11.94,8.13,22.95,30.33,20.65,58.29,,12.9,5.85,,Yes,Yes,No,Yes,No,Yes,No,No,,10.8,120,,,,,,,,Product Link,$599.00,Yes,4,1,https://proteam.emerson.com/en-us/shop/proteam/backpack-vacuum-cleaners/proteam-sku-107800,$740.00
ProTeam (Emerson),GoFit 6 Backpack Vacuum w/ Xover Multi-Surface Two-Piece Wand Tool Kit,https://www.amazon.com/dp/B0BWKTF1C4?tag=rsvacuum-20,Backpack,,153 CFM,1296,Yes,Bagged,6.6,-,,Corded,50,,67.9,,11.94,8.13,18.35,30.33,20.65,46.61,,12,5.44,,Yes,Yes,No,Yes,No,Yes,No,No,,10.8,120,,,,,,,,Product Link,$568.00,Yes,5,1,https://proteam.emerson.com/en-us/shop/proteam/backpack-vacuum-cleaners/proteam-sku-107697,$710.00
ProTeam (Emerson),GoFit 6 Backpack Vacuum w/ Xover Multi-Surface Telescoping Wand Tool Kit,https://www.amazon.com/dp/B0BVPXMMRK?tag=rsvacuum-20,Backpack,,153 CFM,1296,Yes,Bagged,6.6,-,,Corded,50,,67.9,,11.94,8.13,18.35,30.33,20.65,46.61,,12,5.44,,Yes,Yes,No,Yes,No,Yes,No,No,,10.8,120,,,,,,,,Product Link,$568.00,Yes,5,1,https://proteam.emerson.com/en-us/shop/proteam/backpack-vacuum-cleaners/proteam-sku-107696,$710.00
ProTeam (Emerson),GoFit 3 Backpack Vacuum w/ Xover Multi-Surface Two-Piece Wand Tool Kit (Amazon's Choice),https://www.amazon.com/dp/B0BFD47FFY?tag=rsvacuum-20,Backpack,,153 CFM,1296,Yes,Bagged,3.3,-,,Corded,50,,68,,11.94,8.13,14.93,30.33,20.65,37.92,,11.41,5.18,,Yes,Yes,No,Yes,No,Yes,No,No,,10.8,120,,,,,,,,Product Link,$490.00,Yes,4.6,27,https://proteam.emerson.com/en-us/shop/proteam/backpack-vacuum-cleaners/proteam-sku-107714,$700.00
ProTeam (Emerson),GoFit 3 Backpack Vacuum w/ Xover Multi-Surface Telescoping Wand Tool Kit (Amazon's Choice),https://www.amazon.com/dp/B0B8GHTZ4G?tag=rsvacuum-20,Backpack,,153 CFM,1296,Yes,Bagged,3.3,-,,Corded,50,,68,,11.94,8.13,14.93,30.33,20.65,37.92,,11.41,5.18,,Yes,Yes,No,Yes,No,Yes,No,No,,10.8,120,,,,,,,,Product Link,$490.00,Yes,4.2,63,https://proteam.emerson.com/en-us/shop/proteam/backpack-vacuum-cleaners/proteam-sku-107713,$700.00
ProTeam (Emerson),GoFit 3 Backpack Vacuum w/ ProBlade Hard Surface & Carpet Tool Kit,https://www.amazon.com/dp/B0BBST94KQ?tag=rsvacuum-20,Backpack,,153 CFM,1296,Yes,Bagged,3.3,-,,Corded,50,,68,,11.94,8.13,14.93,30.33,20.65,37.92,,11.41,5.18,,Yes,Yes,No,Yes,No,Yes,No,No,,10.8,120,,,,,,,,Product Link,$542.50,Yes,3.3,27,https://proteam.emerson.com/en-us/shop/proteam/backpack-vacuum-cleaners/proteam-sku-107716,$775.00
ProTeam (Emerson),"GoFit 3 Backpack Vacuum w/ Straight Hose Cuffs, Restaurant Tool Kit (Amazon's Choice)",https://www.amazon.com/dp/B0BJ39T9H9?tag=rsvacuum-20,Backpack,,153 CFM,1296,Yes,Bagged,3.3,-,,Corded,50,,68,,11.94,8.13,14.93,30.33,20.65,37.92,,11.41,5.18,,Yes,Yes,No,Yes,No,Yes,No,No,,10.8,120,,,,,,,,Product Link,$500.50,Yes,3.6,34,https://proteam.emerson.com/en-us/shop/proteam/backpack-vacuum-cleaners/proteam-sku-107726,$715.00
ProTeam (Emerson),Super Coach Pro 6 Backpack w/ 2 Piece Wand Tool Kit (Amazon's Choice),https://www.amazon.com/dp/B009HURHGO?tag=rsvacuum-20,Backpack,,153 CFM,1296,Yes,Bagged,6.6,-,,Corded,50,,69.7,,10.13,10.13,18,25.72,25.72,45.72,,11.8,5.35,,Yes,Yes,No,Yes,No,Yes,No,No,,10.8,120,,,,,,,,Product Link,$507.50,Yes,4.3,396,https://proteam.emerson.com/en-us/shop/proteam/backpack-vacuum-cleaners/proteam-sku-107308,$725.00
ProTeam (Emerson),Super Coach Pro 6 Backpack w/ Telescoping Wand Tool Kit (Amazon's Choice),https://www.amazon.com/dp/B01EZ6NAVA?tag=rsvacuum-20,Backpack,,153 CFM,1296,Yes,Bagged,6.6,-,,Corded,50,,69.7,,10.13,10.13,18,25.72,25.72,45.72,,11.8,5.35,,Yes,Yes,No,Yes,No,Yes,No,No,,10.8,120,,,,,,,,Product Link,$507.50,Yes,4.3,396,https://proteam.emerson.com/en-us/shop/proteam/backpack-vacuum-cleaners/proteam-sku-107743,$705.00
ProTeam (Emerson),Super Coach Pro 6 Backpack w/ ProBlade Hard Surface and Carpet Tool Kit,https://www.amazon.com/dp/B07FGF1FWQ?tag=rsvacuum-20,Backpack,,153 CFM,1296,Yes,Bagged,6.6,-,,Corded,50,,69.7,,10.13,10.13,18,25.72,25.72,45.72,,11.8,5.35,,Yes,Yes,No,Yes,No,Yes,No,No,,10.8,120,,,,,,,,Product Link,$560.00,Yes,4.3,396,https://proteam.emerson.com/en-us/shop/proteam/backpack-vacuum-cleaners/proteam-sku-107535,$800.00
ProTeam (Emerson),Super Coach Pro 10.Backpack w/ Telescoping Wand Tool Kit (Amazon's Choice),https://www.amazon.com/dp/B00GR2XG1K?tag=rsvacuum-20,Backpack,,153 CFM,1296,Yes,Bagged,11,-,,Corded,50,,69.7,,7.13,10.13,23,18.1,25.72,58.42,,12.5,5.67,,Yes,Yes,No,Yes,No,Yes,No,No,,10.8,120,,,,,,,,Product Link,$514.50,Yes,4.3,396,https://proteam.emerson.com/en-us/shop/proteam/proteam-sku-107745,$715.00
ProTeam (Emerson),Super Coach Pro 10.Backpack w/ 2 Piece Wand Tool Kit (Amazon's Choice),https://www.amazon.com/dp/B0145J7MWA?tag=rsvacuum-20,Backpack,,153 CFM,1296,Yes,Bagged,11,-,,Corded,50,,69.7,,7.13,10.13,23,18.1,25.72,58.42,,12.5,5.67,,Yes,Yes,No,Yes,No,Yes,No,No,,10.8,120,,,,,,,,Product Link,$514.50,Yes,4.3,396,https://proteam.emerson.com/en-us/shop/proteam/proteam-sku-107744,$710.00
ProTeam (Emerson),Super Coach Pro 10.Backpack w/ Horse Hair and Nylon Brush Blend Hard SurfaceTool Kit,https://www.amazon.com/dp/B0D16M94RR?tag=rsvacuum-20,Backpack,,153 CFM,1296,Yes,Bagged,11,-,,Corded,50,,69.7,,7.13,10.13,23,18.1,25.72,58.42,,12.5,5.67,,Yes,Yes,No,Yes,No,Yes,No,No,,10.8,120,,,,,,,,Product Link,$528.50,Yes,4.3,396,https://proteam.emerson.com/en-us/shop/proteam/proteam-sku-107342,$755.00
ProTeam (Emerson),Super Coach Pro 10.Backpack w/ ProLevel HEPA Media Filtration and ProBlade Carpet Tool Kit,https://www.amazon.com/dp/B08HJPR4LQ?tag=rsvacuum-20,Backpack,,153 CFM,1296,Yes,Bagged,11,-,,Corded,50,,69.7,,7.13,10.13,23,18.1,25.72,58.42,,12.5,5.67,,Yes,Yes,No,Yes,No,Yes,No,No,,10.8,120,,,,,,,,Product Link,$514.50,Yes,4.3,396,https://proteam.emerson.com/en-us/shop/proteam/proteam-sku-107536,$735.00
ProTeam (Emerson),ProVac FS 6 Backpack w/ Commercial Power Nozzle Tool Kit (Amazon's Choice),https://www.amazon.com/dp/B01M0BI7IR?tag=rsvacuum-20,Backpack,,153 CFM,1296,Yes,Bagged,6.6,-,,Corded,50,,69.7,,7.13,10.13,23,18.1,25.72,58.42,,11.8,5.35,,Yes,Yes,No,Yes,No,Yes,No,No,,10.8,120,,,,,,,,Product Link,$833.00,Yes,4.4,"1,007",https://proteam.emerson.com/en-us/shop/proteam/proteam-sku-107461,"$1,190.00"
ProTeam (Emerson),ProVac FS 6 Backpack w/ ProBlade Hard Surface and Carpet Tool Kit,https://www.amazon.com/dp/B0C8RDR9PH?tag=rsvacuum-20,Backpack,,153 CFM,1296,Yes,Bagged,6.6,-,,Corded,50,,69.7,,7.13,10.13,23,18.1,25.72,58.42,,11.8,5.35,,Yes,Yes,No,Yes,No,Yes,No,No,,10.8,120,,,,,,,,Product Link,$574.00,Yes,4.4,"1,007",https://proteam.emerson.com/en-us/shop/proteam/proteam-sku-107613,$820.00
ProTeam (Emerson),ProVac FS 6 Backpack w/ ProLevel Filtration and Restaurant Tool Kit,https://www.amazon.com/dp/B00GM50P9S?tag=rsvacuum-20,Backpack,,153 CFM,1296,Yes,Bagged,6.6,-,,Corded,50,,69.7,,7.13,10.13,23,18.1,25.72,58.42,,11.8,5.35,,Yes,Yes,No,Yes,No,Yes,No,No,,10.8,120,,,,,,,,Product Link,$525.00,Yes,4.4,"1,007",https://proteam.emerson.com/en-us/shop/proteam/proteam-sku-107363,$750.00
ProTeam (Emerson),ProVac FS 6 Backpack w/ HEPA Media Filtration and Residential Cleaning Service Kit,https://www.amazon.com/dp/B010NPU2N6?tag=rsvacuum-20,Backpack,,153 CFM,1296,Yes,Bagged,6.6,-,,Corded,50,,69.7,,7.13,10.13,23,18.1,25.72,58.42,,11.8,5.35,,Yes,Yes,No,Yes,No,Yes,No,No,,10.8,120,,,,,,,,Product Link,$637.00,Yes,4.4,"1,007",https://proteam.emerson.com/en-us/shop/proteam/proteam-sku-107687,-
ProTeam (Emerson),LineVacer® HEPA 10 qt. Backpack Vacuum with Tool Kit,https://www.amazon.com/dp/B00CYRL7HW?tag=rsvacuum-20,Backpack,,124 CFM,744,Yes,Bagged,11,-,,Corded,50,,64,,8.5,8.5,27,21.59,21.59,68.58,,13,5.9,,No,Yes,No,Yes,No,Yes,No,No,,6.2,120,,,,,,,,Product Link,,No,5,5,https://proteam.emerson.com/en-us/shop/proteam/proteam-s-vacuums/backpack-vacuum-cleaners/proteam-lvh?fetchFacets=true#facet:&partsFacet:&modelsFacet:&facetLimit:&searchTerm:&partsSearchTerm:&modelsSearchTerm:&productBeginIndex:0&partsBeginIndex:0&modelsBeginIndex:0&orderBy:2&partsOrderBy:&modelsOrderBy:&pageView:list&minPrice:&maxPrice:&pageSize:&facetRange:&,$1070 - $1150
ProTeam (Emerson),LineVacer® ULPA 10 qt. Backpack Vacuum with Tool Kit,https://www.amazon.com/dp/B00C4VI4IS?tag=rsvacuum-20,Backpack,,124 CFM,744,Yes,Bagged,11,-,,Corded,50,,64,,8.5,8.5,29,21.59,21.59,73.66,,13,5.9,,No,Yes,No,Yes,No,Yes,No,No,,6.2,120,,,,,,,,Product Link,,No,5,5,https://proteam.emerson.com/en-us/shop/proteam/proteam-s-vacuums/backpack-vacuum-cleaners/proteam-lvu?fetchFacets=true#facet:&partsFacet:&modelsFacet:&facetLimit:&searchTerm:&partsSearchTerm:&modelsSearchTerm:&productBeginIndex:0&partsBeginIndex:0&modelsBeginIndex:0&orderBy:2&partsOrderBy:&modelsOrderBy:&pageView:list&minPrice:&maxPrice:&pageSize:&facetRange:&,"$1,290"
ProTeam (Emerson),"GoFit 3 Cordless 4Ah, 3 qt. Backpack Vacuum",https://www.amazon.com/dp/B0F5TGYN82?tag=rsvacuum-20,Backpack,,65 / 70 CFM,240 / 310,Yes,Bagged,3.3,39 / 51,,Cordless,-,,63 / 66,,8.13,11.94,16.33,20.65,30.33,41.48,,12.8,5.81,,Yes,Yes,No,Yes,No,Yes,No,Yes,,-,60,,,,,,,,Product Link,"$1,350.00",,,,https://proteam.emerson.com/en-us/shop/proteam/cordless-vacuum-cleaners/proteam-sku-107774,-
ProTeam (Emerson),ProGen 12 Upright Vacuum,https://www.amazon.com/dp/B00RNXA7NW?tag=rsvacuum-20,Upright,,100 CFM,1100,Yes,Bagged,3.6,-,,Corded,40,,69,,13,12,47,33.02,30.48,119.38,,17,7.71,,Yes,Yes,No,Yes,No,Yes,No,No,,9.8,120,,,,,,,,Product Link,$525.00,Yes,3.3,17,https://proteam.emerson.com/en-us/shop/proteam/proteam-s-vacuums/upright-vacuum-cleaners/proteam-sku-107329,$750
ProTeam (Emerson),ProGen 15 Upright Vacuum,https://www.amazon.com/dp/B00RNXA9OE?tag=rsvacuum-20,Upright,,100 CFM,1100,Yes,Bagged,3.6,-,,Corded,50,,69,,15,13,47,38.1,33.02,119.38,,18,8.16,,Yes,Yes,No,Yes,No,Yes,No,No,,9.8,120,,,,,,,,Product Link,$588.00,Yes,3.9,16,https://proteam.emerson.com/en-us/shop/proteam/proteam-s-vacuums/upright-vacuum-cleaners/proteam-sku-107330,$840
ProTeam (Emerson),"ProForce 1200XP Upright Vacuum Cleaner with ProLevel Filtration, On-Board Tools for Carpets and Hard Floors (Amazon's Choice)",https://www.amazon.com/dp/B00GM4V9C6?tag=rsvacuum-20,Upright,,96 CFM,924,Yes,Bagged,3.6,-,,Corded,50,,67,,7.88,12,48,20,30.48,121.92,,18,8.16,,Yes,Yes,No,Yes,No,Yes,No,No,,10,120,,,,,,,,Product Link,$532.70,Yes,4.3,126,https://proteam.emerson.com/en-us/shop/proteam/proteam-s-vacuums/upright-vacuum-cleaners/proteam-sku-107251,$761
ProTeam (Emerson),"ProForce 1500XP Upright Vacuum Cleaner with ProLevel Filtration, On-Board Tools for Carpets and Hard Floors (Amazon's Choice)",https://www.amazon.com/dp/B006YTMNYC?tag=rsvacuum-20,Upright,,96 CFM,924,Yes,Bagged,3.6,-,,Corded,50,,67,,7.88,15,48,20,38.1,121.92,,18,8.16,,Yes,Yes,No,Yes,No,Yes,No,No,,10,120,,,,,,,,Product Link,$595.70,Yes,4,456,https://proteam.emerson.com/en-us/shop/proteam/proteam-s-vacuums/upright-vacuum-cleaners/proteam-sku-107252,$851
ProTeam (Emerson),ProForce 1500XP Upright Vacuum w/ 12 extra filter bags,https://www.amazon.com/dp/B0C3WWMXMM?tag=rsvacuum-20,Upright,,96 CFM,924,Yes,Bagged,3.6,-,,Corded,50,,67,,7.88,15,48,20,38.1,121.92,,18,8.16,,Yes,Yes,No,Yes,No,Yes,No,No,,10,120,,,,,,,,Product Link,$595.70,Yes,4.2,32,https://proteam.emerson.com/en-us/shop/proteam/proteam-s-vacuums/upright-vacuum-cleaners/proteam-sku-107252,$851
ProTeam (Emerson),ProGuard 4 Portable Wet/Dry Vacuum with Tool Kit,https://www.amazon.com/dp/B00GM4YWES?tag=rsvacuum-20,Dry Wet,,142 CFM,1080,No,Bagged,15.1,-,,Corded,20,,76,,14,18,16,35.56,45.72,40.64,,12,5.44,,Yes,Yes,No,Yes,No,Yes,No,No,,9,120,,,,,,,,Product Link,$245.00,Yes,4.1,28,https://proteam.emerson.com/en-us/shop/proteam/proteam-sku-107128,$350
ProTeam (Emerson),ProGuard 10 Wet/Dry Vacuum with Tool Kit,https://www.amazon.com/dp/B00GM4Z1Z2?tag=rsvacuum-20,Dry Wet,,105 CFM,1380,No,Bagged,37.9,-,,Corded,50,,68,,21,16.8,24.9,53.34,42.67,63.25,,28,12.7,,Yes,Yes,No,Yes,No,Yes,No,No,,9.5,120,,,,,,,,Product Link,$497.00,Yes,4.1,28,https://proteam.emerson.com/en-us/shop/proteam/proteam-s-vacuums/vacuums/proteam-sku-107129,$710
ProTeam (Emerson),ProGuard® 15 Wet/Dry Vacuum w/ Tool Kit and optional Front Mount Squeegee,https://www.amazon.com/dp/B00D632I80?tag=rsvacuum-20,Dry Wet,,105 CFM,1380,No,Bagged,56.8,-,,Corded,50,,69,,21.5,26.5,36.25,54.61,67.31,92.08,,56,25.4,,Yes,Yes,No,Yes,No,Yes,No,No,,9.5,120,,,,,,,,Product Link,$832.00,Yes,4.1,28,https://proteam.emerson.com/en-us/shop/proteam/vacuums/proteam-sku-107130,"$1,040"
ProTeam (Emerson),ProGuard® 15 Wet/Dry Vacuum w/ Tool Kit and Front Mount Squeegee,https://www.amazon.com/dp/B00GM50DF4?tag=rsvacuum-20,Dry Wet,,105 CFM,1380,No,Bagged,56.8,-,,Corded,50,,69,,21.75,26.5,36.25,55.25,67.31,92.08,,56,25.4,,Yes,Yes,No,Yes,No,Yes,No,No,,9.5,120,,,,,,,,Product Link,"$1,283.00",Yes,4.1,28,https://proteam.emerson.com/en-us/shop/proteam/vacuums/proteam-sku-107359,"$1,285"
ProTeam (Emerson),ProGuard 16 Gal. Commercial Wet/Dry Vacuum w/ Tool Kit,https://www.amazon.com/dp/B00SMQCBJW?tag=rsvacuum-20,Dry Wet,,105 CFM,1380,No,Bagged,60.6,-,,Corded,50,,66,,22,20.25,28.5,55.88,51.44,72.39,,29,13.15,,Yes,Yes,No,Yes,No,Yes,No,No,,9.5,120,,,,,,,,Product Link,$652.46,Yes,4.1,28,https://proteam.emerson.com/en-us/shop/proteam/proteam-s-vacuums/vacuums/proteam-sku-107386,$700
ProTeam (Emerson),ProGuard 20 Wet/Dry Vacuum w/ Tool Kit and optional Front Mount Squeegee (Amazon's Choice),https://www.amazon.com/dp/B00GM50JB2?tag=rsvacuum-20,Dry Wet,,105 CFM,1380,No,Bagged,75.7,-,,Corded,50,,69,,21.75,26.5,39,55.25,67.31,99.06,,58.5,26.54,,Yes,Yes,No,Yes,No,Yes,No,No,,9.5,120,,,,,,,,Product Link,"$1,080.00",Yes,4.1,28,https://proteam.emerson.com/en-us/shop/proteam/proteam-s-vacuums/proteam-sku-107360,"$1,350.00"
Proscenic,,,,,,,,,,,,,,,,,,,,,,,,,,,,,,,,,,,,,,,,,,,,,,,,,,,
Proscenic,P11 Lite,https://www.amazon.com/dp/B0D6XW7K8D?tag=rsvacuum-20,Stick,,40,400,Yes,Bagless,0.55,45,,Cordless,-,,78,,9.45,9,42,24,22.86,106.68,,5.1,2.31,,Yes,Yes,Yes,Yes,Yes,Yes,-,Yes,,9,22,,,,,,,,Product Link,$289.00,Yes,4.3,339,https://www.proscenic.com/products/proscenic-p11-lite,$148
Proscenic,P11 Mopping,https://www.amazon.com/dp/B0D472QY9G?tag=rsvacuum-20,Stick,,45,500,Yes,Bagless,0.63,55,,Cordless,-,,78,,9,4.7,13,22.86,11.94,33.02,,5.2,2.36,,Yes,Yes,Yes,Yes,Yes,Yes,-,Yes,,-,30,,,,,,,,Product Link,$159.99,Yes,4.1,513,https://www.proscenic.com/products/proscenic-p11-mopping,$171
Proscenic,P13,https://www.amazon.com/dp/B0D5LFG677?tag=rsvacuum-20,Stick,,45,550,Yes,Bagless,0.8,55,,Cordless,-,,78,,5,9.1,14,12.7,23.11,35.56,,6.83,3.1,,Yes,Yes,Yes,Yes,Yes,Yes,-,Yes,,15,25,,,,,,,,Product Link,$129.99,Yes,4.2,193,https://www.proscenic.com/products/proscenic-p13,$171
Proscenic,P16,https://www.amazon.com/dp/B0DM8RFRGB?tag=rsvacuum-20,Stick,,50,550,Yes,Bagless,1,65,,Cordless,-,,78,,3.94,9.91,45.66,10.01,25.17,115.98,,5.95,2.7,,Yes,Yes,Yes,Yes,Yes,Yes,-,Yes,,-,30,,,,,,,,Product Link,$168.99,Yes,4.5,342,https://www.proscenic.com/products/proscenic-p16,$182
Proscenic,850T,https://www.amazon.com/dp/B0DBTFF3GB?tag=rsvacuum-20,Robot,,3,-,Yes,Bagless,0.25,90,,Cordless,-,,60,,11.81,11.81,2.87,30,30,7.29,,8.38,3.8,,-,-,-,-,-,-,-,-,,-,11,,-,Yes,No,Yes,Yes,Yes,Product Link,$79.99,Yes,4,"12,589",https://www.proscenic.com/products/proscenic-850t,$159
Proscenic,Q8,https://www.amazon.com/dp/B0D628292F?tag=rsvacuum-20,Robot,,5,-,Yes,Bagless,0.25,150,,Cordless,-,,64,,12.6,12.6,3.8,32,32,9.65,,6.17,2.8,,-,-,-,-,-,-,-,-,,0.6,19,,-,Yes,No,Yes,Yes,Yes,Product Link,$199.99,Yes,3.8,81,https://www.proscenic.com/products/proscenic-q8,$228
Proscenic,Q8 Max,https://www.amazon.com/dp/B0DNSSTWBQ?tag=rsvacuum-20,Robot,,5,-,Yes,Bagless,0.25 / 2,150,,Cordless,-,,64,,12.6,12.6,3.8,32,32,9.65,,17.51,7.94,,-,-,-,-,-,-,-,-,,0.6,19,,2,Yes,Yes,Yes,Yes,Yes,Product Link,$259.99,Yes,4.3,426,https://www.proscenic.com/products/proscenic-q8-max,$285
Proscenic,F10 Pro,https://www.amazon.com/dp/B0DZ1TQ433?tag=rsvacuum-20,Upright,,up to 15,300,Yes,Bagless,0.5,30,,Cordless,-,,79,,10,8,43,25.4,20.32,109.22,,8.8,3.99,,Yes,Yes,Yes,Yes,Yes,Yes,-,Yes,,-,22,,,,,,,,Product Link,$219.99,Yes,4.6,72,https://www.proscenic.com/products/proscenic-f10-pro,$228
Powerffy,,,,,,,,,,,,,,,,,,,,,,,,,,,,,,,,,,,,,,,,,,,,,,,,,,,
Powerffy,A17 Cordless Vacuum Cleaner,https://www.amazon.com/dp/B0D634RCRL?tag=rsvacuum-20,Stick,,38,450,Yes,Bagless,1.2,55,,Cordless,-,,65,,10,9,43,25.4,22.86,109.22,,5.9,2.68,,Yes,Yes,Yes,Yes,Yes,No,-,Yes,,-,26,,,,,,,,Product Link,$139.99,Yes,4.4,475,https://www.powerffy.com/products/powerffy-v17-vacuum-cleaner,$169.99
Powerffy,V8 Cordless Vacuum Cleaner,https://www.amazon.com/dp/B0D633TJCL?tag=rsvacuum-20,Stick,,40,450,Yes,Bagless,1.5,55,,Cordless,-,,65,,18,32,40,45.72,81.28,101.6,,5.6,2.54,,Yes,Yes,Yes,Yes,Yes,No,-,Yes,,-,26,,,,,,,,Product Link,$139.99,Yes,4.5,520,https://www.powerffy.com/products/powerffy-cordless-vacuum-cleaner,$169.99
Powerffy,N10 Cordless Vacuum Cleaner,https://www.amazon.com/dp/B0D62YJ83H?tag=rsvacuum-20,Stick,,30,400,Yes,Bagless,1.2,45,,Cordless,-,,58,,8.3,9.8,44.6,21.08,24.89,113.28,,7.11,3.23,,Yes,Yes,Yes,Yes,Yes,No,-,Yes,,-,22,,,,,,,,Product Link,$69.48,Yes,4.1,404,https://www.powerffy.com/products/powerffy-n10-cordless-vacuum-cleaner,$139.99
Powerffy,Knight 10 (Aromatherapy) Cordless Vacuum Cleaner,https://www.amazon.com/dp/B0DPMQ84NP?tag=rsvacuum-20,Stick,,45,550,Yes,Bagless,1.5,60,,Cordless,-,,-,,9,10,50,22.86,25.4,127,,4,1.81,,Yes,Yes,Yes,Yes,Yes,No,-,Yes,,-,30,,,,,,,,Product Link,$99.99,Yes,3.5,89,https://www.powerffy.com/products/cordless-vacuum-cleaner-550w-45kpa-60mins-cordless-stick-vacuum-cleaner-with-rechargeable-battery-anti-tangle-brush-build-in-aromatherapy-handheld-vacuum-cleaners-for-home-pet-hair-carpets-floors,$169.99
Powerffy,Hero 10 (Lightweight) Cordless Vacuum Cleaner,https://www.amazon.com/dp/B0D8HT47QR?tag=rsvacuum-20,Stick,,45,550,Yes,Bagless,1.5,60,,Cordless,-,,62,,14,15,20,35.56,38.1,50.8,,4,1.81,,Yes,Yes,Yes,Yes,Yes,No,-,Yes,,-,30,,,,,,,,Product Link,$109.99,Yes,4.3,282,https://www.powerffy.com/products/cordless-vacuum-cleaner-550w-45kpa-cordless-stick-vacuum-with-led-display-max-60min-runtime-self-standing-lightweight-vacuum-cleaner-for-home-carpet-pet-hair-and-hardfloor,$149.99
Powerffy,Knight 11,https://www.amazon.com/dp/B0GZW64GH3?tag=rsvacuum-20,Stick,,55,650,Yes,Bagless,1.5,70,,Cordless,-,,62,,7,6,15,17.78,15.24,38.1,,4,1.81,,Yes,Yes,Yes,Yes,Yes,Yes,No,Yes,,-,30,,-,-,-,-,-,-,Product Link,$249.99,Yes,4.5,204,,
PKUYIE,,,,,,,,,,,,,,,,,,,,,,,,,,,,,,,,,,,,,,,,,,,,,,,,,,,
PKUYIE,SL159,https://www.amazon.com/dp/B0GF86S69P?tag=rsvacuum-20,Canister,,40,1600,Yes,Bagless,3.5,-,,Corded,-,,68,,17,12,9,43.18,30.48,22.86,,13.22,6,,Yes,Yes,Yes,Yes,Yes,Yes,Yes,Yes,,-,110,,-,-,-,-,-,-,Product Link,$99.99,Yes,4.4,46,,
Redkey,,,,,,,,,,,,,,,,,,,,,,,,,,,,,,,,,,,,,,,,,,,,,,,,,,,
Redkey,R10,https://www.amazon.com/dp/B0DRJYD581?tag=rsvacuum-20,Robot,,4,-,No,Bagged,4,150,,Cordless,-,,57,,14.5,16,14.9,36.83,40.64,37.85,,18.84,8.55,,No,No,No,No,No,Yes,No,No,,-,-,,4,Yes,Yes,Yes,Yes,Yes,Product Link,$259.99,Yes,4.6,6,,
RIDGID,,,,,,,,,,,,,,,,,,,,,,,,,,,,,,,,,,,,,,,,,,,,,,,,,,,
Ridgid,RIDGID 18V Volt,https://www.amazon.com/dp/B0D9C3N136?tag=rsvacuum-20,Handheld,,-,175,No,Bagless,0.45,-,,Cordless,-,,50,,8,22,6,20.32,55.88,15.24,,2.42,1.1,,Yes,No,No,Yes,No,No,No,No,,-,18,,,,,,,,Product Link,$79.95,Yes,5,2,-,-
Ridgid,RIDGID 14-Gal. 6.0 Peak HP,https://www.amazon.com/dp/B00CLATFTE?tag=rsvacuum-20,Dry Wet,,-,4470,No,Bagless,53,-,,Corded,20,,80,,20.7,20.7,25.2,52.58,52.58,64.01,,29.3,13.29,,Yes,Yes,No,Yes,Yes,No,No,No,,10.5,120,,,,,,,,Product Link,-,,4.6,601,https://www.ridgid.com/us/en/14-gallon-nxt-wet-dry-vac,-
Roborock,,,,,,,,,,,,,,,,,,,,,,,,,,,,,,,,,,,,,,,,,,,,,,,,,,,
Roborock,Q7 M5,https://www.amazon.com/dp/B0DSJF7ZDJ?tag=rsvacuum-20,Robot,,10,-,No,Bagged,0.4,150,,Cordless,-,,60,,12.8,15.09,3.98,32.51,38.33,10.11,,7.28,3.3,,No,No,No,No,No,No,No,Yes,,-,120,,-,Yes,No,Yes,Yes,Yes,Product Link,$299.99,Yes,4.2,"3,066",https://us.roborock.com/products/roborock-q7-m5?srsltid=AfmBOoqBlIyCbdl7eh_xMqpN0MS0151yoKk0JgRoyD-WYGmwVRF8T13O,$239.99
Roborock,QV 35A,https://www.amazon.com/dp/B0DS5WV7V6?tag=rsvacuum-20,Robot,,8,-,No,Bagless,2.7,180,,Cordless,-,,64,,17.32,16.61,23.5,43.99,42.19,59.69,,31.5,14.29,,No,No,Yes,No,No,Yes,No,Yes,,-,120,,2.7,Yes,Yes,Yes,Yes,Yes,Product Link,$599.99,Yes,4.4,"1,267",https://us.roborock.com/products/roborock-qv-35a?_pos=1&_sid=8042c15c4&_ss=r,$599.99
Roborock,Q8 Max,https://www.amazon.com/dp/B0C7VBXHS8?tag=rsvacuum-20,Robot,,5.5,-,No,Bagless,0.47,240,,Cordless,-,,67,,13.8,13.9,3.8,35.05,35.31,9.65,,8.8,3.99,,No,No,No,No,No,Yes,No,Yes,,-,120,,-,Yes,No,Yes,Yes,Yes,Product Link,$299.99,Yes,4.3,"3,826",https://us.roborock.com/products/roborock-q8-max-robot-vacuum-and-mop?srsltid=AfmBOorQTRImdvGTFVQygXmUqDWGDe1roVc2RKwHC6aGq4V0eNi3mtZf,$299.99
Roborock,Q10 S5+ (Amazon's Choice),https://www.amazon.com/dp/B0DWXBCQVP?tag=rsvacuum-20,Robot,,10,58,No,Bagged,2.7L,150,,Cordless,-,,69,,13.89,20.72,10.18,35.28,52.63,25.86,,14.77,6.7,,No,No,No,No,No,Yes,No,Yes,,-,120,,2.7,Yes,Yes,Yes,Yes,Yes,Product Link,$549.99,Yes,4.2,"5,248",https://us.roborock.com/products/roborock-q10-s5-plus?srsltid=AfmBOopV1tLU_MJDxsTHqHPud6R_y6iZ3KbIZ6bkdQeRpwrAo1vgT_gx,$419.99
Roborock,Q5 Max+,https://www.amazon.com/dp/B0CWQP4Y4R?tag=rsvacuum-20,Robot,,5.5,60,No,Bagged,0.77,240,,Cordless,-,,69,,13.8,13.8,3.8,35.05,35.05,9.65,,7.5,3.4,,No,No,No,No,No,Yes,No,Yes,,-,14,,2.7,Yes,Yes,Yes,No,No,Product Link,$329.99,Yes,4.2,"3,066",https://us.roborock.com/products/roborock-q5-max-plus?srsltid=AfmBOor6U1OjdHSmaoZD8QaV6Bta3v-rZ4WIxGliULYfPsgYNSAxPTmU,$329.99
Roborock,Q5 Pro,https://www.amazon.com/dp/B0C7VLHMQR?tag=rsvacuum-20,Robot,,5.5,69,Yes,Bagless,0.77,240,,Cordless,-,,69,,17.3,13.8,17.6,43.94,35.05,44.7,,11.9,5.4,,No,No,No,No,No,Yes,No,Yes,,-,110,,-,Yes,No,No,Yes,No,Product Link,$239.99,Yes,4.2,"1,169",https://ca.roborock.com/products/roborock-q5-pro-robot-vacuum-and-mop?srsltid=AfmBOorJxTX4DcC4tcplqCuYiQriP_bYExeTr0siUyVSl5W3AC0n6mcE,$279.99
Roborock,Q5 Pro+ (Amazon's Choice),https://www.amazon.com/dp/B0C7VN9NWK?tag=rsvacuum-20,Robot,,5.5,-,No,Bagged,7.7,240,,Cordless,-,,69,,15.07,19.29,14.44,38.28,49,36.68,,16.5,7.48,,No,No,No,No,No,Yes,No,Yes,,-,4,,2.5,Yes,Yes,Yes,Yes,No,Product Link,$219.99,Yes,4.2,665,https://uk.roborock.com/products/roborock-q5-pro-plus-robot-vacuum-and-mop-with-auto-empty-dock?srsltid=AfmBOorFfY4EPnUAjP9nDidag4EyVfC72X9Up8qAwYKC60nGT3Eyoqs4,$479.00
Roborock,Roborock QV 35S,https://www.amazon.com/dp/B0DSHZW3QB?tag=rsvacuum-20,Robot,,10,-,No,Bagged,0.33,180,,Cordless,-,,64,,19.17,13.78,20.43,48.69,35,51.89,,31.5,14.29,,No,No,No,No,No,Yes,No,Yes,,-,120,,2.7,Yes,Yes,Yes,Yes,Yes,Product Link,$599.99,Yes,4.4,308,https://us.roborock.com/products/roborock-qv-35s?srsltid=AfmBOoqNduMzVHDCHNu5JuMBxuQcxI-Zp2sIkDk8OBa-8Ys7QrTaX2fJ,$599.99
Roborock,Roborock Q10 X5+,https://www.amazon.com/dp/B0DWXCQLHX?tag=rsvacuum-20,Robot,,10,-,No,Bagged,0.5,150,,Cordless,-,,65,,13.9,20.72,10.19,35.31,52.63,25.88,,14.8,6.71,,No,No,No,No,No,Yes,No,Yes,,-,-,,2.7,Yes,Yes,Yes,Yes,Yes,Product Link,$499.99,Yes,4.3,"3,826",https://us.roborock.com/products/roborock-q10-x5-plus?srsltid=AfmBOoq96BJbawNUJCh37uzJ1uNsU4QywEfRT_kEbx7OKv00ZG4_MAD-,$379.99
Roborock,Roborock Qrevo S5V (Amazon's Choice),https://www.amazon.com/dp/B0DSP8J476?tag=rsvacuum-20,Robot,,12,-,No,Bagged,2.7,180,,Cordless,-,,-,,19.17,13.38,20.51,48.69,33.99,52.1,,25.57,11.6,,No,No,No,No,No,Yes,No,Yes,,-,120,,2.7,Yes,Yes,Yes,Yes,Yes,Product Link,$899.99,Yes,4.5,464,-,-
Roborock,Roborock Qrevo Master,https://www.amazon.com/dp/B0CWR5SHZP?tag=rsvacuum-20,Robot,,10,-,No,Bagged,0.35,180,,Cordless,-,,70,,19.4,16.6,16.5,49.28,42.16,41.91,,39,17.69,,No,No,No,No,No,Yes,No,Yes,,-,110,,2.7,Yes,Yes,Yes,Yes,Yes,Product Link,$899.99,Yes,4.2,736,https://us.roborock.com/products/roborock-qrevo-master?srsltid=AfmBOop4fVKDdSJfBg0QqTscx2AM1gvTJ_-R20gLt8WM4QlzmNKlq31M,$899.99
Roborock,Roborock Qrevo S,https://www.amazon.com/dp/B0CTZXQM13?tag=rsvacuum-20,Robot,,7,80,No,Bagged,5,180,,Cordless,-,,65,,19.17,13.38,20.51,48.69,33.99,52.1,,25.5,11.57,,No,No,No,No,No,Yes,No,Yes,,-,120,,2.7,Yes,Yes,Yes,Yes,Yes,Product Link,$499.99,Yes,4.4,"1,267",https://us.roborock.com/products/roborock-qrevo-s?srsltid=AfmBOopE5JHY4iCbz_a5vNcB6PmsYAMlw6HTo-uvAlz0-sUDbR4BzWfb,$499.99
Roborock,Roborock Q10 S5,https://www.amazon.com/dp/B0DSLBJ9MN?tag=rsvacuum-20,Robot,,10,-,No,Bagless,0.5,150,,Cordless,-,,69,,13.9,16.14,3.98,35.31,41,10.11,,10.36,4.7,,No,No,No,No,No,Yes,No,Yes,,-,120,,2.7,Yes,Yes,Yes,Yes,Yes,Product Link,$399.99,Yes,4.2,537,https://us.roborock.com/products/roborock-q10-s5?srsltid=AfmBOooO2Y19dSJ0Ch_vF3a9gusCDBAh9cbtKylx0vRetOjZaSnn6i0m,$319.99
Roborock,Roborock Q10 X5,https://www.amazon.com/dp/B0DSP5GTV4?tag=rsvacuum-20,Robot,,10,-,No,Bagged,2.5,150,,Cordless,-,,69,,13.9,16.14,3.98,35.31,41,10.11,,10.4,4.72,,No,No,No,No,No,Yes,No,Yes,,-,120,,-,Yes,No,Yes,Yes,Yes,Product Link,$349.99,Yes,2.9,3,https://us.roborock.com/products/roborock-q10-x5?srsltid=AfmBOorZH8b90SAmilTGf5Kba3z5xKU4FTX3Gt-61dbfCYsJMra2uarY,$299.99
Roborock,Roborock Saros 10R (Amazon's Choice),https://www.amazon.com/dp/B0DHCJ571Z?tag=rsvacuum-20,Robot,,20,-,Yes,Bagless,0.27,180,,Cordless,-,,62,,18.7,15,19.21,47.5,38.1,48.79,,25.49,11.56,,No,No,No,No,No,Yes,No,Yes,,-,120,,2.7,Yes,Yes,Yes,Yes,Yes,Product Link,"$1,599.99",Yes,4.4,146,https://us.roborock.com/products/roborock-saros-10r?srsltid=AfmBOooce-qCW09tEWMb5znZazBvc1svVaq3TEWygPSi6lxMx4aKXQF_,"$1,599.99"
Roborock,Q7 Max+,https://www.amazon.com/dp/B09NNFNWZ9?tag=rsvacuum-20,Robot,,4.2,58,Yes,Bagless,0.47,180,,Cordless,-,,70,,15.83,20.39,17.13,40.21,51.79,43.51,,25,11.34,,No,No,No,No,No,Yes,No,Yes,,-,110,,2.5,Yes,Yes,Yes,Yes,No,Product Link,$869.99,Yes,4,"5,598",https://us.roborock.com/products/roborock-q7-max-plus?srsltid=AfmBOor_hNns8fnhJvo82AMudnix38l2pP_e_zqcRqQRd_tbSPo_860h,$359.99
Roborock,F25 ALT,https://www.amazon.com/dp/B0DHV29N1N?tag=rsvacuum-20,Dry Wet,,20,200,Yes,Bagless,0.74,60,,Cordless,-,,75,,13.9,12.4,45.6,35.31,31.5,115.82,,10.3,4.67,,No,No,No,No,Yes,Yes,No,Yes,,-,-,,-,-,-,-,-,-,Product Link,$499.99,Yes,4.6,187,https://us.roborock.com/products/roborock-f25-ace-and-f25-alt-wet-and-dry-vacuum-cleaner,$449.99
Roborock,Roborock Saros Z70,https://www.amazon.com/dp/B0DSLBMQH8?tag=rsvacuum-20,Robot,,22,60,No,Bagless,1.7,180,,Cordless,-,,70,,15,18.7,19.2,38.1,47.5,48.77,,30.42,13.8,,No,No,No,No,No,Yes,No,Yes,,-,120,,2.5,Yes,Yes,Yes,Yes,Yes,Product Link,"$2,599.00",Yes,4.9,29,-,-
Roborock,Q7 Max,https://www.amazon.com/dp/B0BJPTJCLK?tag=rsvacuum-20,Robot,,4.2,58,No,Bagless,0.47,180,,Cordless,-,,67,,13.8,13.9,3.8,35.05,35.31,9.65,,13.44,6.1,,No,No,No,No,No,Yes,No,Yes,,-,110,,2.5,Yes,No,Yes,Yes,Yes,Product Link,$159.99,Yes,4.3,24,https://us.roborock.com/products/roborock-q7-max?srsltid=AfmBOooxavqv-Sy0l3de4k3hjG4ETt-M15_MhUeCOm8SttlsrhkDe8Ws,$199.99
Roborock,Roborock Flexi Pro,https://www.amazon.com/dp/B0CTZXR7HL?tag=rsvacuum-20,Dry Wet,,17,4,No,Bagless,0.73,50,,Cordless,-,,72,,9.38,10.4,43.63,23.83,26.42,110.82,,15.7,7.12,,No,No,No,No,Yes,Yes,No,Yes,,-,-,,-,-,-,-,-,-,Product Link,$299.99,Yes,4.1,157,https://us.roborock.com/products/roborock-flexi-pro?srsltid=AfmBOopYmcpYD0Xqyavx-JOZGRTPLne2cofn3oQCXEgdOSWniMbuBN5gg,$299.99
Roborock,Roborock Q Revo,https://www.amazon.com/dp/B0BVVWN64G?tag=rsvacuum-20,Robot,,5.5,80,No,Bagged,2.7,180,,Cordless,-,,64.5,,13.4,19.2,22,34.04,48.77,55.88,,27.34,12.4,,No,No,No,No,No,Yes,No,Yes,,-,120,,2.7,Yes,Yes,Yes,Yes,No,Product Link,$349.99,Yes,4.1,582,https://us.roborock.com/products/roborock-qrevo?srsltid=AfmBOor8Z5BjEF6j1XDpT_FGt7w766SeyulViwzVz7vROlq2_lOYQav-,$519.99
Roborock,Roborock Saros 10R (Amazon's Choice),https://www.amazon.com/dp/B0DHCJ571Z?tag=rsvacuum-20,Robot,,22,74,No,Bagless,2.7,180,,Cordless,-,,62,,18.7,15,19.21,47.5,38.1,48.79,,25.49,11.56,,No,No,No,No,No,Yes,No,Yes,,-,120,,2.7,Yes,Yes,Yes,Yes,Yes,Product Link,"$1,599.99",Yes,4.4,146,https://us.roborock.com/products/roborock-saros-10r?srsltid=AfmBOorVALTErgqLthioFXeJfFTvlWVD86ghxhFz33ERW22Ck2kvgMPf,"$1,599.99"
Roborock,Roborock Qrevo Curv S5X,https://www.amazon.com/dp/B0DNDVRRXV?tag=rsvacuum-20,Robot,,17,66,No,Bagless,2.5,180,,Cordless,-,,55,,13.7,13.9,3.9,34.8,35.31,9.91,,21.8,9.89,,No,No,No,No,No,Yes,No,Yes,,-,120,,2.5,Yes,Yes,Yes,Yes,Yes,Product Link,"$1,149.99",Yes,4.4,208,https://us.roborock.com/products/roborock-qrevo-curv-s5x?srsltid=AfmBOor9c4BaS4lnqHFs2ZIbf0eXHcj9xl8eQU4tgNxhu49c0Oy4eApz,$949.99
Roborock,Roborock Qrevo Edge,https://www.amazon.com/dp/B0DHCJNPYX?tag=rsvacuum-20,Robot,,18.5,66,Yes,Bagless,2.5,240,,Cordless,-,,55,,19.17,13.85,20.5,48.69,35.18,52.07,,25.49,11.56,,No,No,No,No,No,Yes,No,Yes,,-,120,,2.7,Yes,Yes,Yes,Yes,Yes,Product Link,"$1,099.99",Yes,4.2,"1,281",https://us.roborock.com/products/roborock-qrevo-edge?srsltid=AfmBOorU_GaeO6JuEk_w3nY3g2sLhpXB9X9RYv02euQkS6m28dmGCXaZ,"$1,099.99"
Roborock,S8 Max Ultra,https://www.amazon.com/dp/B0CTZXQ9L9?tag=rsvacuum-20,Robot,,8,56,Yes,Bagless,0.47,180,,Cordless,-,,67,,17.56,16.1,18.5,44.6,40.89,46.99,,31.75,14.4,,No,No,No,No,No,Yes,No,Yes,,-,110,,2.5,Yes,Yes,Yes,Yes,Yes,Product Link,$849.99,Yes,4.1,212,https://us.roborock.com/products/roborock-s8-max-ultra?srsltid=AfmBOopK0-SYrVvl_oiBirxO8btV0IobRpSXtH6K8pwe_VTECR9TW5sx,$849.99
Roborock,S8 Pro Ultra,https://www.amazon.com/dp/B0BVB5PTDK?tag=rsvacuum-20,Robot,,6,56,Yes,Bagless,0.35,180,,Cordless,-,,40.7,,20.31,21.22,19.06,51.59,53.9,48.41,,31.1,14.11,,No,No,No,No,No,Yes,No,Yes,,-,220,,2.5,Yes,Yes,Yes,Yes,Yes,Product Link,"$1,399.99",Yes,4.1,"1,405",https://global.roborock.com/pages/roborock-s8-pro-ultra,-
Roborock,S7 Max Ultra,https://www.amazon.com/dp/B0BVB6JKMX?tag=rsvacuum-20,Robot,,5.5,74,Yes,Bagless,0.35,180,,Cordless,-,,70.4,,19.4,16.6,16.5,49.28,42.16,41.91,,28.4,12.88,,No,No,No,No,No,Yes,No,Yes,,-,120,,2.5,Yes,Yes,Yes,Yes,Yes,Product Link,"$1,072.65",Yes,4.2,595,https://global.roborock.com/pages/roborock-s7-max-ultra,-
Roborock,Roborock Qrevo MaxV,https://www.amazon.com/dp/B0CQ7JCN6Z?tag=rsvacuum-20,Robot,,7,60,Yes,Bagless,0.33,110,,Cordless,-,,45,,16.65,23.43,17.2,42.29,59.51,43.69,,35.05,15.9,,No,No,No,No,No,Yes,No,Yes,,-,110,,2.7,Yes,Yes,Yes,Yes,Yes,Product Link,$649.99,Yes,4.6,51,https://us.roborock.com/products/roborock-qrevo-maxv?srsltid=AfmBOopNx4A2tw_wYL3RAQ5CJRFS8b4wVVYtSZJ9eiYk-RaOxF4_4H2o,$819.99
Roborock,Roborock Saros10,https://www.amazon.com/dp/B0DLH45139?tag=rsvacuum-20,Robot,,22,-,Yes,Bagless,0.27,220,,Cordless,-,,67,,17.31,16.1,18.5,43.97,40.89,46.99,,36.22,16.43,,No,No,No,No,No,Yes,No,Yes,,-,110,,2.7,Yes,Yes,Yes,Yes,Yes,Product Link,"$1,599.99",Yes,4.2,58,https://us.roborock.com/products/roborock-saros-10?_pos=2&_sid=07ea59378&_ss=r,"$1,599.99"
Roborock,Dyad Air,https://www.amazon.com/dp/B0CDX1Y84G?tag=rsvacuum-20,Dry Wet,,17,700,Yes,Bagless,0.9,50,,Cordless,-,,82,,12.7,14.2,45.7,32.26,36.07,116.08,,13,5.9,,No,No,No,No,Yes,Yes,No,Yes,,-,120,,,,,,,,Product Link,$299.99,Yes,4.2,115,https://us.roborock.com/products/roborock-dyad-air-wet-and-dry-vacuum-cleaner?srsltid=AfmBOop-FrN1fyg4VPMXkfGfbfQkmwD3k1190xEUiWYa60k6KKNl3XAZ,$199.99
Roborock,Roborock S7,https://www.amazon.com/dp/B08VHXZZ22?tag=rsvacuum-20,Robot,,2.5,120,Yes,Bagless,0.47,180,,Cordless,-,,64,,13.78,13.9,3.8,35,35.31,9.65,,9.92,4.5,,No,No,No,No,No,Yes,No,Yes,,-,-,,,,,,,,Product Link,$679.55,Yes,4.2,"2,383",-,-
Roborock,Roborock Qrevo Slim,https://www.amazon.com/dp/B0DBQNYQ5M?tag=rsvacuum-20,Robot,,11,60,Yes,Bagless,0.22,180,,Cordless,-,,67,,19.21,13.78,20.51,48.79,35,52.1,,28.21,12.8,,No,No,No,No,No,Yes,No,Yes,,-,-,,2.7,Yes,Yes,Yes,Yes,Yes,Product Link,$999.99,Yes,4.4,116,https://us.roborock.com/products/roborock-qrevo-slim?srsltid=AfmBOooBS0yn2L1l8RmNk1dHaxNGpyWDLDkefeKXkvl4_RI2TzxWrV4o,$999.99
Roborock,Dyad Pro Combo,https://www.amazon.com/dp/B0CB3M7WZZ?tag=rsvacuum-20,Dry Wet,,17,150,Yes,Bagless,0.46,43,,Cordless,-,,74,,14.2,44.7,12.8,36.07,113.54,32.51,,12,5.44,,Yes,Yes,Yes,Yes,Yes,Yes,No,Yes,,-,-,,,,,,,,Product Link,$399.99,Yes,3.7,129,https://us.roborock.com/products/roborock-dyad-pro-combo-5-in-1-vacuum-cleaner?srsltid=AfmBOoqKI0VmQce9Flm2G3m9phdo1pMQCcxU6eSV8XI0t96y9DKs-Jsn,$399.99
Roborock,H60,https://www.amazon.com/dp/B0F4K9DJ64?tag=rsvacuum-20,Stick,,-,-,Yes,Bagless,3,90,,Cordless,-,,-,,14,10,41,35.56,25.4,104.14,,16.13,7.32,,Yes,No,No,No,No,Yes,No,Yes,,-,120,,-,-,-,-,-,-,Product Link,$429.99,Yes,4,149,,
ROOMIE TEC,,,,,,,,,,,,,,,,,,,,,,,,,,,,,,,,,,,,,,,,,,,,,,,,,,,
Roomie TEC,RICKY,https://www.amazon.com/dp/B0B8LSZXD8?tag=rsvacuum-20,Stick,,23,225,Yes,Bagless,1,43,,Cordless,-,,70,,9.21,10.43,43.3,23.39,26.49,109.98,,5.29,2.4,,Yes,Yes,No,Yes,Yes,Yes,No,Yes,,12,120,,,,,,,,Product Link,$119.99,Yes,4.1,82,https://www.roomietec.com/products/roomie-ricky-cordless-stick-vacuum-cleaner,$129.99
Roomie TEC,DYLON,https://www.amazon.com/dp/B07ZSX51KB?tag=rsvacuum-20,Stick,,-,120,Yes,Bagless,1,25,,Cordless,-,,75,,10.24,10.63,44.09,26.01,27,111.99,,4.96,2.25,,Yes,Yes,No,Yes,Yes,Yes,No,Yes,,2.5,120,,,,,,,,Product Link,$86.99,Yes,4.1,"2,306",https://www.roomietec.com/products/roomie-tec-dylon-cordless-stick-vacuum-cleaner,$76.99
Roomie TEC,ELITE,https://www.amazon.com/dp/B0BVQTPNLG?tag=rsvacuum-20,Stick,,9,110,Yes,Bagless,1,35,,Cordless,-,,80,,9.45,10.63,49.21,24,27,124.99,,5.18,2.35,,Yes,Yes,No,Yes,Yes,Yes,No,Yes,,-,120,,,,,,,,Product Link,$69.99,Yes,3.7,129,-,-
Roomie TEC,VINCENT  (Amazon's Choice),https://www.amazon.com/dp/B074M3B8Q4?tag=rsvacuum-20,Upright,,23,250,No,Bagless,1.5,23,,Cordless,-,,70,,3.57,4.73,17.51,9.07,12.01,44.48,,5.5,2.49,,Yes,No,No,No,Yes,Yes,No,Yes,,-,120,,,,,,,,Product Link,$109.99,Yes,4.1,"10,644",https://www.roomietec.com/products/roomie-tec-vincent-2-in-1-cordless-slimvac-upright-vacuum-cleaner,$99.99
Roomie TEC,ALPHA,https://www.amazon.com/dp/B09PDKL4MP?tag=rsvacuum-20,Upright,,22,300,Yes,Bagless,1,40,,Cordless,-,,68,,10.47,11.89,43.94,30.2,30.2,111.61,,6.5,2.95,,Yes,Yes,Yes,No,Yes,Yes,No,Yes,,2.5,120,,,,,,,,Product Link,$160.54,Yes,3.7,172,https://www.roomietec.com/products/roomie-alpha-professional-cordless-upright-vacuum-cleaner,$149.99
Roomie TEC,ROBIN (Amazon's Choice),https://www.amazon.com/dp/B0D25RN9QL?tag=rsvacuum-20,Stick,,18,450,Yes,Bagless,1.2,-,,Corded,20,,75,,9.06,10.08,44.09,23.01,25.6,111.99,,5,2.27,,Yes,Yes,No,Yes,Yes,Yes,No,No,,2.5,120,,,,,,,,Product Link,$49.99,Yes,4.2,308,https://www.roomietec.com/products/roomie-robin-stick-corded-vacuum-cleaners,$49.99
Roomie TEC,L80,https://www.amazon.com/dp/B0DT6YMFLF?tag=rsvacuum-20,Stick,,-,110,Yes,Bagless,1,35,,Cordless,-,,70,,8.27,9.65,41.73,21.01,24.51,105.99,,4.7,2.13,,Yes,No,No,No,Yes,Yes,No,Yes,,-,-,,,,,,,,Product Link,$119.99,Yes,-,-,-,-
RYOBI,,,,,,,,,,,,,,,,,,,,,,,,,,,,,,,,,,,,,,,,,,,,,,,,,,,
Ryobi,RSV18-0 (Amazon's Choice),https://www.amazon.com/dp/B0BHL4HP4Y?tag=rsvacuum-20,Stick,,7,30,Yes,Bagless,0.6,60,,Cordless,-,,70,,20,30,90,50.8,76.2,228.6,,5.07,2.3,,Yes,Yes,No,Yes,No,Yes,No,Yes,,-,18,,,,,,,,Product Link,$181.99,Yes,4.2,188,https://www.ryobitools.com/products/33287206537,$199.00
Ryobi,RHV18-0,https://www.amazon.com/dp/B0B9XQ82WT?tag=rsvacuum-20,Handheld,,6.5,34,Yes,Bagless,0.6,34,,Cordless,-,,80,,4.7,17.3,5.9,11.94,43.94,14.99,,2.1,0.95,,Yes,No,No,No,No,Yes,No,No,,-,18,,,,,,,,Product Link,$46.06,Yes,4.4,527,https://uk.ryobitools.eu/cleaning-tools/cordless-vacuums/cordless-handheld-vacuums/rhv18/rhv18-0/,$73.12
Ryobi,#PBLSV717B,https://www.amazon.com/dp/B0CN3GPHX7?tag=rsvacuum-20,Stick,,-,18,No,Bagless,0.3,60,,Cordless,-,,73,,8,10.9,23.1,20.32,27.69,58.67,,5.5,2.49,,Yes,Yes,Yes,Yes,Yes,Yes,No,No,,-,18,,,,,,,,Product Link,$226.89,Yes,3.8,24,https://ryobitools.ca/products/details/18v-one-hp-brushless-cordless-pet-stick-vacuum-with-dual-roller-bar-tool-only/,-
Ryobi,PCL700B,https://www.amazon.com/dp/B0CK9DVRY3?tag=rsvacuum-20,Handheld,,-,18,Yes,Bagless,0.65,40,,Cordless,-,,74,,18.7,4.6,7.3,47.5,11.68,18.54,,2.6,1.18,,Yes,Yes,Yes,Yes,No,Yes,No,No,,-,-,,,,,,,,Product Link,$99.43,Yes,4.4,45,https://www.ryobitools.com/products/33287201884,$79.00
Ryobi,P718K,https://www.amazon.com/dp/B07BDQKGVR?tag=rsvacuum-20,Stick,,-,40,Yes,Bagless,0.5,45,,Cordless,-,,72,,10.67,10.17,47.25,27.1,25.83,120.02,,7.2,3.27,,Yes,Yes,Yes,Yes,Yes,Yes,No,Yes,,-,18,,,,,,,,Product Link,$329.99,Yes,3.8,346,https://www.ryobitools.com/products/33287182022,-
Ryobi,RHV18F-0,https://www.amazon.com/dp/B0B9XQMDXB?tag=rsvacuum-20,Stick,,4.2,200,Yes,Bagless,0.6,31,,Cordless,-,,80,,7.1,6.3,23.2,18.03,16,58.93,,2.1,0.95,,Yes,No,No,Yes,No,Yes,No,No,,-,-,,,,,,,,Product Link,$156.25,Yes,4.2,113,-,-
Ryobi,PCL756K,https://www.amazon.com/dp/B0CS3X33J6?tag=rsvacuum-20,Handheld,,-,-,No,Bagless,0.24,75,,Cordless,-,,69,,5.5,4.18,8.25,13.97,10.62,20.96,,2.6,1.18,,Yes,Yes,Yes,Yes,No,No,No,No,,-,18,,,,,,,,Product Link,$117.97,Yes,2.9,4,https://www.ryobitools.com/products/33287201273,$139.00
SAMSUNG,,,,,,,,,,,,,,,,,,,,,,,,,,,,,,,,,,,,,,,,,,,,,,,,,,,
SAMSUNG,VS15A6032R7,https://www.amazon.com/dp/B091SWB72X?tag=rsvacuum-20,Stick,,150,-,Yes,Bagless,0.8,40,,Cordless,-,,86,,9.88,8,44.25,25.08,20.32,112.4,,5.7,2.59,,Yes,Yes,Yes,No,Yes,Yes,No,Yes,,-,25,,,,,,,,Product Link,$259.73,Yes,4.2,148,https://www.samsung.com/us/home-appliances/vacuums/jet-stick/samsung-jet--60-pet-cordless-stick-vacuum-vs15a6032r7-aa/,$259.99
SAMSUNG,VS20T7536P5,https://www.amazon.com/dp/B091T5DZFT?tag=rsvacuum-20,Stick,,26.8,75,Yes,Bagless,0.8,60,,Cordless,-,,78,,9.8,8.5,44.7,24.89,21.59,113.54,,12.1,5.49,,Yes,Yes,Yes,Yes,Yes,Yes,No,Yes,,-,240,,,,,,,,Product Link,$568.13,Yes,4.3,"2,733",-,-
SAMSUNG,VS15A6031R7,https://www.amazon.com/dp/B09GRJJD1K?tag=rsvacuum-20,Stick,,23.6,40,Yes,Bagless,0.8,40,,Cordless,-,,86,,9.8,8,44.1,24.89,20.32,112.01,,5.7,2.59,,Yes,Yes,No,Yes,Yes,Yes,No,Yes,,3.6,25,,,,,,,,Product Link,-,Yes,4.2,"2,034",-,-
SAMSUNG,VS20T7512N7/AA,https://www.amazon.com/dp/B09P4DJCFT?tag=rsvacuum-20,Stick,,200,550,Yes,Bagless,0.8,60,,Cordless,-,,86,,9.8,8.5,44.5,24.89,21.59,113.03,,6.2,2.81,,Yes,Yes,No,Yes,Yes,Yes,No,Yes,,-,22,,,,,,,,Product Link,$379.85,Yes,4.3,"2,729",https://www.samsung.com/us/home-appliances/vacuums/jet-stick/samsung-jet-75-pet-lightweight-cordless-stick-vacuum-in-teal-silver-vs20b75agr5-aa/,$329.99
SAMSUNG,VS20T7536T5/AA,https://www.amazon.com/dp/B087V67QC8?tag=rsvacuum-20,Stick,,26.8,122,Yes,Bagless,0.8,60,,Cordless,-,,86,,9.8,8.5,44.5,24.89,21.59,113.03,,6.2,2.81,,Yes,Yes,Yes,Yes,Yes,Yes,No,Yes,,,22,,,,,,,,Product Link,$572.01,Yes,4.3,"2,733",https://www.samsung.com/us/home-appliances/vacuums/jet-stick/jet-75-cordless-stick-vacuum-with-turbo-action-brush-in-titan-chrometal-vs20t7536t5-aa/b2bapp/,$224.55
SAMSUNG,VS20T7551P5/AA,https://www.amazon.com/dp/B09P4D2XS9?tag=rsvacuum-20,Stick,,200,550,Yes,Bagless,0.8,120,,Cordless,-,,86,,9.8,8.5,44.5,24.89,21.59,113.03,,31.3,14.2,,Yes,Yes,Yes,No,Yes,Yes,No,Yes,,-,120,,,,,,,,Product Link,$399.00,Yes,4.2,335,-,-
SAMSUNG BESPOKE,VS20A9580VB/AA,https://www.amazon.com/dp/B0BXFW66MT?tag=rsvacuum-20,Stick,,210,-,Yes,Bagless,0.5,120,,Cordless,-,,86,,9.8,8.3,39.4,24.89,21.08,100.08,,5.7,2.59,,Yes,Yes,No,No,Yes,Yes,No,Yes,,-,22,,,,,,,,Product Link,$499.99,Yes,4.2,184,https://www.samsung.com/us/home-appliances/vacuums/jet-stick/bespoke-jet-cordless-stick-vacuum-with-all-in-one-clean-station-in-midnight-blue-vs20a9580vb-aa/,$499.99
SAMSUNG BESPOKE,VS20A9580VW/AA,https://www.amazon.com/dp/B0CZ4BNLQ3?tag=rsvacuum-20,Stick,,24.5,210,Yes,Bagless,0.8,60,,Cordless,-,,86,,8.3,9.8,39.4,21.08,24.89,100.08,,6,2.72,,Yes,Yes,Yes,Yes,Yes,Yes,No,Yes,,-,22,,,,,,,,Product Link,$512.53,Yes,4.2,184,https://www.samsung.com/us/home-appliances/vacuums/jet-stick/bespoke-jet-cordless-stick-vacuum-with-all-in-one-clean-station-in-misty-white-vs20a9580vw-aa/b2bapp/,$549.99
SAMSUNG BESPOKE,VS28C9760UG,https://www.amazon.com/dp/B0CCJZDR9M?tag=rsvacuum-20,Stick,,-,332,Yes,Bagless,0.5,100,,Cordless,-,,86,,8.9,9.8,45.9,22.61,24.89,116.59,,6.3,2.86,,Yes,Yes,Yes,Yes,Yes,Yes,No,Yes,,2.3,120,,,,,,,,Product Link,-,No,4.3,157,-,-
SAMSUNG BESPOKE,VS20A95923B/AA,https://www.amazon.com/dp/B0B59Y7H22?tag=rsvacuum-20,Stick,,210,-,Yes,Bagless,0.5,120,,Cordless,-,,86,,9.8,8.3,39.4,24.89,21.08,100.08,,41.6,18.87,,Yes,Yes,Yes,Yes,Yes,Yes,No,Yes,,-,120,,,,,,,,Product Link,$871.00,Yes,4.3,157,-,-
SAMSUNG,VR50T95735W,https://www.amazon.com/dp/B0912TLG7T?tag=rsvacuum-20,Robot,,-,200,Yes,Bagless,0.2,90,,Cordless,-,,74,,13.8,13.8,3.9,35.05,35.05,9.91,,9.6,4.35,,No,No,No,No,No,Yes,No,Yes,,,110,,0.3,Yes,Yes,Yes,No,Yes,Product Link,$998.00,Yes,3.2,202,-,-
SAMSUNG,VS20A9500AW/AA,https://www.amazon.com/dp/B0BXFW4S3X?tag=rsvacuum-20,Stick,,210,-,Yes,Bagless,0.5,60,,Cordless,-,,79,,9.8,8.3,39.4,24.89,21.08,100.08,,27.5,12.47,,Yes,Yes,Yes,Yes,Yes,Yes,No,Yes,,-,22,,,,,,,,Product Link,$459.21,Yes,4,138,-,-
SAMSUNG,VS20A9500AN/AA,https://www.amazon.com/dp/B0C9M4L4FB?tag=rsvacuum-20,Stick,,-,210,Yes,Bagless,0.5,60,,Cordless,-,,86,,8.3,9.8,39.4,21.08,24.89,100.08,,6,2.72,,Yes,Yes,Yes,Yes,Yes,Yes,No,Yes,,-,22,,,,,,,,Product Link,-,No,4,138,-,-
SAMSUNG,VR30T80313W/AA,https://www.amazon.com/dp/B0911Z9Z4N?tag=rsvacuum-20,Robot,,-,-,No,Bagless,0.4,90,,Cordless,-,,72,,13.81,13.81,4.18,35.08,35.08,10.62,,8.49,3.85,,No,No,No,No,No,Yes,No,Yes,,-,22,,-,Yes,No,Yes,No,Yes,Product Link,$360.00,Yes,3.9,"1,024",-,-
SAMSUNG,VR30T85513W/AA,https://www.amazon.com/dp/B0912V3VTZ?tag=rsvacuum-20,Robot,,-,-,Yes,Bagless,0.3,60,,Cordless,-,,72,,13.8,15.8,20.7,35.05,40.13,52.58,,17.9,8.12,,No,No,No,No,No,Yes,No,Yes,,-,240,,2.5,Yes,Yes,Yes,No,Yes,Product Link,$497.00,Yes,3.9,"1,024",-,-
SAMSUNG,VS20C8522TW,https://www.amazon.com/dp/B0DB6PWYF1?tag=rsvacuum-20,Stick,,210,580,Yes,Bagless,0.8,60,,Cordless,-,,86,,9.8,8,36.6,24.89,20.32,92.96,,5.7,2.59,,Yes,Yes,Yes,Yes,Yes,Yes,No,Yes,,-,22,,,,,,,,Product Link,$399.99,Yes,4.3,35,https://www.samsung.com/us/home-appliances/vacuums/jet-stick/samsung-jet-85-lightweight-cordless-stick-vacuum-in-misty-white-vs20c8522tw-aa/,$399.99
SAMSUNG,VS20R9046T3/AA,https://www.amazon.com/dp/B087V5LZMH?tag=rsvacuum-20,Stick,,200,550,Yes,Bagless,0.8,60,,Cordless,-,,86,,9.8,8.5,44.7,24.89,21.59,113.54,,6.2,2.81,,Yes,Yes,Yes,Yes,Yes,Yes,No,Yes,,9.2,22,,,,,,,,Product Link,$581.02,Yes,4.4,689,-,-
SAMSUNG BESPOKE,VS28C9762UK,https://www.amazon.com/dp/B0CKJCJCDM?tag=rsvacuum-20,Stick,,280,730,Yes,Bagless,0.5,100,,Cordless,-,,86,,9.8,8.3,44.9,24.89,21.08,114.05,,6.3,2.86,,Yes,Yes,Yes,Yes,Yes,Yes,No,Yes,,-,25,,,,,,,,Product Link,$840.05,Yes,4.1,36,-,-
SAMSUNG,VS20B75AGR5/AA,https://www.amazon.com/dp/B0DB6Q45MP?tag=rsvacuum-20,Stick,,200,550,Yes,Bagless,0.8,60,,Cordless,-,,86,,9.8,8.5,44.5,24.89,21.59,113.03,,5.7,2.59,,Yes,Yes,Yes,No,Yes,Yes,No,Yes,,-,22,,,,,,,,Product Link,$329.00,Yes,4.4,45,https://www.samsung.com/us/home-appliances/vacuums/jet-stick/samsung-jet-75-pet-lightweight-cordless-stick-vacuum-in-teal-silver-vs20b75agr5-aa/,$329.99
SAMSUNG,VS15T7032P4,https://www.amazon.com/dp/B091T5DZFS?tag=rsvacuum-20,Stick,,150,-,Yes,Bagless,0.8,40,,Cordless,-,,86,,9.88,8.5,44.25,25.08,21.59,112.4,,31.4,14.24,,Yes,Yes,Yes,No,Yes,Yes,No,Yes,,-,-,,,,,,,,Product Link,$379.44,Yes,3.8,72,-,-
Sanitaire,,,,,,,,,,,,,,,,,,,,,,,,,,,,,,,,,,,,,,,,,,,,,,,,,,,
Sanitaire,SL3681A,https://www.amazon.com/dp/B08454R6JF?tag=rsvacuum-20,Canister,,-,1200,No,Bagged,2.5,-,,Corded,20,,71,,17.75,11.37,19.21,45.09,28.88,48.79,,10,4.54,,Yes,Yes,No,Yes,No,No,No,No,,10,120,,,,,,,,Product Link,$139.99,Yes,4.4,"1,938",https://www.sanitairecommercial.com/products/professional-compact-canister-sl3681a,$139.99
Sanitaire,SC580A,https://www.amazon.com/dp/B0CCPL67MW?tag=rsvacuum-20,Backpack,,-,400,Yes,Bagged,3.78,70,,Cordless,-,,64,,11,8,20.25,27.94,20.32,51.44,,14.6,6.62,,Yes,Yes,No,Yes,No,Yes,No,Yes,,-,24,,,,,,,,Product Link,$799.99,Yes,3.7,49,https://www.sanitairecommercial.com/products/transport-cordless-backpack-vaccuum-sc580a,$799.99
Sanitaire,SC899H (Amazon's Choice),https://www.amazon.com/dp/B086T791ZY?tag=rsvacuum-20,Upright,,-,840,No,Bagged,17,-,,Corded,50,,79,,16,16.5,44,40.64,41.91,111.76,,17,7.71,,No,No,No,No,No,No,No,No,,7,120,,,,,,,,Product Link,$265.99,Yes,4.1,286,https://www.sanitairecommercial.com/products/tradition%E2%84%A2-wide-track%C2%AE-upright-vacuum-sc899h,$374.99
Sanitaire,SC886G (Amazon's Choice),https://www.amazon.com/dp/B086P9JXPY?tag=rsvacuum-20,Upright,,-,840,No,Bagged,17.06,-,,Corded,50,,79,,17.3,8.5,21.3,43.94,21.59,54.1,,15.8,7.17,,No,No,No,No,No,No,No,No,,7,120,,,,,,,,Product Link,$261.77,Yes,4.3,619,https://www.sanitairecommercial.com/products/tradition%E2%84%A2-upright-vacuum-sc886g,$279.99
Sanitaire,SC5845D (Amazon's Choice),https://www.amazon.com/dp/B08C7XNHKG?tag=rsvacuum-20,Upright,,-,1200,Yes,Bagless,3.3,-,,Corded,40,,70.6,,15.25,10.5,23,38.74,26.67,58.42,,17,7.71,,Yes,Yes,No,Yes,No,Yes,No,No,,10,120,,,,,,,,Product Link,$316.99,Yes,4,303,https://www.sanitairecommercial.com/products/force%C2%AE-quietclean%C2%AE-upright-vacuum-sc5845d,$334.99
Sanitaire,SL4110A (Amazon's Choice),https://www.amazon.com/dp/B0844XKVR9?tag=rsvacuum-20,Upright,,-,1200,No,Bagged,2.84,-,,Corded,30,,77,,13,12,41.25,33.02,30.48,104.78,,13.8,6.26,,Yes,Yes,No,Yes,No,No,No,No,,10,120,,,,,,,,Product Link,$149.99,Yes,4,484,https://www.sanitairecommercial.com/products/professional-upright-with-tools-sl4110a,$155.99
Sanitaire,SL4410A (Amazon's Choice),https://www.amazon.com/dp/B0844LMSFW?tag=rsvacuum-20,Upright,,0.5,840,No,Bagless,0.95,-,,Corded,30,,80,,13,12,45.2,33.02,30.48,114.81,,13.8,6.26,,Yes,Yes,No,Yes,No,No,No,No,,7,120,,,,,,,,Product Link,$169.99,Yes,4.1,303,https://www.sanitairecommercial.com/products/professional-upright-with-tools-sl4410a,$175.99
Sanitaire,SC7100A,https://www.amazon.com/dp/B0844R3VFW?tag=rsvacuum-20,Upright,,21.2,960,No,Bagless,0.6,40,,Cordless,-,,75,,9.9,11.75,44,25.15,29.85,111.76,,7.75,3.52,,No,No,No,No,No,Yes,No,No,,8,22,,,,,,,,Product Link,$299.99,Yes,3.8,152,https://www.sanitairecommercial.com/products/light-cordless-vacuum-sc7100a,$314.99
Sanitaire,SC679K (Amazon's Choice),https://www.amazon.com/dp/B084T6M9DX?tag=rsvacuum-20,Upright,,-,600,No,Bagged,17.03,-,,Corded,30,,78,,12,8,44,30.48,20.32,111.76,,12.2,5.53,,No,No,No,No,No,No,No,No,,5,120,,,,,,,,Product Link,$149.99,Yes,4.4,"2,344",https://www.sanitairecommercial.com/products/tradition%E2%84%A2-upright-vacuum-sc679k,$149.99
Sanitaire,EURSC412B,https://www.amazon.com/dp/B001E6A8LA?tag=rsvacuum-20,Backpack,,-,1020,Yes,Bagged,5.7,-,,Corded,50,,69,,10.5,10.5,21,26.67,26.67,53.34,,11.5,5.22,,Yes,Yes,No,Yes,No,Yes,No,No,,8.5,120,,,,,,,,Product Link,$397.99,Yes,4.2,127,-,-
Sanitaire,SC684G (Amazon's Choice),https://www.amazon.com/dp/B086T5RM12?tag=rsvacuum-20,Upright,,-,840,No,Bagged,17.03,-,,Corded,50,,79,,13.75,12.5,45,34.93,31.75,114.3,,15.4,6.99,,No,No,No,No,No,No,No,No,,7,120,,,,,,,,Product Link,$188.99,Yes,4.2,200,https://www.sanitairecommercial.com/products/tradition%E2%84%A2-upright-vacuum-sc684g,$219.99
Sanitaire,SC684F,https://www.amazon.com/dp/B0013CDG3M?tag=rsvacuum-20,Upright,,-,840,No,Bagged,17.03,-,,Corded,50,,79,,13.75,12.5,45,34.93,31.75,114.3,,18,8.16,,No,No,No,No,No,No,No,No,,7,120,,,,,,,,Product Link,$235.99,Yes,4.3,50,https://www.buysanitaire.com/Sanitaire/SC684F-Sanitaire-Upright-Vacuum__SC684F.aspx,$219.99
Sanitaire,SC689B (Amazon's Choice),https://www.amazon.com/dp/B088NDGX9R?tag=rsvacuum-20,Upright,,-,600,No,Bagless,1.8,-,,Corded,30,,79,,13.75,12.5,45,34.93,31.75,114.3,,14,6.35,,No,No,No,No,No,No,No,No,,5,120,,,,,,,,Product Link,$186.85,Yes,4.4,76,https://www.sanitairecommercial.com/products/tradition%E2%84%A2-upright-vacuum-sc689b,$189.99
Sanitaire,SC886F,https://www.amazon.com/dp/B00J9SLRRY?tag=rsvacuum-20,Upright,,-,840,No,Bagged,17.03,-,,Corded,50,,79,,13.75,12.5,45,34.93,31.75,114.3,,20,9.07,,No,No,No,No,No,No,No,No,,7,120,,,,,,,,Product Link,$264.38,Yes,4.3,190,https://www.buysanitaire.com/Sanitaire/SC886F-Upright-Sanitaire-Vacuum__SC886F.aspx,$279.99
Sanitaire,SC887E (Amazon's Choice),https://www.amazon.com/dp/B084T81C5Z?tag=rsvacuum-20,Upright,,-,840,No,Bagless,1.8,-,,Corded,50,,79,,12,14.5,26.5,30.48,36.83,67.31,,18.4,8.35,,No,No,No,No,No,No,No,No,,7,120,,,,,,,,Product Link,$291.99,Yes,4.2,124,https://www.sanitairecommercial.com/products/tradition%E2%84%A2-upright-vacuum-sc887e,$291.99
Sanitaire,SC688B (Amazon's Choice),https://www.amazon.com/dp/B084T75KG3?tag=rsvacuum-20,Upright,,-,840,No,Bagged,5.77,-,,Corded,50,,79,,12,17.25,8.5,30.48,43.82,21.59,,17,7.71,,No,No,No,No,No,No,No,No,,7,120,,,,,,,,Product Link,$224.99,Yes,4,239,https://www.sanitairecommercial.com/products/tradition%E2%84%A2-upright-vacuum-sc688b,$224.99
Sanitaire,SC888N,https://www.amazon.com/dp/B084T7XRT4?tag=rsvacuum-20,Upright,,-,840,No,Bagged,5.8,-,,Corded,50,,79,,13,12.5,44,33.02,31.75,111.76,,16.2,7.35,,No,No,No,No,No,No,No,No,,7,120,,,,,,,,Product Link,$273.99,Yes,4.2,103,https://www.sanitairecommercial.com/products/tradition%E2%84%A2-upright-vacuum-sc888n,$291.99
Sanitaire,SC889B,https://www.amazon.com/dp/B084T86CNS?tag=rsvacuum-20,Upright,,-,840,No,Bagged,5.8,-,,Corded,50,,69,,13.75,12.5,45,34.93,34.93,114.3,,16.2,7.35,,No,No,No,No,No,No,No,No,,6.5,120,,,,,,,,Product Link,$324.99,Yes,4.2,53,https://www.buysanitaire.com/Sanitaire/SC889B-Sanitaire-Upright-Vacuum__SC889B.aspx,$389.99
Sanitaire,SC5500B,https://www.amazon.com/dp/B09SM8R568?tag=rsvacuum-20,Upright,,-,1200,Yes,Bagged,3.88,-,,Corded,40,,68,,11.5,15,30,29.21,38.1,76.2,,17,7.71,,Yes,Yes,No,Yes,No,Yes,No,No,,10,120,,,,,,,,Product Link,$430.00,Yes,3.8,30,https://www.sanitairecommercial.com/products/eon%C2%AE-quietclean%C2%AE-commercial-upright-vacuum-sc5500b,$449.99
Sanitaire,SC3683D (Amazon's Choice),https://www.amazon.com/dp/B08C816VD9?tag=rsvacuum-20,Canister,,-,1200,No,Bagged,2.5,-,,Corded,20,,71,,19.2,17.75,11.3,48.77,45.09,28.7,,10,4.54,,Yes,Yes,No,Yes,No,No,No,No,,10,120,,,,,,,,Product Link,$143.55,Yes,4.3,659,https://www.sanitairecommercial.com/products/extend-canister-vacuum-sc3683d,$147.99
Sanitaire,SC9180B,https://www.amazon.com/dp/B0013POUOI?tag=rsvacuum-20,Commercial,,-,1380,Yes,Bagged,3.78,-,,Corded,50,,67,,14,20,8,35.56,50.8,20.32,,20,9.07,,No,No,No,Yes,No,Yes,No,No,,11.5,120,,,,,,,,Product Link,-,No,4,89,https://www.buysanitaire.com/Sanitaire/SC9180B-Sanitaire-Dual-Motor-Vacuum__SC9180B.aspx,$449.49
Sanitaire,SC5900A,https://www.amazon.com/dp/B0DB661FV4?tag=rsvacuum-20,Upright,,-,840,No,Bagless,0.75,-,,Corded,30,,79,,14.5,12.5,44.4,36.83,31.75,112.78,,14,6.35,,Yes,Yes,No,Yes,No,No,No,Yes,,7,120,,,,,,,,Product Link,$299.99,Yes,4.2,56,https://www.sanitairecommercial.com/products/response-multi-surface-corded-upright-vacuum,$299.99
Sanitaire,SC9180D,https://www.amazon.com/dp/B08C7YN262?tag=rsvacuum-20,Upright,,-,1356,Yes,Bagged,3.78,-,,Corded,50,,68,,13,12,45.5,33.02,30.48,115.57,,20,9.07,,No,Yes,No,Yes,No,Yes,No,No,,11.3,120,,,,,,,,Product Link,$449.49,Yes,3.8,17,https://www.sanitairecommercial.com/products/multi-surface-quietclean%C2%AE-upright-vacuum-sc9180d,$449.49
Sanitaire,SL635B (Amazon's Choice),https://www.amazon.com/dp/B0BFJLMRD2?tag=rsvacuum-20,Upright,,0.5,600,No,Bagged,10.4,-,,Corded,30,,79,,13.75,12.5,45,34.93,31.75,114.3,,15.4,6.99,,No,No,No,No,No,No,No,No,,5,120,,,,,,,,Product Link,$159.99,Yes,4.4,54,https://www.sanitairecommercial.com/products/professional-tradition%C2%AE-upright-sl635b,$159.99
Sanitaire,SC5713D,https://www.amazon.com/dp/B08C4VS3HG?tag=rsvacuum-20,Upright,,-,1200,Yes,Bagged,4.26,-,,Corded,40,,69,,13,12.5,44,33.02,31.75,111.76,,17,7.71,,Yes,Yes,No,Yes,No,Yes,No,No,,10,120,,,,,,,,Product Link,$232.63,Yes,3.1,69,https://www.sanitairecommercial.com/products/force%C2%AE-quietclean%C2%AE-upright-vacuum-sc5713d,$296.99
Sanitaire,SC5745D,https://www.amazon.com/dp/B08C54F7KB?tag=rsvacuum-20,Upright,,-,1200,Yes,Bagless,3.3,-,,Corded,40,,70.6,,13,12.5,44,33.02,31.75,111.76,,17,7.71,,Yes,Yes,No,Yes,No,Yes,No,No,,10,120,,,,,,,,Product Link,$319.99,Yes,3.8,65,https://www.sanitairecommercial.com/products/force%C2%AE-upright-vacuum-sc5745d,$319.99
Sanitaire,SC3700A (Amazon's Choice),https://www.amazon.com/dp/B00DIBYAP4?tag=rsvacuum-20,Canister,,-,1000,No,Bagged,3.67,-,,Corded,32,,68,,16,19.75,15.5,40.64,#REF!,39.37,,14.4,6.53,,Yes,Yes,No,Yes,No,No,No,No,,9,120,,,,,,,,Product Link,$209.99,Yes,4.2,144,https://www.sanitairecommercial.com/products/extend-canister-vacuum-sc3700a,$209.99
Sanitaire,SC889D,https://www.amazon.com/dp/B0CCFY3275?tag=rsvacuum-20,Upright,,-,840,No,Bagged,5.8,-,,Corded,50,,69,,13.75,12.5,15.5,34.93,31.75,39.37,,16.2,7.35,,No,No,No,No,No,No,No,No,,6.5,120,,,,,,,,Product Link,$324.99,Yes,4.2,7,https://www.sanitairecommercial.com/products/tradition%C2%AE-quietclean%C2%AE-upright-vacuum-sc889d,$324.99
Sanitaire,SC5505A,https://www.amazon.com/dp/B07T5Q978S?tag=rsvacuum-20,Upright,,-,840,Yes,Bagged,3.88,-,,Corded,40,,68,,12,12,46,30.48,30.48,116.84,,17,7.71,,Yes,Yes,No,Yes,No,Yes,No,No,,10,120,,,,,,,,Product Link,$430.00,Yes,4.1,60,-,-
Sanitaire,SC5713B (Amazon's Choice),https://www.amazon.com/dp/B0013CDG1E?tag=rsvacuum-20,Upright,,-,1200,Yes,Bagged,4.26,-,,Corded,40,,69,,13.75,12.5,45,34.93,31.75,114.3,,17,7.71,,Yes,Yes,No,Yes,No,Yes,No,No,,10,120,,,,,,,,Product Link,$259.99,Yes,3.8,77,https://www.buysanitaire.com/Sanitaire/SC5713B-Sanitaire-Vacuum__SC5713B.aspx,$296.99
Sanitaire,SC5745A,https://www.amazon.com/dp/B0084XBZ90?tag=rsvacuum-20,Upright,,-,1200,Yes,Bagless,3.3,-,,Corded,40,,70.6,,13.2,13.5,33,33.53,34.29,83.82,,17,7.71,,Yes,Yes,No,Yes,No,Yes,No,No,,10,120,,,,,,,,Product Link,$329.00,Yes,3.8,112,https://www.buysanitaire.com/Sanitaire/SC5745A-Bagless-Commercial-Vacuum__SC5745A.aspx,$300.14
Sebo,,,,,,,,,,,,,,,,,,,,,,,,,,,,,,,,,,,,,,,,,,,,,,,,,,,
Sebo,9855AM,https://www.amazon.com/dp/B0893NBGBB?tag=rsvacuum-20,Upright,,-,1000,No,Bagged,3.5,-,,Corded,31,,68,,12,9,47,30.48,22.86,119.38,,20.9,9.48,,Yes,Yes,No,No,Yes,No,No,No,,10.8,120,,,,,,,,Product Link,$549.00,Yes,4.4,20,https://www.sebo.us/product/dart,$599.00
Sebo,Automatic X4 (Amazon's Choice),https://www.amazon.com/dp/B000JLCVAM?tag=rsvacuum-20,Upright,,-,1300,Yes,Bagged,5.3,-,,Corded,40,,69,,13.4,17.2,43.3,34.04,43.69,109.98,,16.7,7.57,,Yes,Yes,No,Yes,No,No,No,No,,10.9,120,,,,,,,,Product Link,$849.00,Yes,4.5,104,https://www.sebo.us/product/automatic-x4-and-x4-boost,$899.00
Sebo,ALL-SE VA DART,https://www.amazon.com/dp/B07H355KPS?tag=rsvacuum-20,Upright,,-,1000,No,Bagged,3.5,-,,Corded,31,,68,,12,9,41,30.48,22.86,104.14,,18,8.16,,Yes,Yes,No,No,No,No,No,No,,10.8,120,,,,,,,,Product Link,$549.00,Yes,4.4,59,-,-
Sebo,9687AM AIRBELT K3 (Amazon's Choice),https://www.amazon.com/dp/B003X5UFU4?tag=rsvacuum-20,Canister,,-,1250,No,Bagged,3.03,-,,Corded,25,,53,,17,24,16,43.18,60.96,40.64,,12,5.44,,Yes,Yes,Yes,Yes,Yes,No,Yes,Yes,,10.6,120,,,,,,,,Product Link,$849.00,Yes,4.5,130,https://www.sebo.us/product/airbelt-k,$899.00
Sebo,Essential G4 (Amazon's Choice),https://www.amazon.com/dp/B084HNGGT7?tag=rsvacuum-20,Upright,,-,1300,No,Bagged,5.3,-,,Corded,40,,69,,9.2,13.75,28.25,23.37,34.93,71.76,,20.8,9.43,,Yes,Yes,No,Yes,No,No,No,No,,10.8,120,,,,,,,,Product Link,$749.00,Yes,4.5,13,https://www.sebo.us/product/essential-g,$799.00
Sebo,9570AM Automatic X4 (Amazon's Choice),https://www.amazon.com/dp/B00081NG0C?tag=rsvacuum-20,Upright,,-,1300,No,Bagged,5.3,-,,Corded,40,,69,,10,14,31,25.4,25.4,78.74,,16.7,7.57,,Yes,Yes,No,Yes,No,No,No,No,,10.9,120,,,,,,,,Product Link,$849.00,Yes,4.2,59,-,-
Sebo,Essential G5 90407AM,https://www.amazon.com/dp/B0881FBQ5N?tag=rsvacuum-20,Upright,,-,1300,No,Bagged,5.3,-,,Corded,40,,66,,9.2,15.6,30.5,23.37,39.62,77.47,,23,10.43,,Yes,Yes,No,Yes,No,No,No,No,,10.8,120,,,,,,,,Product Link,$849.00,Yes,4.3,11,-,-
Sebo,350 Mechanical,https://www.amazon.com/dp/B0D5BYTPCF?tag=rsvacuum-20,Upright,,-,1000,No,Bagged,5.3,-,,Corded,39,,76,,13.5,10,45,34.29,25.4,114.3,,26.3,11.93,,Yes,Yes,No,Yes,No,No,No,No,,-,120,,,,,,,,Product Link,$699.00,Yes,-,-,https://www.sebo.us/product/300-350-mechanical,$749.00
Sebo,AIRBELT E1 Pet +Boost,https://www.amazon.com/dp/B07BYJ281C?tag=rsvacuum-20,Canister,,-,890,No,Bagged,3.5,-,,Corded,32.8,,72,,9.06,16.93,12.6,23.01,43,32,,11.68,5.3,,Yes,Yes,Yes,Yes,No,No,Yes,Yes,,-,240,,,,,,,,Product Link,$554.25,Yes,4.6,10,https://sebo.co.uk/sebo-airbelt-e1-pet.html,£439.90
Sebo,9679AM Airbelt K2 (Amazon's Choice),https://www.amazon.com/dp/B00A6HUKAM?tag=rsvacuum-20,Canister,,-,1250,Yes,Bagged,3,10,,Corded,25,,69,,12,23.25,12.25,30.48,59.06,31.12,,12,5.44,,Yes,Yes,No,Yes,Yes,No,Yes,Yes,,10.6,120,,,,,,,,Product Link,$399.00,Yes,4.2,91,https://www.sebo.us/product/airbelt-k,$449.00
SereneLife,,,,,,,,,,,,,,,,,,,,,,,,,,,,,,,,,,,,,,,,,,,,,,,,,,,
SereneLife,PUCRC26B,https://www.amazon.com/dp/B076X9SH6D?tag=rsvacuum-20,Robot,,12,-,Yes,Bagless,0.2,90,,Cordless,-,,65,,11,11,2.9,27.94,27.94,7.37,,3.53,1.6,,No,No,No,No,No,Yes,No,No,,-,120/240,,-,No,No,No,No,Yes,Product Link,$68.78,Yes,3.6,"1,624",https://pyleaudio.com/sku/PUCRC26B/Pure-Clean-Smart-Vacuum-Cleaner---Automatic-Robot-Cleaning-Vacuum,$119.99
SereneLife,PUCRC675,https://www.amazon.com/dp/B08WCRYH7G?tag=rsvacuum-20,Robot,,27,25,Yes,Bagless,0.6,90,,Cordless,-,,65,,11.81,11.81,2.91,30,30,7.39,,12.8,5.81,,No,No,No,No,No,Yes,No,Yes,,-,120/240,,-,Yes,No,Yes,Yes,Yes,Product Link,$226.06,Yes,3.9,263,https://www.pyleaudio.com/sku/PUCRC675/Pure-Clean-Smart-Vacuum-Cleaner,$333.99
SereneLife,PUCRC455.8,https://www.amazon.com/dp/B0CNQG7XWG?tag=rsvacuum-20,Robot,,18,-,Yes,Bagless,0.6,110,,Cordless,-,,<65,,12.9,12.9,2.9,32.77,32.77,7.37,,10.66,4.84,,No,No,No,No,No,Yes,No,No,,-,120/240,,-,Yes,No,Yes,No,Yes,Product Link,$121.05,Yes,-,-,https://pyleaudio.com/sku/PUCRC455.8/Smart-Robot-Vacuum---Digital-Robot-Cleaning-Vacuum-with-WiFi-App-and-Wireless-Remote-Control,$209.99
SereneLife,PUCRC95,https://www.amazon.com/dp/B01KIGH2GA?tag=rsvacuum-20,Robot,,12,24,Yes,Bagless,0.3,90,,Cordless,-,,65,,11.8,11.8,3.1,29.97,29.97,7.87,,9,4.08,,No,No,No,No,No,Yes,No,No,,-,120/240,,-,No,No,No,Yes,Yes,Product Link,$155.44,Yes,3.9,"1,130",https://pyleaudio.com/sku/PUCRC95/Smart-Robot-Vacuum---Automatic-Floor-Cleaner-with-Mop%2C-Sweep%2C-Dust-and-Vacuum-Ability,$212.99
SereneLife,PUCRCX70,https://www.amazon.com/dp/B08WZ23VTC?tag=rsvacuum-20,Robot,,10,12,Yes,Bagless,0.2,60–70,,Cordless,-,,<65,,11,11,2.9,27.94,27.94,7.37,,6.8,3.08,,No,No,No,No,No,Yes,No,No,,-,100–240,,-,No,No,No,Yes,Yes,Product Link,$77.97,Yes,3.3,475,https://www.pyleaudio.com/sku/PUCRCX70/Pure-Clean-Smart-Vacuum-Cleaner---Automatic-Robot-Cleaning-Vacuum,$177.99
SereneLife,PUCRC25,https://www.amazon.com/dp/B08WFS8H9T?tag=rsvacuum-20,Robot,,12,-,Yes,Bagless,0.2,90,,Cordless,-,,<65,,11,11,2.9,27.94,27.94,7.37,,4.7,2.13,,No,No,No,No,No,Yes,No,No,,-,120/240,,-,No,No,No,No,Yes,Product Link,$104.71,Yes,2.4,127,https://www.pyleaudio.com/sku/PUCRC25/Pure-Clean-Smart-Vacuum-Cleaner---Automatic-Robot-Cleaning-Vacuum,$142.99
Shark,,,,,,,,,,,,,,,,,,,,,,,,,,,,,,,,,,,,,,,,,,,,,,,,,,,
Shark,ZU561  (Amazon's Choice),https://www.amazon.com/dp/B07FX7Z3NL?tag=rsvacuum-20,Upright,,-,800,Yes,Bagless,0.85,-,,Corded,25,,80,,9.5,12,45.6,24.13,30.48,115.82,,13.42,6.09,,Yes,Yes,Yes,Yes,Yes,Yes,No,Yes,,6.7,120,,,,,,,,Product Link,$179.99,Yes,4.4,"19,257",-,-
Shark,NV352 (Amazon's Choice),https://www.amazon.com/dp/B004Q4DRJW?tag=rsvacuum-20,Upright,,-,1200,Yes,Bagless,1.32,-,,Corded,25,,80,,11.4,15,45.5,28.96,38.1,115.57,,12.5,5.67,,Yes,Yes,Yes,Yes,Yes,Yes,No,No,,10,120,,,,,,,,Product Link,$179.99,Yes,4.4,"132,061",-,-
Shark,ZU102  (Amazon's Choice),https://www.amazon.com/dp/B0BQX5BR7C?tag=rsvacuum-20,Upright,,-,1150,Yes,Bagless,2.9,-,,Corded,25.7,,80,,12.05,14.92,45.2,30.61,37.9,114.81,,15.18,6.89,,Yes,Yes,Yes,Yes,Yes,Yes,No,No,,9.5,120,,,,,,,,Product Link,$236.13,Yes,4.4,"17,685",https://www.sharkclean.com/products/shark-rotator-pet-upright-vacuum-with-powerfins-hairpro-and-odor-neutralizer-technology-zidZU102,$279.99
Shark,LA480WM,https://www.amazon.com/dp/B0F22QQPP1?tag=rsvacuum-20,Upright,,-,1200,Yes,Bagless,0.38,-,,Corded,25,,80,,10,12,46.5,25.4,30.48,118.11,,12.3,5.58,,Yes,Yes,No,Yes,Yes,Yes,No,No,,10,120,,,,,,,,Product Link,$108.99,Yes,4.4,4,-,-
Shark,CU512,https://www.amazon.com/dp/B0BYGLL9KD?tag=rsvacuum-20,Upright,,17.9,1200,Yes,Bagless,0.87,-,,Corded,25,,80,,11.4,9.06,45.28,28.96,23.01,115.01,,17,7.71,,Yes,No,No,No,Yes,Yes,No,No,,10,120,,,,,,,,Product Link,$114.95,Yes,4.6,164,-,-
Shark,HV371 (Amazon's Choice),https://www.amazon.com/dp/B09X624Y1C?tag=rsvacuum-20,Stick,,13.6,500,No,Bagless,0.64,-,,Corded,25,,80,,14.57,10.24,48.43,37.01,26.01,123.01,,8.58,3.89,,Yes,Yes,Yes,Yes,Yes,Yes,No,No,,4.2,120,,,,,,,,Product Link,$139.99,Yes,4.5,"23,280",https://www.sharkclean.com/products/shark-rocket-pro-dlx-corded-stick-vacuum-zidHV371,$139.99
Shark,HV322 (Amazon's Choice),https://www.amazon.com/dp/B00NGVF4II?tag=rsvacuum-20,Stick,,13.6,500,No,Bagless,0.64,-,,Corded,32,,80,,10.25,13,47.5,26.04,33.02,120.65,,8.6,3.9,,Yes,Yes,Yes,Yes,Yes,Yes,No,Yes,,4.2,120,,,,,,,,Product Link,$169.99,Yes,4.4,"25,735",-,-
Shark,IX141 (Amazon's Choice),https://www.amazon.com/dp/B07S652B12?tag=rsvacuum-20,Stick,,15,181,Yes,Bagless,0.79,40,,Cordless,-,,67,,10.24,14.96,46.06,26.01,38,116.99,,7.63,3.46,,Yes,No,No,Yes,No,Yes,No,Yes,,8.4,22,,,,,,,,Product Link,$149.99,Yes,4.2,"43,020",-,-
Shark,AZ4002 (Amazon's Choice),https://www.amazon.com/dp/B0D385VHYN?tag=rsvacuum-20,Upright,,-,1416,Yes,Bagless,1.9,-,,Corded,30,,77,,12.01,15.12,46.18,30.51,38.4,117.3,,17.57,7.97,,Yes,Yes,Yes,Yes,Yes,Yes,No,Yes,,11.8,120,,,,,,,,Product Link,$429.99,Yes,4.3,"8,661",-,-
Shark,ZU503AMZ (Amazon's Choice),https://www.amazon.com/dp/B08TT4YHG1?tag=rsvacuum-20,Upright,,-,1200,Yes,Bagless,0.84,-,,Corded,25,,80,,11.81,10.17,37.73,30,25.83,95.83,,9.04,4.1,,Yes,Yes,Yes,Yes,Yes,Yes,No,No,,10,120,,,,,,,,Product Link,$169.99,Yes,4.3,"8,500",-,-
Shark,BU3523 (Amazon's Choice),https://www.amazon.com/dp/B0D15LVBJB?tag=rsvacuum-20,Stick,,-,240,Yes,Bagless,1.3,40,,Cordless,-,,74.3,,10.43,14.69,43.5,26.49,37.31,110.49,,11.2,5.08,,Yes,Yes,Yes,Yes,No,Yes,No,Yes,,2.5,120,,,,,,,,Product Link,$279.99,Yes,4.3,696,-,-
Shark,AW261,https://www.amazon.com/dp/B0D1VXYTRB?tag=rsvacuum-20,Dry Wet,,0.6,6,No,Bagless,0.36,23,,Cordless,-,,80,,9.81,11.06,43.74,24.92,28.09,111.1,,8.46,3.84,,No,No,No,No,No,Yes,No,Yes,,120,22,,,,,,,,Product Link,$199.99,Yes,4.1,516,https://www.sharkclean.com/products/shark-hydrovac-messmaster-cordless-3-in-1-cleaner-zidWD261,$299.99
Shark,IZ562H,https://www.amazon.com/dp/B0B5HNLCTG?tag=rsvacuum-20,Stick,,2,181,Yes,Bagless,0.68,40,,Cordless,-,,80,,10.43,11.42,51.18,26.49,29.01,130,,8.3,3.76,,Yes,Yes,Yes,Yes,No,Yes,No,Yes,,8.4,22,,,,,,,,Product Link,$298.89,Yes,4.1,"1,545",-,-
Shark,IZ362H (Amazon's Choice),https://www.amazon.com/dp/B089X2NKFV?tag=rsvacuum-20,Stick,,14.6,181,Yes,Bagless,0.32,40,,Cordless,-,,80,,10.24,7.09,46.1,26.01,18.01,117.09,,7.2,3.27,,Yes,Yes,Yes,Yes,No,Yes,No,Yes,,8.4,22,,,,,,,,Product Link,$319.49,Yes,4.3,"4,511",-,-
Shark,AV2800ZE,https://www.amazon.com/dp/B0DCPX2M8N?tag=rsvacuum-20,Robot,,-,650,Yes,Bagless,0.36,120,,Cordless,-,,69.4,,14.33,18.8,17.56,36.4,47.75,44.6,,25,11.34,,No,No,No,No,No,Yes,No,Yes,,5.4,120,,0.3,Yes,Yes,Yes,Yes,Yes,Product Link,"$1,199.99",Yes,4.1,"4,403",https://www.sharkclean.com/products/shark-powerdetect-2-in-1-robot-vacuum-and-mop-with-nevertouch-pro-base-zidAV2800ZE,"$1,199.99"
Shark,AV911S,https://www.amazon.com/dp/B08WJMN2YG?tag=rsvacuum-20,Robot,,0.02,-,Yes,Bagless,0.6,145,,Cordless,-,,60,,18.5,18.5,11.42,46.99,46.99,29.01,,12.23,5.55,,No,No,No,No,No,No,No,No,,-,220,,-,Yes,Yes,Yes,No,Yes,Product Link,$522.00,Yes,4.1,"4,403",-,-
Shark,AV2810YS,https://www.amazon.com/dp/B0DGRZHXZN?tag=rsvacuum-20,Robot,,-,650,Yes,Bagless,0.36,120,,Cordless,-,,65,,13.39,19.21,14.51,34.01,48.79,36.86,,20.12,9.13,,No,No,No,No,No,Yes,No,No,,-,120,,-,Yes,Yes,Yes,Yes,Yes,Product Link,$699.99,Yes,4.1,"4,403",https://www.sharkclean.com/products/shark-av2810ys-powerdetect-nevertouch-robot-vacuum-zidAV2810YS,$999.99
Shark,RV2820YECA,https://www.amazon.com/dp/B0DDYZ4VK4?tag=rsvacuum-20,Robot,,-,650,Yes,Bagless,0.21,120,,Cordless,-,,56.7,,13.39,19.21,14.51,34.01,48.79,36.86,,20.12,9.13,,No,No,No,No,No,Yes,No,No,,5.4,120,,1.8,Yes,Yes,Yes,Yes,Yes,Product Link,$499.99,Yes,4.1,"4,403",https://www.sharkclean.com/products/shark-powerdetect-2-in-1-robot-vacuum-and-mop-with-nevertouch-base-zidRV2820YECA,$499.99
Shark,RV2610WA,https://www.amazon.com/dp/B0B8B6N2G4?tag=rsvacuum-20,Robot,,-,35,Yes,Bagless,0.26,110,,Cordless,-,,69.4,,14.96,21.4,5.69,38,54.36,14.45,,14.5,6.58,,No,No,No,No,No,Yes,No,No,,3,14,,9.5,Yes,Yes,Yes,Yes,Yes,Product Link,$379.99,Yes,3.8,"6,314",https://www.sharkclean.com/products/shark-matrix-plus-2-in-1-robot-vacuum-and-mop-with-xl-hepa-self-empty-base-zidRV2610WA,$379.99
Shark,AV2501AE,https://www.amazon.com/dp/B08QZVSC8D?tag=rsvacuum-20,Robot,,-,650,Yes,Bagless,0.85,120,,Cordless,-,,59.8,,8.43,13.08,13.9,21.41,33.22,35.31,,15.25,6.92,,No,No,No,No,No,Yes,No,No,,0.6,120,,3.5,Yes,Yes,Yes,No,No,Product Link,$599.00,Yes,4.2,"14,554",https://www.sharkclean.com/products/shark-ai-ultra-robot-zidAV2501AE,$649.99
Shark,AV2501S,https://www.amazon.com/dp/B09H8CWFNK?tag=rsvacuum-20,Robot,,-,650,Yes,Bagless,0.11,120,,Cordless,-,,59.8,,13.7,13.7,4.1,34.8,34.8,10.41,,14.42,6.54,,No,No,No,No,No,Yes,No,No,,0.6,120,,3,Yes,Yes,Yes,No,Yes,Product Link,$549.99,Yes,4.2,"44,232",https://www.sharkclean.com/products/shark-ai-ultra-robot-self-empty-zidAV2501S,$549.99
Shark,AV2511AE,https://www.amazon.com/dp/B09T4YZGQR?tag=rsvacuum-20,Robot,,-,650,Yes,Bagless,1.02,120,,Cordless,-,,59.8,,13.08,8.43,13.9,33.22,21.41,35.31,,15.25,6.92,,No,No,No,No,No,Yes,No,No,,0.6,120,,0.6,Yes,Yes,Yes,No,Yes,Product Link,$298.00,Yes,4.2,"44,232",https://www.sharkclean.com/products/shark-ai-ultra-robot-self-empty-robot-vacuum-av2511ae-zidAV2511AE,$599.99
Shark,AV751,https://www.amazon.com/dp/B08634VWVF?tag=rsvacuum-20,Robot,,-,-,Yes,Bagless,0.7,120,,Cordless,-,,66.4,,12.4,12.6,3.54,31.5,32,8.99,,8.09,3.67,,No,No,No,No,No,Yes,No,Yes,,-,110,,0.7,Yes,Yes,Yes,No,Yes,Product Link,-,No,4.2,"5,032",-,-
Shark,AV753,https://www.amazon.com/dp/B08C6XGP4F?tag=rsvacuum-20,Robot,,-,35,Yes,Bagless,0.49,120,,Cordless,-,,58.3,,12.6,12.6,3.54,32,32,8.99,,9.92,4.5,,No,No,No,No,No,Yes,No,No,,1.8,14,,-,Yes,No,No,No,Yes,Product Link,$202.00,Yes,4.2,"44,232",https://www.sharkclean.com/products/shark-ion-robot-vacuum-a73-with-wi-fi-zidAV753,$229.99
Shark,RV2502AE,https://www.amazon.com/dp/B09J88GNW3?tag=rsvacuum-20,Robot,,-,-,Yes,Bagless,0.4,120,,Cordless,-,,60,,11.59,15.52,16.97,29.44,39.42,43.1,,15.3,6.94,,No,No,No,No,No,No,No,Yes,,-,120,,1,Yes,Yes,Yes,No,Yes,Product Link,$449.95,Yes,4.2,"14,554",-,-
Shark,AV2310AE,https://www.amazon.com/dp/B0BXNNYJ7Q?tag=rsvacuum-20,Robot,,0.01,35,Yes,Bagless,0.22,110,,Cordless,-,,65,,13.39,13.39,4.19,34.01,34.01,10.64,,13.2,5.99,,No,No,No,No,No,Yes,No,Yes,,-,14,,0.6,Yes,Yes,Yes,No,Yes,Product Link,$329.99,Yes,4,"1,369",https://www.sharkclean.com/products/shark-matrix-self-emptying-robot-vacuum-zidAV2310AE,$449.99
Shop-Vac,,,,,,,,,,,,,,,,,,,,,,,,,,,,,,,,,,,,,,,,,,,,,,,,,,,
Shop-Vac,5922805,https://www.amazon.com/dp/B0DF93DC4H?tag=rsvacuum-20,Dry Wet,,-,3353,No,Bagged,30.28,-,,Corded,6,,70,,21,15.5,15.5,53.34,39.37,39.37,,5.35,2.43,,Yes,No,No,Yes,No,Yes,No,No,,9.9,120,,,,,,,,Product Link,$79.99,Yes,4.4,74,https://www.shopvac.com/products/shop-vac-8-gallon-4-5-peak-hp-wet-dry-utility-vacuum-1,$84.84
Shop-Vac,9303511,https://www.amazon.com/dp/B07B3XN96B?tag=rsvacuum-20,Dry Wet,,-,1863,Yes,Bagged,9.5,-,,Corded,6,,78,,11.61,12.2,15.16,29.49,30.99,38.51,,8.5,3.86,,Yes,No,No,No,No,Yes,No,No,,8,120,,,,,,,,Product Link,$49.99,Yes,4.5,257,https://www.shopvac.com/products/9303511-shop-vac-2-5-gallon-2-5-peak-hp-wet-dry-portable-vacuum,$91.06
Shop-Vac,5989300,https://www.amazon.com/dp/B075MWCF8L?tag=rsvacuum-20,Dry Wet,,-,3353,No,Bagged,18.9,-,,Corded,6,,78,,14,14,21,35.56,35.56,53.34,,12,5.44,,Yes,No,No,Yes,No,Yes,No,No,,9.9,120,,,,,,,,Product Link,$79.99,Yes,4.4,"3,254",-,-
Shop-Vac,9522236 (Amazon's Choice),https://www.amazon.com/dp/B09YXLQ9H3?tag=rsvacuum-20,Dry Wet,,-,4098,No,Bagged,18.9,-,,Corded,6,,70,,13,13,28,33.02,33.02,71.12,,14.99,6.8,,Yes,No,No,Yes,No,Yes,No,No,,8.9,120,,,,,,,,Product Link,$169.99,Yes,4.5,489,-,-
Shop-Vac,9522205,https://www.amazon.com/dp/B0D9HT2Q1D?tag=rsvacuum-20,Dry Wet,,-,4098,No,Bagged,18.9,-,,Corded,6,,70,,12.5,12.5,28,31.75,31.75,71.12,,14.3,6.49,,Yes,No,No,Yes,No,Yes,No,No,,12,120,,,,,,,,Product Link,$129.99,Yes,4.4,17,https://www.shopvac.com/products/5-gallon-5-5-php-wall-mount-wet-dry-vac,$158.15
Shop-Vac,5871205,https://www.amazon.com/dp/B0D9HVSTPG?tag=rsvacuum-20,Dry Wet,,-,3725,No,Bagged,45.4,-,,Corded,12,,85,,18.5,18.5,22.5,46.99,46.99,57.15,,25,11.34,,No,No,No,Yes,No,Yes,No,No,,12,120,,,,,,,,Product Link,$204.95,Yes,4.1,11,https://www.shopvac.com/products/shop-vac-12-gallon-5-0-php-pump-vac,$249.88
Shop-Vac,SV543008 (Amazon's Choice),https://www.amazon.com/dp/B0CHMG4388?tag=rsvacuum-20,Dry Wet,,8,200,No,Bagged,3.8,15,,Cordless,-,,82,,10.24,10.24,10.83,26.01,26.01,27.51,,3.41,1.55,,Yes,No,No,No,No,Yes,No,No,,12,20,,,,,,,,Product Link,$84.99,Yes,3.8,42,-,-
Shop-Vac,5971836 (Amazon's Choice),https://www.amazon.com/dp/B09YXYLQNG?tag=rsvacuum-20,Dry Wet,,-,3353,No,Bagged,30.3,-,,Corded,12,,80,,16.1,15.5,22.1,40.89,39.37,56.13,,17.56,7.97,,Yes,No,No,Yes,No,Yes,No,No,,9.8,120,,,,,,,,Product Link,$137.99,Yes,4.3,42,-,-
Shop-Vac,2021005 (Amazon's Choice),https://www.amazon.com/dp/B09GQVKYBQ?tag=rsvacuum-20,Dry Wet,,1,745,No,Bagged,3.8,-,,Corded,6,,70,,11,11,12,27.94,27.94,30.48,,7,3.18,,Yes,No,No,No,No,Yes,No,No,,6,120,,,,,,,,Product Link,$49.50,Yes,4.4,"1,443",https://www.shopvac.com/products/shop-vac%C2%AE-1-gallon-1-0-peak-hp-micro-wet-dry-vacuum,$73.49
Shop-Vac,4040988 (Amazon's Choice),https://www.amazon.com/dp/B0B1TT68TP?tag=rsvacuum-20,Ash,,-,1490,Yes,Bagless,15.1,-,,Corded,6,,85,,14,14.8,13.5,35.56,37.59,34.29,,12.27,5.57,,No,No,No,No,No,Yes,No,No,,7,120,,,,,,,,Product Link,$99.99,Yes,4,79,-,-
Shop-Vac,2021000 (Amazon's Choice),https://www.amazon.com/dp/B0982KY4TF?tag=rsvacuum-20,Dry Wet,,-,745,No,Bagged,3.8,-,,Corded,6,,78,,10.25,10.25,11,26.04,26.04,27.94,,5.59,2.54,,Yes,No,No,No,No,Yes,No,No,,6,120,,,,,,,,Product Link,$69.99,Yes,4.5,433,-,-
Shop-Vac,5989400,https://www.amazon.com/dp/B0982M4FC6?tag=rsvacuum-20,Dry Wet,,-,4470,No,Bagged,30.3,-,,Corded,12,,-,,17.5,17.5,23,44.45,44.45,58.42,,18.56,8.42,,Yes,No,No,Yes,No,Yes,No,No,,11.8,120,,,,,,,,Product Link,$159.99,Yes,4.2,191,-,-
Shop-Vac,5920588 (Amazon's Choice),https://www.amazon.com/dp/B0BXS25LWS?tag=rsvacuum-20,Dry Wet,,-,3353,Yes,Bagged,18.9,-,,Corded,6,,78,,13.58,13.58,20,34.49,34.49,50.8,,14.44,6.55,,Yes,Yes,No,Yes,No,Yes,No,No,,9.9,120,,,,,,,,Product Link,$129.99,Yes,4.4,113,-,-
Shop-Vac,5430022,https://www.amazon.com/dp/B0CHMG7T16?tag=rsvacuum-20,Dry Wet,,7.5,51,No,Bagless,7.6,15,,Cordless,-,,-,,12,14.97,14.57,30.48,38.02,37.01,,8.8,3.99,,Yes,No,No,No,No,Yes,No,No,,9.9,20,,,,,,,,Product Link,$122.19,Yes,2.4,21,https://www.shopvac.com/products/shop-vac-cordless-2-in-1-wet-dry-vac-and-blower,$405.11
Shop-Vac,5926211 (Amazon's Choice),https://www.amazon.com/dp/B0982MVF19?tag=rsvacuum-20,Dry Wet,,-,4470,No,Bagged,45.4,-,,Corded,19,,80,,17,17,29,43.18,43.18,73.66,,23.81,10.8,,Yes,Yes,No,Yes,No,Yes,No,No,,11.5,120,,,,,,,,Product Link,$209.99,Yes,4.3,96,-,-
Shop-Vac,5989305,https://www.amazon.com/dp/B075MWCF8L?tag=rsvacuum-20,Canister,,-,3353,No,Bagged,18.92,-,,Corded,6,,78,,14,14,21,35.56,35.56,53.34,,12,5.44,,Yes,No,No,Yes,No,Yes,No,No,,9.9,120,,,,,,,,Product Link,$71.99,Yes,4.4,"3,257",https://www.shopvac.com/products/shop-vac%C2%AE-5-gallon-4-5-peak-hp-stainless-steel-wet-dry-vacuum-1?_pos=1&_sid=9ca4ee12d&_ss=r,$160.89
Shop-Vac,SVU-5872911 (Amazon's Choice),https://www.amazon.com/dp/B08BBZ7HVQ?tag=rsvacuum-20,Canister,,-,4470,Yes,Bagged,18.92,-,,Corded,20,,82,,14.17,17.32,17.72,35.99,43.99,45.01,,16.6,7.53,,Yes,No,No,Yes,No,Yes,No,No,,11.8,120,,,,,,,,Product Link,$140.96,Yes,4.5,22,https://www.shopvac.com/products/shop-vac-5-gallon-6-0-peak-hp-portable-wet-dry-vacuum?_pos=3&_sid=4935dbce5&_ss=r,$230.78
Shop-Vac,5989405,https://www.amazon.com/dp/B075MY3QMX?tag=rsvacuum-20,Canister,,-,4470,No,Bagged,30.28,-,,Corded,12,,82,,15,15,28,38.1,38.1,71.12,,19,8.62,,Yes,No,No,Yes,No,Yes,No,No,,11.8,120,,,,,,,,Product Link,$115.45,Yes,4.3,629,https://www.shopvac.com/products/shop-vac-8-gallon-6-0-peak-hp-stainless-steel-wet-dry-vacuum?_pos=1&_sid=b3df75963&_ss=r,$181.95
Shop-Vac,71-4040988 (Amazon's Choice),https://www.amazon.com/dp/B0B1TT68TP?tag=rsvacuum-20,Canister,,8,1490,Yes,Bagless,15.14,-,,Corded,6,,78,,14,14.8,13.5,35.56,37.59,34.29,,12.27,5.57,,Yes,No,No,Yes,No,Yes,No,No,,7,120,,,,,,,,Product Link,$99.99,Yes,4,79,-,-
Shop-Vac,5890470,https://www.amazon.com/dp/B09YY8GK5W?tag=rsvacuum-20,Canister,,-,2980,No,Bagless,15.14,-,,Corded,6,,70,,12,13,18,30.48,33.02,45.72,,10.89,4.94,,Yes,No,No,No,No,Yes,No,No,,10,120,,,,,,,,Product Link,$89.99,Yes,4.3,73,https://www.shopvac.com/products/shop-vac-4-gallon-4-0-peak-hp-wet-dry-vac?_pos=1&_sid=e2b51a885&_ss=r,$83.99
Shop-Vac,5430087,https://www.amazon.com/dp/B0D243F5T1?tag=rsvacuum-20,Handheld,,9,1798,No,Bagless,0.65,28,,Cordless,-,,40,,5.7,16.53,11,14.48,41.99,27.94,,4.4,2,,Yes,No,No,Yes,No,Yes,No,No,,9,20,,,,,,,,Product Link,$69.99,Yes,3.8,30,https://www.shopvac.com/products/shop-vac-cordless-rechargeable-lithium-20v-handheld?_pos=1&_sid=e2101b060&_ss=r,$86.18
Shop-Vac,5430023,https://www.amazon.com/dp/B0CHMDXXG4?tag=rsvacuum-20,Dry Wet,,9.5,100,No,Bagless,7.57,15,,Cordless,-,,-,,10,18,13,25.4,45.72,33.02,,8.8,3.99,,Yes,No,No,No,No,Yes,No,No,,-,20,,,,,,,,Product Link,$107.99,Yes,3.3,30,https://www.shopvac.com/products/shop-vac-20v-cordless-wet-dry-vacuum?_pos=1&_sid=206ec328f&_ss=r,$348.06
Shop-Vac,Cordless Handheld Vacuum,https://www.amazon.com/dp/B0BCG22QXZ?tag=rsvacuum-20,Handheld,,13,100,Yes,Bagless,0.1,25,,Cordless,-,,80,,2.5,10.6,2.2,6.35,26.92,5.59,,1.1,0.5,,Yes,Yes,No,No,No,Yes,No,Yes,,9,22,,,,,,,,Product Link,$67.99,Yes,3.8,21,-,-
Shop-Vac,5985005 (Amazon's Choice),https://www.amazon.com/dp/B09FRY4CFV?tag=rsvacuum-20,Dry Wet,,-,2608,No,Bagged,22.71,-,,Corded,6,,60,,14,14,23,35.56,35.56,58.42,,11,4.99,,Yes,No,No,Yes,No,Yes,No,No,,8.4,120,,,,,,,,Product Link,$77.64,Yes,4.3,40,https://www.shopvac.com/products/shop-vac-6-gallon-3-5-peak-hp-wet-dry-vacuum?_pos=1&_sid=85b9252b3&_ss=r,$152.68
Shop-Vac,5920689,https://www.amazon.com/dp/B0DGZHFWWR?tag=rsvacuum-20,Canister,,20,2238,No,Bagged,22.71,-,,Corded,6,,78,,16.57,16.57,19.48,42.09,42.09,49.48,,13.22,6,,Yes,No,No,Yes,No,Yes,No,No,,8.8,120,,,,,,,,Product Link,$80.63,Yes,-,-,-,-
Shop-Vac,SV5430030,https://www.amazon.com/dp/B0CMQKRC21?tag=rsvacuum-20,Canister,,8,20,No,Bagless,22.71,18,,Cordless,-,,70,,16.15,16.54,20.86,41.02,42.01,52.98,,18.74,8.5,,Yes,No,No,Yes,No,No,No,No,,9.9,20,,,,,,,,Product Link,$170.99,Yes,3.6,14,,
Shop-Vac,SV5430094 (Amazon's Choice),https://www.amazon.com/dp/B0D17C76QG?tag=rsvacuum-20,Dry Wet,,11,450,No,Bagless,22.7,-,,Corded,16,,85,,12.5,13.7,9.5,31.75,34.8,24.13,,10,4.54,,No,Yes,No,No,No,No,No,No,,12,120,,,,,,,,Product Link,$102.95,Yes,4.4,51,https://www.shopvac.com/products/portable-spot-cleaner?_pos=1&_sid=b92c1f304&_ss=r,$157.99
Shop-Vac,5430034,https://www.amazon.com/dp/B0DFQD217Q?tag=rsvacuum-20,Stick,,-,350,No,Bagless,8,55,,Cordless,-,,85,,34,42,19,86.36,106.68,48.26,,5,2.27,,Yes,Yes,No,Yes,Yes,Yes,No,Yes,,8,120,,,,,,,,Product Link,$159.99,Yes,4,4,https://www.shopvac.com/products/shop-vac-cordless-stick-vac?_pos=1&_sid=07e5480b4&_ss=r,$159.99
Shop-Vac,SV5430021,https://www.amazon.com/dp/B0CMQHYPRY?tag=rsvacuum-20,Handheld,,12,300,No,Bagless,0.7,15,,Cordless,-,,80,,5.56,17.2,8,14.12,43.69,20.32,,80,36.29,,Yes,No,No,Yes,No,Yes,No,No,,9,12,,,,,,,,Product Link,$78.99,Yes,4.3,18,,
Simplicity,,,,,,,,,,,,,,,,,,,,,,,,,,,,,,,,,,,,,,,,,,,,,,,,,,,
Simplicity,S20EZM,https://www.amazon.com/dp/B08YKGN9VY?tag=wat344r5-20,Upright,,-,12,Yes,Bagged,4.3,-,,Corded,30,,75,,12,0,44.5,30.48,0,113.03,,16,7.26,,Yes,Yes,Yes,Yes,No,No,No,Yes,,12,110,,,,,,,,Product Link,$288.00,Yes,4.3,604,https://www.simplicityvac.com/allergy-upright-vacuum,$288.89
Simplicity,S60 Spiffy,https://www.amazon.com/dp/B07TYRJBQ1?tag=wat344r5-20,Stick,,-,9,Yes,Bagless,0.3,-,,Corded,30,,68,,10.75,8,40.5,27.31,20.32,102.87,,7,3.18,,Yes,No,No,Yes,No,Yes,No,Yes,,9,115,,,,,,,,Product Link,$139.09,Yes,4.2,749,https://www.simplicityvac.com/s60,$139.09
Simplicity,Jill.12,https://www.amazon.com/dp/B08B9LHX9Y?tag=wat344r5-20,Canister,,-,1200,Yes,Bagged,4,-,,Corded,18.5,,82,,10,8,15.5,25.4,20.32,39.37,,9,4.08,,Yes,Yes,No,Yes,Yes,No,Yes,Yes,,10,120,,,,,,,,Product Link,$171.19,Yes,3.9,583,https://www.simplicityvac.com/jill-12,$171.19
Simplicity,BRIO,https://www.amazon.com/dp/B09TCTPBCW?tag=rsvacuum-20,Canister,,-,1200,Yes,Bagged,7.58,-,,Corded,40,,49,,15,15,13,38.1,38.1,33.02,,14,6.35,,Yes,Yes,No,Yes,Yes,No,No,Yes,,10,120,,,,,,,,Product Link,$181.89,Yes,4,65,-,-
Simplicity,F1.6 (Amazon's Choice),https://www.amazon.com/dp/B07TXRVQXC?tag=wat344r5-20,Handheld,,-,600,No,Bagless,2,-,,Corded,14,,68,,6.25,0,4.75,15.88,0,12.07,,2.7,1.22,,Yes,Yes,No,No,No,Yes,No,No,,5,120,,,,,,,,Product Link,-,No,4.2,965,https://www.simplicityvac.com/flash-handheld,$48.19
Simplicity,S10CV.10,https://www.amazon.com/dp/B0DBVYNN9S?tag=rsvacuum-20,Upright,,-,312,Yes,Bagged,8.5,50,,Cordless,-,,69,,13.5,10.5,44.5,34.29,26.67,113.03,,11,4.99,,No,No,No,No,No,No,No,Yes,,-,-,,,,,,,,Product Link,$559.39,Yes,4.3,22,https://www.simplicityvac.com/freedom-cordless-bagged-upright,$526.49
Simplicity,Scout,https://www.amazon.com/dp/B0CF2S5BHT?tag=rsvacuum-20,Canister,,-,1200,Yes,Bagged,2.27,-,,Corded,25,,68,,10,9.8,11.8,25.4,24.89,29.97,,14.43,6.55,,Yes,Yes,No,Yes,No,No,Yes,Yes,,10,110–120,,,,,,,,Product Link,$320.99,Yes,3.7,58,https://www.simplicityvac.com/scout-canister-vacuum,$320.99
Simplicity,Scout Plus,https://www.amazon.com/dp/B0CF2S2KGM?tag=rsvacuum-20,Canister,,-,1200,Yes,Bagged,2.27,-,,Corded,25,,-,,10,9.8,11.8,25.4,24.89,29.97,,14.6,6.62,,Yes,Yes,No,Yes,Yes,No,Yes,Yes,,12,100,,,,,,,,Product Link,$534.99,Yes,3.7,58,https://www.simplicityvac.com/scout-plus-canister-vacuum,$534.99
Simplicity,S100.6 (Amazon's Choice),https://www.amazon.com/dp/B07YST5BSF?tag=wat344r5-20,Handheld,,-,700,No,Bagged,1.03,-,,Corded,25,,80,,15,7,7,38.1,17.78,17.78,,4.5,2.04,,Yes,Yes,No,Yes,No,No,No,No,,6,116,,,,,,,,Product Link,$160.49,Yes,4.3,573,https://www.simplicityvac.com/s100,$160.49
Simplicity,S67,https://www.amazon.com/dp/B0DT4YDL3M?tag=rsvacuum-20,Stick,,-,350,Yes,Bagless,0.46,35,,Cordless,-,,75,,9.84,9.25,46.3,24.99,23.5,117.6,,6.28,2.85,,Yes,Yes,Yes,Yes,No,Yes,No,Yes,,13.5,26,,,,,,,,Product Link,$256.79,Yes,4.4,20,https://www.simplicityvac.com/s67-cordless-stick-vacuum,$256.79
Sirena,,,,,,,,,,,,,,,,,,,,,,,,,,,,,,,,,,,,,,,,,,,,,,,,,,,
Sirena,S10NA (Amazon's Choice),https://www.amazon.com/dp/B082J8VMKZ?tag=rsvacuum-20,Canister,,-,1000,Yes,Bagless,3.5,-,,Corded,21,,71,,11,11,17,27.94,27.94,43.18,,18,8.16,,Yes,Yes,Yes,Yes,Yes,Yes,No,Yes,,10,-,,-,-,-,-,-,-,Product Link,$989.99,Yes,4.2,217,,
SMOTURE,,,,,,,,,,,,,,,,,,,,,,,,,,,,,,,,,,,,,,,,,,,,,,,,,,,
SMOTURE,VAC01,https://www.amazon.com/dp/B0D5H5JVGH?tag=rsvacuum-20,Stick,,45,550,Yes,Bagless,1.5,60,,Cordless,-,,64,,7,13,17,17.78,33.02,43.18,,6,2.72,,Yes,Yes,Yes,Yes,Yes,Yes,No,Yes,,-,100-240,,,,,,,,Product Link,$129.99,Yes,4.3,"1,574",https://www.smoture.com/products/smoture-cordless-vacuum-cleaner-vac01,-
SMOTURE,VAC02,https://www.amazon.com/dp/B0DFC28HX2?tag=rsvacuum-20,Stick,,45,550,Yes,Bagless,1.5,60,,Cordless,-,,60,,7,13,17,17.78,33.02,43.18,,1,0.45,,Yes,Yes,Yes,Yes,Yes,Yes,No,Yes,,-,100-240,,,,,,,,Product Link,$129.48,Yes,4.4,692,https://www.smoture.com/products/cordless-vacuum-cleaner-vac02-550w-45kpa-60-mins-runtime-vacuum-cleaners-for-home-stick-vacuum-with-self-standing-wall-mount-charging-and-intelligent-auto-mode-handheld-vacuum-for-pet-hair-carpet-floor,-
SMOTURE,VC70,https://www.amazon.com/dp/B0D7LVQY7N?tag=rsvacuum-20,Stick,,40,450,Yes,Bagless,1.5,110,,Cordless,-,,64,,7,13,17,17.78,33.02,43.18,,7,3.18,,Yes,Yes,Yes,Yes,Yes,Yes,No,Yes,,-,100-240,,,,,,,,Product Link,$149.99,Yes,4.6,"1,025",https://www.smoture.com/products/smoture-vc70-cordless-vacuum-cleaner,-
SMOTURE,VC80,https://www.amazon.com/dp/B0D7P4YDCD?tag=rsvacuum-20,Stick,,40,450,Yes,Bagless,1.5,55,,Cordless,-,,70,,7,12,16,17.78,30.48,40.64,,1,0.45,,Yes,Yes,Yes,Yes,Yes,Yes,No,Yes,,-,30,,,,,,,,Product Link,$138.59,Yes,4.5,518,https://www.smoture.com/products/cordless-vacuum-cleaner-450w-38000pa-stick-vacuum-with-touch-screen-up-to-55-mins-runtime-self-standing-vacuum-with-auto-mode-1-5l-led-lightweight-vacuums-for-hardwood-floor-carpet-car-pet-hair,-
SMOTURE,VAC03,https://www.amazon.com/dp/B0GS8VP4HV?tag=rsvacuum-20,Stick,,55,650,Yes,Bagless,1.5,70,,Cordless,-,,64,,11,10,46,27.94,25.4,116.84,,6,2.72,,Yes,Yes,No,No,Yes,Yes,No,Yes,,-,30,,-,-,-,-,-,-,Product Link,$129.99,Yes,4.5,50,,
Snow Joe,,,,,,,,,,,,,,,,,,,,,,,,,,,,,,,,,,,,,,,,,,,,,,,,,,,
Snow Joe,ASHJ201,https://www.amazon.com/dp/B00F3DRDMM?tag=wat344r5-20,Ash,,-,500,No,Bagless,18.2,-,,Corded,8.5,,92,,64.8,12.6,13,164.59,32,33.02,,8.8,3.99,,No,No,No,No,No,Yes,No,No,,4,120,,-,-,-,-,-,-,Product Link,$69.70,Yes,4.1,"6,457",https://shopjoe.com/products/snow-joe-4-8-gallon-ash-vacuum?srsltid=AfmBOoqjVEVXQEygLoMXI_wTXM0BO_e1KBBOvnqAQQN5UGL1dIH8gYlE,$69.97
Sonashi,,,,,,,,,,,,,,,,,,,,,,,,,,,,,,,,,,,,,,,,,,,,,,,,,,,
Sonashi,SHC-231,https://www.amazon.com/dp/B0DPQRYYFJ?tag=rsvacuum-20,Handheld,,6,150,Yes,Bagless,0.45,-,,Cordless,-,,-,,4.5,14.5,4,11.43,36.83,10.16,,1.2,0.54,,Yes,No,No,No,No,Yes,No,No,,-,120,,,,,,,,Product Link,$39.00,Yes,3.9,36,-,-
Sonashi,SMC-201,https://www.amazon.com/dp/B0DJ311H5B?tag=rsvacuum-20,Handheld,,16,400,Yes,Bagless,0.3,30,,Corded,9.8,,-,,12,10,8,30.48,25.4,20.32,,2.2,1,,No,Yes,Yes,No,No,Yes,No,No,,-,120,,,,,,,,Product Link,$89.00,Yes,4.4,22,-,-
Sonashi,SCV-241,https://www.amazon.com/dp/B0DPWX4JCH?tag=rsvacuum-20,Handheld,,-,70,Yes,Bagless,0.12,25,,Cordless,-,,75,,2.5,9.6,7.9,6.35,24.38,20.07,,1.5,0.68,,Yes,Yes,Yes,No,No,Yes,No,No,,-,120,,,,,,,,Product Link,$49.00,Yes,3.9,25,-,-
Sonashi,SMC-203,https://www.amazon.com/dp/B0DJ8J9YTQ?tag=rsvacuum-20,Handheld,,16,500,Yes,Bagless,0.4,-,,Corded,9.8,,-,,9.64,9.64,14.76,24.49,24.49,37.49,,4,1.81,,No,No,No,No,No,No,No,No,,-,110,,,,,,,,Product Link,$89.00,Yes,4.2,28,,
STANLEY,,,,,,,,,,,,,,,,,,,,,,,,,,,,,,,,,,,,,,,,,,,,,,,,,,,
STANLEY,SL18115P,https://www.amazon.com/dp/B09LHLTJ3Q?tag=rsvacuum-20,Canister,,-,960,Yes,Both,18.9,-,,Corded,10,,75,,15,15,19,38.1,38.1,48.26,,-,-,,Yes,No,No,Yes,No,Yes,No,No,,8,120,,-,-,-,-,-,-,Product Link,$78.97,Yes,4.3,116,https://www.stanleytools.com/product/sl18115p/5-gal-4-peak-max-hp-pro-wetdry-vacuum,
STANLEY,SL18129,https://www.amazon.com/dp/B006EHYDQA?tag=rsvacuum-20,Dry Wet,,17.5,840,No,Both,15,-,,Corded,10,,80,,14.56,14.25,18.82,36.98,36.2,47.8,,8,3.63,,Yes,No,No,Yes,Yes,Yes,No,No,,7,120,,-,-,-,-,-,-,Product Link,$87.64,Yes,4.3,"4,243",,
STANLEY,SL18116P (Amazon's Choice),https://www.amazon.com/dp/B00IS94BWS?tag=rsvacuum-20,Dry Wet,,14,1200,No,Both,22.7,-,,Corded,6,,80,,13.8,13.8,20.47,35.05,35.05,51.99,,13.4,6.08,,Yes,No,No,Yes,Yes,Yes,No,No,,3.7,120,,-,-,-,-,-,-,Product Link,$57.99,Yes,4.6,"14,045",,
STANLEY,SL18136,https://www.amazon.com/dp/B00XNMMO2E?tag=rsvacuum-20,Dry Wet,,-,600,No,Both,11.4,-,,Corded,10,,75,,11.8,11.8,17,29.97,29.97,43.18,,11,4.99,,Yes,No,No,Yes,Yes,Yes,No,No,,-,120,,-,-,-,-,-,-,Product Link,$123.17,Yes,4.2,791,,
STANLEY,SL18133 (Amazon's Choice),https://www.amazon.com/dp/B004GN4ORM?tag=rsvacuum-20,Dry Wet,,-,-,No,Both,17,-,,Corded,6,,80,,12.6,6,15,32,15.24,38.1,,13,5.9,,Yes,No,No,No,Yes,Yes,No,No,,,116,,-,-,-,-,-,-,Product Link,$99.99,Yes,4.5,561,,
STANLEY,SL18191P,https://www.amazon.com/dp/B00FGQ3776?tag=rsvacuum-20,Dry Wet,,2.1,1200,No,Both,37.9,-,,Corded,10,,80,,17.7,17.7,19.2,44.96,44.96,48.77,,16.6,7.53,,Yes,No,No,Yes,No,Yes,No,No,,,120,,-,-,-,-,-,-,Product Link,$99.99,Yes,4.8,940,,
SunSare,,,,,,,,,,,,,,,,,,,,,,,,,,,,,,,,,,,,,,,,,,,,,,,,,,,
Sunsare,X7A,https://www.amazon.com/dp/B0D54QN5JZ?tag=rsvacuum-20,Stick,,45,550,Yes,Bagless,1.5,60,,Cordless,-,,62,,10,7,9,25.4,17.78,22.86,,8,3.63,,Yes,Yes,Yes,Yes,Yes,Yes,No,Yes,,-,30,,,,,,,,Product Link,$129.98,Yes,4.4,"1,598",https://www.sunsare.com/products/sunsare-x7a,$169.00
Sunsare,KCV02,https://www.amazon.com/dp/B0D567KDGJ?tag=rsvacuum-20,Stick,,40,450,Yes,Bagless,1.5,55,,Cordless,-,,62,,11,7,10,27.94,17.78,25.4,,5.5,2.49,,Yes,Yes,Yes,Yes,Yes,Yes,No,Yes,,-,26,,,,,,,,Product Link,$109.00,Yes,4.4,977,https://www.sunsare.com/products/sunsare-kcv02-cordless-vacuum-cleaner,$199.00
Sunsare,X9,https://www.amazon.com/dp/B0D967QG5P?tag=rsvacuum-20,Stick,,45,550,Yes,Bagless,1.5,60,,Cordless,-,,62,,12,9,15,30.48,22.86,38.1,,8,3.63,,Yes,Yes,Yes,Yes,Yes,Yes,No,Yes,,-,30,,,,,,,,Product Link,$129.99,Yes,4.3,335,https://www.sunsare.com/products/sunsare-x9-cordless-vacuum-cleaner,$169.00
Sunsare,X11,https://www.amazon.com/dp/B0DHCM4ZX4?tag=rsvacuum-20,Stick,,45,550,Yes,Bagless,1.5,60,,Cordless,-,,62,,50,10,9,127,25.4,22.86,,5.95,2.7,,Yes,Yes,Yes,Yes,Yes,Yes,No,Yes,,-,30,,,,,,,,Product Link,$129.98,Yes,4.1,252,https://www.sunsare.com/products/sunsare-x11-cordless-vacuum-cleaner,$219.00
Sunsare,US-X11-2,https://www.amazon.com/dp/B0GSTPBMKZ?tag=rsvacuum-20,Stick,,55,650,Yes,Bagless,1.5,70,,Cordless,-,,62,,12,10,26,30.48,25.4,66.04,,5.5,2.49,,Yes,No,No,No,Yes,Yes,No,Yes,,,30,,-,-,-,-,-,-,Product Link,$179.99,Yes,4.4,42,,
Sunsare,X13,https://www.amazon.com/dp/B0G1XFDP75?tag=rsvacuum-20,Stick,,55,600,Yes,Bagless,1.6,70,,Cordless,-,,62,,8,6,15,20.32,15.24,38.1,,5.5,2.49,,Yes,No,No,No,Yes,Yes,No,Yes,,,30,,-,-,-,-,-,-,Product Link,$179.99,Yes,4.4,409,,
SunSare,X12,https://www.amazon.com/dp/B0F6NMD5C9?tag=rsvacuum-20,Stick,,50,600,Yes,Bagless,1.5,65,,Cordless,-,,62,,11,10,25,27.94,25.4,63.5,,6,2.72,,Yes,Yes,Yes,Yes,No,Yes,No,Yes,,-,30,,-,-,-,-,-,-,Product Link,$69.99,Yes,4.4,408,,
SUNSMAI,,,,,,,,,,,,,,,,,,,,,,,,,,,,,,,,,,,,,,,,,,,,,,,,,,,
Sunsmai,S65,https://www.amazon.com/dp/B0F52XR9V1?tag=rsvacuum-20,Dry Wet,,9,1500,Yes,Bagless,0.78,-,,Corded,6,,80,,28,12,12.5,71.12,30.48,31.75,,12,5.44,,No,No,No,No,No,Yes,No,Yes,,-,220,,,,,,,,Product Link,$299.99,Yes,5,3,-,-
Sunsmai,S65-PRO,https://www.amazon.com/dp/B0F2T5K7DF?tag=rsvacuum-20,Dry Wet,,9,150,Yes,Bagless,0.78,-,,Corded,6,,80,,12,12,12.5,30.48,30.48,31.75,,12,5.44,,No,No,No,No,No,Yes,No,Yes,,-,220,,,,,,,,Product Link,$299.99,Yes,5,2,-,-
Sunsmai,S12,https://www.amazon.com/dp/B0DK98CRWT?tag=rsvacuum-20,Dry Wet,,9,150,Yes,Bagless,0.6,38,,Cordless,-,,70,,12,11,26,30.48,27.94,66.04,,7,3.18,,No,No,No,No,No,Yes,No,Yes,,-,28,,,,,,,,Product Link,$239.99,Yes,3.7,201,-,-
Sunsmai,W11,https://www.amazon.com/dp/B0DNJKFXYS?tag=rsvacuum-20,Robot Window Cleaner,,2.8,65,No,Bagless,0.04,30,,Corded,-,,70,,5.71,11.41,4.52,14.5,28.98,11.48,,5.13,2.33,,No,No,No,No,No,Yes,No,No,,-,-,,-,Yes,-,-,-,Yes,Product Link,$94.99,Yes,4.1,44,-,-
Sunsmai,W1,https://www.amazon.com/dp/B0D7VGBG3Q?tag=rsvacuum-20,Robot Window Cleaner,,2.5,65,No,Bagless,0.05,30,,Corded,19.7,,72,,5.71,11.42,3.74,14.5,29.01,9.5,,2.57,1.17,,No,No,No,No,No,Yes,No,No,,-,110,,-,Yes,-,-,-,Yes,Product Link,$109.99,Yes,4.1,44,-,-
Sweepcent,,,,,,,,,,,,,,,,,,,,,,,,,,,,,,,,,,,,,,,,,,,,,,,,,,,
Sweepcent,EV-P801,https://www.amazon.com/dp/B0G65BB9NW?tag=rsvacuum-20,Canister,,45,1600,Yes,Bagless,4.3,-,,Corded,22,,-,,13,13,17.99,33.02,33.02,45.69,,18,8.16,,Yes,Yes,Yes,No,No,No,Yes,Yes,,-,120,,-,-,-,-,-,-,Product Link,$139.99,Yes,4.5,20,,
SwitchBot,,,,,,,,,,,,,,,,,,,,,,,,,,,,,,,,,,,,,,,,,,,,,,,,,,,
SwitchBot,W3011020,https://www.amazon.com/dp/B0CHBC7BW1?tag=rsvacuum-20,Robot,,2.5,30,No,Bagged,4,150,,Cordless,-,,48,,12.6,13.78,3.62,32,35,9.19,,5.07,2.3,,No,No,No,No,No,Yes,No,Yes,,-,24,,4,Yes,Yes,Yes,Yes,Yes,Product Link,$239.99,Yes,3.9,375,-,-
SwitchBot,K10+ Pro Combo,https://www.amazon.com/dp/B0D7W3N7H6?tag=rsvacuum-20,Robot,,20,-,No,Bagless,4,150,,Cordless,-,,45,,9.8,9.8,3.6,24.89,24.89,9.14,,5.07,2.3,,No,No,No,No,No,Yes,No,Yes,,-,-,,3,Yes,Yes,Yes,Yes,Yes,Product Link,$299.99,Yes,3.8,88,https://www.switch-bot.com/products/switchbot-mini-robot-vacuum-k10-pro?_pos=7&_sid=99cd3413b&_ss=r,$599.99
SwitchBot,W3211800,https://www.amazon.com/dp/B0CSNB6TF8?tag=rsvacuum-20,Robot,,6.5,-,No,Bagless,4,220,,Cordless,-,,65,,14.37,14.37,4.53,36.5,36.5,11.51,,12.13,5.5,,No,No,No,No,No,Yes,No,Yes,,-,24,,4,Yes,Yes,Yes,Yes,Yes,Product Link,$459.99,Yes,3.4,575,-,-
Tikom,,,,,,,,,,,,,,,,,,,,,,,,,,,,,,,,,,,,,,,,,,,,,,,,,,,
Tikom,G8000 Max,https://www.amazon.com/dp/B0DV53XDDJ?tag=rsvacuum-20,Robot,,5,-,Yes,Bagless,0.45,150,,Cordless,-,,55,,12.6,12.6,3,32,32,7.62,,5.29,2.4,,No,No,No,No,No,Yes,No,Yes,,-,14,,-,Yes,No,Yes,Yes,Yes,Product Link,$149.99,Yes,5,159,https://www.tikom.cc/case_show.asp?id=2042,-
Tikom,V500,https://www.amazon.com/dp/B0DJ11NG2T?tag=rsvacuum-20,Stick,,40,450,Yes,Bagless,1.3,32,,Cordless,-,,70,,7.3,12.8,17.13,18.54,32.51,43.51,,5.5,2.49,,Yes,Yes,Yes,Yes,Yes,Yes,No,Yes,,-,22,,,,,,,,Product Link,$79.99,Yes,4.6,766,https://www.tikom.cc/case_show.asp?id=2037,-
Tikom,L9000,https://www.amazon.com/dp/B0DFH49Y3H?tag=rsvacuum-20,Robot,,4,-,Yes,Bagless,0.3,150,,Cordless,-,,55,,12.6,12.6,3.66,32,32,9.3,,6.17,2.8,,No,No,No,No,No,Yes,No,Yes,,-,14,,-,Yes,No,Yes,Yes,Yes,Product Link,$149.99,Yes,4.5,102,https://www.tikom.cc/case_show.asp?id=2030,-
Tikom,L8000 Plus,https://www.amazon.com/dp/B0D9B6PKNK?tag=rsvacuum-20,Robot,,3,-,Yes,Bagged,2.5,150,,Cordless,-,,45,,12.6,12.6,3.66,32,32,9.3,,12,5.44,,No,No,No,No,No,No,No,No,,-,14,,2.5,Yes,Yes,Yes,Yes,Yes,Product Link,$199.99,Yes,4.4,30,https://www.tikom.cc/case_show.asp?id=2033,-
Tikom,L8000 Pro,https://www.amazon.com/dp/B0DD42JRT2?tag=rsvacuum-20,Robot,,5,-,Yes,Bagless,0.3,150,,Cordless,-,,45,,12.6,12.6,3.66,32,32,9.3,,5.5,2.49,,No,No,No,No,No,Yes,No,Yes,,-,14,,2.5,Yes,Yes,Yes,Yes,Yes,Product Link,-,Yes,4.5,288,https://www.tikom.cc/case_show.asp?id=2041,-
Tikom,V750 (Amazon's Choice),https://www.amazon.com/dp/B0G2CF4GLD?tag=rsvacuum-20,Stick,,45,500,Yes,Bagless,1.5,50,,Cordless,-,,-,,10.3,7.6,17.1,26.16,19.3,43.43,,5.5,2.49,,Yes,No,No,Yes,Yes,Yes,No,Yes,,-,25,,-,-,-,-,-,-,Product Link,$89.96,Yes,4.8,197,,
Tikom,V450,https://www.amazon.com/dp/B0F5BGMVVD?tag=rsvacuum-20,Stick,,40,450,Yes,Bagless,1.3,32,,Cordless,-,,-,,6.89,16.93,17.1,17.5,43,43.43,,5.5,2.49,,Yes,No,No,Yes,Yes,Yes,No,Yes,,-,22,,-,-,-,-,-,-,Product Link,$69.99,Yes,4.2,316,,
Tikom,V700,https://www.amazon.com/dp/B0FMYPDHPG?tag=rsvacuum-20,Stick,,40,450,Yes,Bagless,1.3,40,,Cordless,-,,-,,17.12,10.62,7.28,43.48,26.97,18.49,,7.16,3.25,,Yes,No,No,Yes,Yes,Yes,No,Yes,,-,26,,-,-,-,-,-,-,Product Link,$59.99,Yes,4.3,311,,
Tikom,L8000,https://www.amazon.com/dp/B0CSFM1JJG?tag=rsvacuum-20,Robot,,3,-,Yes,Bagless,0.3,150,,Cordless,-,,45,,12.6,12.6,3.66,32,32,9.3,,5.5,2.49,,No,No,No,No,No,Yes,No,Yes,,3.6,14,,-,Yes,No,Yes,Yes,Yes,Product Link,-,Yes,4.2,898,https://www.tikom.cc/case_show.asp?id=2038,-
Tineco,,,,,,,,,,,,,,,,,,,,,,,,,,,,,,,,,,,,,,,,,,,,,,,,,,,
Tineco,FLOOR ONE S5,https://www.amazon.com/dp/B09P2RKRWX?tag=rsvacuum-20,Upright,,-,220,No,Bagless,0.8,35,,Cordless,-,,78,,10.24,10.75,43.31,26.01,27.31,110.01,,9.48,4.3,,No,No,No,No,No,Yes,No,Yes,,7.2,22,,,,,,,,Product Link,$449.99,Yes,4.1,"7,522",https://store.tineco.com/products/tineco-floor-one-s5-cordless-lightweight-smart-wet-dry-vacuum-cleaner,$329.99
Tineco,Floor ONE S3,https://www.amazon.com/dp/B082VRFWB8?tag=rsvacuum-20,Upright,,-,220,Yes,Bagless,0.5,35,,Cordless,-,,78,,10,11.3,43.3,25.4,28.7,109.98,,9.9,4.49,,No,No,No,No,No,Yes,No,Yes,,3.6,22,,,,,,,,Product Link,$369.99,Yes,4.1,"33,124",https://store.tineco.com/products/tineco-floor-one-s3-smart-wet-dry-vacuum-cleaner,$399.99
Tineco,PURE ONE S11,https://www.amazon.com/dp/B08CDQ52TB?tag=rsvacuum-20,Stick,,-,450,Yes,Bagless,0.6,40,,Cordless,-,,73,,8.3,11.4,43.5,21.08,28.96,110.49,,5.73,2.6,,Yes,Yes,Yes,Yes,Yes,Yes,No,Yes,,3.5,22,,,,,,,,Product Link,$299.99,Yes,3.9,"6,114",https://store.tineco.com/products/tineco-pure-one-s11-smart-cordless-stick-vacuum-cleaner-strong-suction-long-runtime-lightweight-handheld,$239.99
Tineco,A20,https://www.amazon.com/dp/B0D1CFS2FM?tag=rsvacuum-20,Stick,,25,250,Yes,Bagless,1,40,,Cordless,-,,76.5,,13.58,10.24,46.38,34.49,26.01,117.81,,6.99,3.17,,Yes,No,No,No,No,Yes,No,Yes,,-,22,,,,,,,,Product Link,$159.99,Yes,4.1,"3,765",-,-
Tineco,FLOOR ONE S6,https://www.amazon.com/dp/B0BZCM34SF?tag=rsvacuum-20,Upright,,12,220,Yes,Bagless,0.8,35,,Cordless,-,,78,,9.06,10.43,43.31,23.01,26.49,110.01,,9.92,4.5,,No,No,No,No,No,Yes,No,Yes,,-,22,,,,,,,,Product Link,$379.00,Yes,4.2,455,https://us.tineco.com/all-floor-washers/floor-one-s6/,-
Tineco,Pure ONE Station 5,https://www.amazon.com/dp/B0D8J2RPV9?tag=rsvacuum-20,Stick,,-,175,Yes,Bagless,2.5,70,,Cordless,-,,78,,14.97,29.2,12.77,38.02,74.17,32.44,,9.2,4.17,,Yes,Yes,Yes,No,No,Yes,No,No,,0.5,25,,,,,,,,Product Link,$459.00,Yes,4,67,https://store.tineco.com/products/tineco-pure-one-station-5-cordless-smart-vacuum,$399.00
Tineco,iFLOOR 3 Breeze (Amazon's Choice),https://www.amazon.com/dp/B09QQ9T4XY?tag=rsvacuum-20,Dry Wet,,-,190,Yes,Bagless,0.6,30,,Cordless,-,,80,,10.87,11.26,43.31,27.61,28.6,110.01,,9.3,4.22,,No,No,No,No,Yes,Yes,No,Yes,,7.2,120,,,,,,,,Product Link,$199.90,Yes,4.1,"33,141",https://store.tineco.com/products/tineco-ifloor-3-breeze-complete-cordless-wet-dry-vacuum-cleaner,$279.99
Tineco,Floor ONE Stretch S6,https://www.amazon.com/dp/B0CVXLXGRP?tag=rsvacuum-20,Dry Wet,,-,220,Yes,Bagless,0.8,40,,Cordless,-,,78,,8.67,10.51,43.31,22.02,26.7,110.01,,9.9,4.49,,No,No,No,No,Yes,Yes,No,Yes,,-,120,,,,,,,,Product Link,$479.00,Yes,4.2,464,https://store.tineco.com/products/tineco-floor-one-stretch-s6-wet-dry-vacuum-cleaner,$479.00
Tineco,iFLOOR 2,https://www.amazon.com/dp/B0B42SWT68?tag=rsvacuum-20,Stick,,-,700,No,Bagless,0.5,22,,Cordless,-,,82,,9.8,10.6,43.7,24.89,26.92,111,,8.4,3.81,,No,No,Yes,No,Yes,Yes,No,Yes,,3.6,120,,,,,,,,Product Link,$149.00,Yes,4.1,"33,141",https://us.tineco.com/products/ifloor-2-complete.html,-
Tineco,Floor ONE S7 PRO,https://www.amazon.com/dp/B0BLGR4ZL7?tag=rsvacuum-20,Dry Wet,,-,1400,Yes,Bagless,0.85,40,,Cordless,-,,78,,10.24,10.43,43.7,26.01,26.49,111,,21.5,9.75,,No,No,No,No,Yes,Yes,No,Yes,,3.6,120,,,,,,,,Product Link,$699.00,Yes,4.2,875,https://store.tineco.com/products/tineco-floor-one-s7-pro-smart-wet-dry-vacuum-cleaner,$559.00
Tineco,Floor ONE Switch S7,https://www.amazon.com/dp/B0CRVGQ7ZR?tag=rsvacuum-20,Dry Wet,,22,290,Yes,Bagless,0.85,65,,Cordless,-,,78,,12.87,32.68,14.37,32.69,83.01,36.5,,35.8,16.24,,Yes,No,No,No,Yes,Yes,No,Yes,,1.1,120,,,,,,,,Product Link,$899.99,Yes,4.2,875,https://store.tineco.com/products/tineco-floor-one-switch-s7-wet-dry-vacuum-cleaner,$679.99
Tineco,iFLOOR 5 Breeze,https://www.amazon.com/dp/B0CRR8FJSD?tag=rsvacuum-20,Upright,,-,190,No,Bagless,0.8,35,,Cordless,-,,78,,12.83,26.3,11.81,32.59,66.8,30,,19.56,8.87,,No,No,No,No,Yes,Yes,No,Yes,,-,120,,,,,,,,Product Link,$249.99,Yes,4.1,"7,565",https://store.tineco.com/products/tineco-ifloor-5-cordless-wet-dry-vacuum-cleaner,$299.99
Tineco,PURE ONE Station,https://www.amazon.com/dp/B0CLXG18BK?tag=rsvacuum-20,Stick,,22.8,270,Yes,Bagless,3,60,,Cordless,-,,78,,15,32,12.8,38.1,81.28,32.51,,5.3,2.4,,Yes,Yes,Yes,Yes,No,Yes,No,Yes,,0.5,14,,,,,,,,Product Link,$399.00,Yes,3.9,876,https://store.tineco.com/products/tineco-pure-one-station-smart-cordless-stick-vacuum-cleaner-2,$399.00
Tineco,Pure ONE Station FurFree,https://www.amazon.com/dp/B0C58K254K?tag=rsvacuum-20,Stick,,-,58,Yes,Bagless,6,50,,Cordless,-,,70,,3.82,7.68,11.89,9.7,19.51,30.2,,5.29,2.4,,Yes,No,Yes,Yes,No,Yes,No,Yes,,4,120,,,,,,,,Product Link,$499.00,Yes,3.9,876,https://store.tineco.com/products/tineco-pure-one-station-smart-cordless-stick-vacuum-cleaner,$499.00
Tineco,A11 Pet,https://www.amazon.com/dp/B09NBCTK79?tag=rsvacuum-20,Handheld,,-,450,Yes,Bagless,0.6,35,,Cordless,-,,79,,10.43,43.58,8.43,26.49,110.69,21.41,,5.6,2.54,,Yes,Yes,Yes,Yes,No,Yes,No,Yes,,1,120,,,,,,,,Product Link,$199.90,Yes,3.7,735,https://store.tineco.com/products/tineco-a11-pet-stick-handheld-vacuum-cleaner,$289.99
Tineco,Floor ONE S5 Combo,https://www.amazon.com/dp/B092CSJP6R?tag=rsvacuum-20,Dry Wet,,-,350,Yes,Bagless,0.5,20,,Cordless,-,,78,,11.26,10.08,43.31,28.6,25.6,110.01,,8.4,3.81,,Yes,Yes,No,Yes,Yes,Yes,No,Yes,,7.2,120,,,,,,,,Product Link,$329.90,Yes,4.1,"7,547",https://store.tineco.com/products/tineco-floor-one-s5-cordless-lightweight-smart-wet-dry-vacuum-cleaner,$329.99
Tineco,Floor ONE S5 Pro 2,https://www.amazon.com/dp/B09QFWWN3V?tag=rsvacuum-20,Dry Wet,,-,600,No,Bagless,0.8,35,,Cordless,-,,78,,10.75,10.24,43.31,27.31,26.01,110.01,,9.9,4.49,,No,No,No,No,No,No,No,Yes,,2.5,120,,,,,,,,Product Link,$499.90,Yes,4.1,"7,547",https://store.tineco.com/products/tineco-floor-one-s5-pro-2-smart-wet-dry-vacuum-cleaner,$599.99
Tineco,Floor ONE S5 Steam,https://www.amazon.com/dp/B09QFHPPZD?tag=rsvacuum-20,Upright,,-,800,No,Bagless,0.75,-,,Corded,26,,80,,12.6,11.8,43.3,32,29.97,109.98,,22.33,10.13,,No,No,No,No,Yes,Yes,No,Yes,,6.7,120,,,,,,,,Product Link,$399.00,Yes,4.1,"1,287",https://store.tineco.com/products/tineco-floor-one-s5-steam-smart-wet-dry-vacuum-cleaner-with-steam,$299.00
Tineco,iFLOOR 5 Steam,https://www.amazon.com/dp/B0D816L1GP?tag=rsvacuum-20,Dry Wet,,-,1300,No,Bagless,0.75,-,,Corded,20.3,,80,,12.6,11.8,43.3,32,29.97,109.98,,22.8,10.34,,No,No,No,No,Yes,Yes,No,No,,-,120,,,,,,,,Product Link,$299.00,Yes,4.1,"1,287",-,-
Tineco,Floor ONE S7 Steam,https://www.amazon.com/dp/B0CCD4S9QR?tag=rsvacuum-20,Dry Wet,,-,1400,No,Bagless,0.8,35,,Cordless,-,,80,,12.5,12.36,30,31.75,31.39,76.2,,21.4,9.71,,No,No,No,No,Yes,Yes,No,Yes,,10,25,,,,,,,,Product Link,$599.90,Yes,4.1,"1,287",https://store.tineco.com/products/tineco-floor-one-s7-steam-smart-wet-dry-vacuum-cleaner,$599.00
Tineco,A10 Essentials,https://www.amazon.com/dp/B09N8NSNCH?tag=rsvacuum-20,Stick,,17,450,Yes,Bagless,0.4,25,,Cordless,-,,75,,8.31,9.29,43.31,21.11,23.6,110.01,,4.5,2.04,,Yes,Yes,Yes,Yes,Yes,Yes,No,Yes,,3.7,120,,,,,,,,Product Link,$159.99,Yes,4,985,-,-
Tineco,Floor ONE Switch S6,https://www.amazon.com/dp/B0CTKK2Y2Q?tag=rsvacuum-20,Dry Wet,,-,150,Yes,Bagless,0.5,65,,Cordless,-,,78,,10,10.43,43.31,25.4,26.49,110.01,,9.5,4.31,,Yes,Yes,No,Yes,Yes,Yes,No,Yes,,-,120,,,,,,,,Product Link,$499.00,Yes,4.2,463,https://store.tineco.com/products/tineco-floor-one-switch-s6-wet-dry-vacuum-cleaner,$649.00
Tineco,Floor ONE Stretch S6,https://www.amazon.com/dp/B0CVXLXGRP?tag=rsvacuum-20,Dry Wet,,-,120,Yes,Bagless,0.72,40,,Cordless,-,,78,,8.67,10.51,43.31,22.02,26.7,110.01,,9.92,4.5,,No,No,No,No,Yes,Yes,No,Yes,,-,120,,,,,,,,Product Link,$479.00,Yes,4.2,463,https://store.tineco.com/products/tineco-floor-one-stretch-s6-wet-dry-vacuum-cleaner,$479.00
Tineco,Floor ONE S7 Stretch (Amazon's Choice),https://www.amazon.com/dp/B0DPPLWYGX?tag=rsvacuum-20,Dry Wet,,21,180,Yes,Bagless,1,50,,Cordless,-,,78,,12.64,28.03,10.94,32.11,71.2,27.79,,16.53,7.5,,No,No,No,No,Yes,Yes,No,Yes,,3.6,25,,,,,,,,Product Link,$699.00,Yes,4.6,20,https://store.tineco.com/products/tineco-floor-one-s7-stretch-ultra-cordless-wet-dry-vacuum-cleaner,$649.00
Tineco,A30S,https://www.amazon.com/dp/B0D1CB5KK8?tag=rsvacuum-20,Stick,,20,500,Yes,Bagless,1,60,,Cordless,-,,67.1,,13.58,10.24,46.38,34.49,26.01,117.81,,6.99,3.17,,Yes,Yes,No,Yes,Yes,Yes,No,Yes,,-,120,,,,,,,,Product Link,$179.00,Yes,4.1,"3,768",https://store.tineco.com/products/tineco-a30s-cordless-stick-vacuum-cleaner,$179.00
Tineco,Pure ONE A50S,https://www.amazon.com/dp/B0D6W9FB7D?tag=rsvacuum-20,Stick,,-,500,Yes,Bagless,1,70,,Cordless,-,,67.1,,11.3,26.38,6.26,28.7,67.01,15.9,,7.04,3.19,,Yes,Yes,No,Yes,Yes,Yes,No,Yes,,-,25,,,,,,,,Product Link,$329.00,Yes,4.1,"3,768",https://store.tineco.com/products/tineco-pure-one-a50s-cordless-stick-vacuum-cleaner,$279.00
Tineco,Pure ONE S15,https://www.amazon.com/dp/B09X2WH7XM?tag=rsvacuum-20,Stick,,11.5,500,Yes,Bagless,0.47,40,,Cordless,-,,78,,11,11.14,45,27.94,28.3,114.3,,6.8,3.08,,Yes,Yes,No,Yes,Yes,Yes,No,Yes,,7.2,120,,,,,,,,Product Link,$399.99,Yes,3.7,637,https://us.tineco.com/products/pure-one-s15-essentials.html,-
TOPINCN,,,,,,,,,,,,,,,,,,,,,,,,,,,,,,,,,,,,,,,,,,,,,,,,,,,
TOPINCN,TOPINCNs1by2u5aer-12,https://www.amazon.com/dp/B0CBNG3V39?tag=rsvacuum-20,Robot,,-,-,No,Bagless,-,120,,Cordless,-,,60,,9.1,9.1,2.4,23.11,23.11,6.1,,2.56,1.16,,No,No,No,No,No,Yes,No,No,,-,4,,,No,No,No,Yes,Yes,Product Link,$55.37,Yes,2.7,3,-,-
TOPINCN,TOPINCNyidoek075w,https://www.amazon.com/dp/B0CB1WNNCS?tag=rsvacuum-20,Robot,,-,-,No,Bagless,-,70,,Cordless,-,,-,,-,-,-,-,-,-,,1.32,0.6,,No,No,No,No,No,No,No,No,,-,14,,-,No,No,No,Yes,Yes,Product Link,$22.89,Yes,1,1,-,-
TOPINCN,TOPINCN4inespud6h,https://www.amazon.com/dp/B0BW831H6Z?tag=rsvacuum-20,Robot,,-,9W,No,Bagless,0.4,150,,Cordless,-,,-,,-,-,-,-,-,-,,0.04,0.02,,No,No,No,No,No,No,No,No,,-,4,,-,No,No,No,Yes,Yes,Product Link,$81.73,Yes,3,12,-,-
TOPINCN,TOPINCNzd7xhyukg8,https://www.amazon.com/dp/B0C7N9GMNQ?tag=rsvacuum-20,Robot,,2,9W,No,Bagless,0.5,80,,Cordless,-,,70,,9.1,9.1,2.4,23.11,23.11,6.1,,3.49,1.58,,No,No,No,No,No,No,No,No,,-,-,,-,No,No,No,Yes,No,Product Link,$82.11,Yes,2,1,-,-
TOPINCN,Topincn09pn7wytgb,https://www.amazon.com/dp/B0DZ35GFVL?tag=rsvacuum-20,Robot,,-,16W,No,Bagless,0.34,90,,Cordless,-,,65,,16.53,16.92,5.51,41.99,42.98,14,,2.54,1.15,,No,No,No,No,No,No,No,No,,-,-,,-,No,No,No,Yes,Yes,Product Link,$58.76,Yes,-,-,-,-
TOPINCN,TOPINCNyfdk5spt3z,https://www.amazon.com/dp/B0DHYHYYSJ?tag=rsvacuum-20,Robot,,1.8,16W,No,Bagless,0.3,90,,Cordless,-,,65,,16.53,16.92,5.51,41.99,42.98,14,,8.38,3.8,,No,No,No,No,No,No,No,No,,-,-,,-,No,No,No,Yes,Yes,Product Link,$289.35,Yes,-,-,-,-
TOPINCN,TOPINCNjhnbgfzx,https://www.amazon.com/dp/B0D2QJZYRF?tag=rsvacuum-20,Mattress,,-,-,No,Bagless,-,-,,Cordless,-,,-,,-,-,-,-,-,-,,2.5,1.13,,No,No,No,No,No,Yes,No,No,,-,-,,,,,,,,Product Link,$71.42,Yes,4,4,-,-
TOPINCN,TOPINCNx1ounmpt85-12,https://www.amazon.com/dp/B0DHYK57HW?tag=rsvacuum-20,Robot,,-,16W,No,Bagless,0.3,90,,Cordless,-,,65,,16.53,18.89,5.51,41.99,47.98,14,,9.04,4.1,,No,No,No,No,No,No,No,Yes,,-,-,,-,Yes,No,No,Yes,No,Product Link,$341.72,Yes,-,-,-,-
TOPINCN,TOPINCN6dtsknh748-12,https://www.amazon.com/dp/B0BM4LMKX3?tag=rsvacuum-20,Handheld,,12,-,No,Bagless,-,-,,Cordless,-,,70,,-,-,-,-,-,-,,0.04,0.02,,No,No,No,No,No,Yes,No,No,,-,7,,,,,,,,Product Link,$27.18,Yes,3.6,7,-,-
TOPINCN,TOPINCN6dtsknh748-11,https://www.amazon.com/dp/B0BM4LTMPF?tag=rsvacuum-20,Handheld,,12,-,No,Bagless,-,-,,Cordless,-,,70,,-,-,-,-,-,-,,0.04,0.02,,No,No,No,No,No,Yes,No,No,,-,7,,,,,,,,Product Link,$28.39,Yes,3.5,17,-,-
TOPINCN,TOPINCNagivm3zn6u-12,https://www.amazon.com/dp/B0DHYGS5QT?tag=rsvacuum-20,Robot,,1.8,16W,No,Bagless,0.3,90,,Cordless,-,,65,,16.53,18.89,3.2,41.99,47.98,8.13,,9.04,4.1,,No,No,No,No,No,No,No,Yes,,-,-,,-,Yes,No,No,No,No,Product Link,$16.29,Yes,3.3,3,-,-
TP-Link,,,,,,,,,,,,,,,,,,,,,,,,,,,,,,,,,,,,,,,,,,,,,,,,,,,
Tapo,RV30 Max,https://www.amazon.com/dp/B0DH9442G2?tag=rsvacuum-20,Robot,,5.3,45,Yes,Bagless,0.3,150,,Cordless,-,,52,,13,13,3.9,33.02,33.02,9.91,,5.4,2.45,,No,No,No,No,No,Yes,No,Yes,,-,100-240,,-,Yes,No,Yes,Yes,Yes,Product Link,$169.99,Yes,4.4,308,https://www.tp-link.com/us/smart-home/robot-vacuum/tapo-rv30-max/,-
Tapo,RV30 Max Plus (Amazon's Choice),https://www.amazon.com/dp/B0DGRJKDKC?tag=rsvacuum-20,Robot,,5.3,45,Yes,Bagged,3,150,,Cordless,-,,52,,13,13,3.9,33.02,33.02,9.91,,18.61,8.44,,No,No,No,No,No,Yes,No,Yes,,-,100–120,,3,Yes,Yes,Yes,Yes,Yes,Product Link,$249.99,Yes,4.4,308,https://www.tp-link.com/us/smart-home/robot-vacuum/tapo-rv30-max-plus/,$249.99
Tapo,RV20 MAX Plus (Amazon's Choice),https://www.amazon.com/dp/B0DGRKFT5P?tag=rsvacuum-20,Robot,,5.3,45,Yes,Bagged,3,180,,Cordless,-,,52,,13,13,3.27,33.02,33.02,8.31,,16.42,7.45,,No,No,No,No,No,Yes,No,Yes,,-,100–120,,3,Yes,Yes,Yes,Yes,Yes,Product Link,$199.99,Yes,4.1,645,https://www.tp-link.com/us/smart-home/robot-vacuum/tapo-rv20-max-plus/,$199.99
Tapo,RV20 Max (Amazon's Choice),https://www.amazon.com/dp/B0DH96V16H?tag=rsvacuum-20,Robot,,5.3,45,Yes,Bagless,0.3,180,,Cordless,-,,52,,13,13,3.3,33.02,33.02,8.38,,11.82,5.36,,No,No,No,No,No,Yes,No,Yes,,-,100–120,,-,Yes,No,Yes,Yes,Yes,Product Link,$149.99,Yes,4.1,645,https://www.tapo.com/ph/product/robot-vacuum/tapo-rv20-max/,-
Trouray,,,,,,,,,,,,,,,,,,,,,,,,,,,,,,,,,,,,,,,,,,,,,,,,,,,
Trouray,TR2312JN (Amazon's Choice),https://www.amazon.com/dp/B0DR9BKKZ1?tag=rsvacuum-20,Ash,,-,800,Yes,Bagless,9.8,-,,Corded,-,,73,,11,8,5,27.94,20.32,12.7,,6,2.72,,No,No,No,Yes,No,Yes,No,No,,,120,,-,-,-,-,-,-,Product Link,$59.99,Yes,4.3,174,,
Trouray,BJC2281L,https://www.amazon.com/dp/B0DQ7BBC3L?tag=rsvacuum-20,Stick,,-,100,Yes,Bagless,0.23,-,,Corded,-,,-,,13,5.2,18,33.02,13.21,45.72,,2,0.91,,Yes,No,No,Yes,No,Yes,No,No,,,120,,-,-,-,-,-,-,Product Link,$42.74,Yes,3.8,230,,
Trucozie,,,,,,,,,,,,,,,,,,,,,,,,,,,,,,,,,,,,,,,,,,,,,,,,,,,
Trucozie,T351,https://www.amazon.com/dp/B0DF2N9HKX?tag=rsvacuum-20,Stick,,40,200,Yes,Bagless,0.6,45,,Cordless,-,,75,,8.35,9.84,45.47,21.21,24.99,115.49,,7.92,3.59,,Yes,Yes,Yes,Yes,Yes,Yes,No,Yes,,-,-,,,,,,,,Product Link,$99.99,Yes,4.2,327,https://trucozie.shop/#choose-your-trucozie-vacuum-cleaner,-
Trucozie,T352,https://www.amazon.com/dp/B0D9QPN23D?tag=rsvacuum-20,Stick,,45,250,Yes,Bagless,0.7,50,,Cordless,-,,70,,12.6,16.93,7.48,32,43,19,,8.27,3.75,,Yes,Yes,Yes,Yes,Yes,Yes,No,Yes,,0.5,120,,,,,,,,Product Link,$129.99,Yes,4.1,722,https://trucozie.shop/#choose-your-trucozie-vacuum-cleaner,-
Trucozie,HT350US (Amazon's Choice),https://www.amazon.com/dp/B0FX9GWHCH?tag=rsvacuum-20,Stick,,28,-,Yes,Bagless,0.7,45,,Cordless,-,,-,,16,11,45,40.64,27.94,114.3,,5,2.27,,Yes,No,No,Yes,Yes,Yes,No,Yes,,-,230,,-,-,-,-,-,-,Product Link,$89.99,Yes,4.5,257,,
Trucozie,T550US (Amazon's Choice),https://www.amazon.com/dp/B0F65VF1FR?tag=rsvacuum-20,Stick,,-,-,Yes,Bagless,0.6,50,,Cordless,-,,-,,16.9,11.2,,42.93,28.45,0,,5,2.27,,Yes,No,No,Yes,Yes,Yes,No,Yes,,-,230,,-,-,-,-,-,-,Product Link,$99.99,Yes,4.2,425,,
Trucozie,T553 (Amazon's Choice),https://www.amazon.com/dp/B0FRMZ6YN7?tag=rsvacuum-20,Stick,,60,,Yes,Bagless,3.4,40,,Cordless,-,,78,,16.93,10.6,,43,26.92,0,,6.92,3.14,,Yes,No,No,Yes,Yes,Yes,No,Yes,,-,120,,-,-,-,-,-,-,Product Link,$119.68,Yes,4.3,113,,
UBPET,,,,,,,,,,,,,,,,,,,,,,,,,,,,,,,,,,,,,,,,,,,,,,,,,,,
UBPET,V10,https://www.amazon.com/dp/B0DQ879LQK?tag=rsvacuum-20,Robot,,22,-,Yes,Bagless,0.3,50,,Cordless,-,,68,,11.7,12,4.3,29.72,30.48,10.92,,8.82,4,,No,No,No,No,Yes,Yes,No,Yes,,-,4,,-,Yes,No,Yes,Yes,Yes,Product Link,$279.00,Yes,4,147,https://ubpet.ubtrobot.com/#/vacuum,-
UBPET,V11,https://www.amazon.com/dp/B0DQ88VXQF?tag=rsvacuum-20,Robot,,22,-,Yes,Bagless,0.3,70,,Cordless,-,,60,,11.7,12.4,4.3,29.72,31.5,10.92,,9.7,4.4,,No,No,No,No,No,Yes,No,Yes,,-,25,,-,Yes,No,Yes,No,Yes,Product Link,$279.00,Yes,4,147,-,-
Ultenic,,,,,,,,,,,,,,,,,,,,,,,,,,,,,,,,,,,,,,,,,,,,,,,,,,,
Ultenic,AC1 Elite,https://www.amazon.com/dp/B0FHBMPR57?tag=rsvacuum-20,Dry Wet,,-,230,Yes,Bagless,0.65,50,,Cordless,-,,68,,10.82,8.6,43.3,27.48,21.84,109.98,,9.48,4.3,,Yes,No,No,No,No,Yes,No,Yes,,-,29,,-,-,-,-,-,-,Product Link,$219.99,Yes,4.7,548,,
Ultenic,U18 Pro (Amazon's Choice),https://www.amazon.com/dp/B0GHN2T1ZT?tag=rsvacuum-20,Stick,,55,650,Yes,Bagless,1.8,80,,Cordless,-,,62,,14.37,5.12,45.67,36.5,13,116,,7.36,3.34,,Yes,No,No,No,Yes,Yes,No,Yes,,,30,,-,-,-,-,-,-,Product Link,$125.99,Yes,4.8,354,,
Ultenic,U16 Flex,https://www.amazon.com/dp/B0CZNTRLJB?tag=rsvacuum-20,Stick,,50,600,Yes,Bagless,1.2,60,,Cordless,-,,68,,9.84,9.06,4.88,24.99,23.01,12.4,,5.95,2.7,,Yes,No,No,No,Yes,Yes,No,Yes,,,30,,-,-,-,-,-,-,Product Link,$117.46,Yes,4.4,"5,780",,
UOTKD,,,,,,,,,,,,,,,,,,,,,,,,,,,,,,,,,,,,,,,,,,,,,,,,,,,
UOTKD,P11,https://www.amazon.com/dp/B0GNT4WVNR?tag=rsvacuum-20,Stick,,55,650,Yes,Bagless,2,65,,Cordless,-,,62,,14,7,48,35.56,17.78,121.92,,7,3.18,,Yes,No,Yes,No,Yes,Yes,No,Yes,,-,30,,-,-,-,-,-,-,Product LInk,$169.99,Yes,4.8,98,,
Vacmaster,,,,,,,,,,,,,,,,,,,,,,,,,,,,,,,,,,,,,,,,,,,,,,,,,,,
Vacmaster,VFB511B 0201,https://www.amazon.com/dp/B074BR5RV9?tag=rsvacuum-20,Canister,,-,6,No,Bagless,18.9,-,,Corded,18,,62,,12.5,17.1,17.1,31.75,43.43,43.43,,15.63,7.09,,Yes,Yes,No,Yes,No,Yes,No,No,,11,120,,,,,,,,Product Link,$78.30,Yes,4.5,"8,171",https://vacmaster.com/wet-dry-vacuums/vacmaster-pro/5-gallon-5-5-peak-hp-wet-dry-vacuum/,$109.99
Vacmaster,VFB511H 0201,https://www.amazon.com/dp/B0D2D3CGV8?tag=rsvacuum-20,Dry Wet,,-,1320,No,Bagged,18.93,-,,Corded,18,,72,,13.4,18.6,16.5,34.04,47.24,41.91,,15.4,6.99,,Yes,No,No,Yes,No,Yes,No,No,,11,120,,,,,,,,Product Link,$109.99,Yes,4.5,"8,171",https://vacmaster.com/products/5-gallon-6-peak-hp-wet-dry-vacuum-beast-series-vfb511h-0201/,-
Vacmaster,VJF912PF 0201,https://www.amazon.com/dp/B08YP3K5QK?tag=rsvacuum-20,Dry Wet,,-,350,No,Bagless,34.07,-,,Corded,10,,-,,19.4,-,23.5,49.28,-,59.69,,14.1,6.4,,No,No,No,Yes,No,Yes,No,No,,12,120,,,,,,,,Product Link,-,No,4.3,20,https://vacmaster.com/wet-dry-vacuums/vacmaster-pro/9-gallon-4-5-peak-hp-wet-dry-vacuum/,-
Vacmaster,VJH1211PF 0201,https://www.amazon.com/dp/B074BR7RLG?tag=rsvacuum-20,Canister,,-,1416,No,Bagless,45.42,-,,Corded,20,,69,,19.4,-,22.1,49.28,-,56.13,,20,9.07,,Yes,No,No,No,No,Yes,No,No,,10.5,120,,,,,,,,Product Link,$124.09,Yes,4.4,"4,152",https://vacmaster.com/wet-dry-vacuums/vacmaster-pro/12-gallon-5-5-peak-hp-wet-dry-vacuum/,$149.99
Vacmaster,VJH1612PF 0201,https://www.amazon.com/dp/B074BP1MQ8?tag=rsvacuum-20,Canister,,-,120,No,Bagless,60.57,-,,Corded,20,,69,,19.8,19.8,23.8,50.29,50.29,60.45,,29,13.15,,Yes,No,No,No,No,Yes,No,No,,12,120,,,,,,,,Product Link,$129.99,Yes,4.4,"4,152",https://vacmaster.com/wet-dry-vacuums/vacmaster-pro/16-gallon-6-5-peak-hp-wet-dry-vacuum/,$179.99
Vacmaster,VJE1412SW 0201,https://www.amazon.com/dp/B07BFTXNBZ?tag=rsvacuum-20,Dry Wet,,20.7,4847,No,Bagless,53,-,,Corded,20,,72.4,,20.05,20.28,29.72,50.93,51.51,75.49,,28,12.7,,Yes,Yes,No,Yes,No,Yes,No,No,,11,120,,,,,,,,Product Link,$179.00,Yes,4.4,"1,405",https://vacmaster.com/wet-dry-vacuums/vacmaster-pro/14-gallon-6-5-peak-hp-stainless-steel-wet-dry-vacuum/,$229.99
Vacmaster,VK609PFR 0201 (Amazon's Choice),https://www.amazon.com/dp/B09Z2QS25P?tag=rsvacuum-20,Dry Wet,,21.9,4101,Yes,Bagless,22.7,-,,Corded,33,,72,,14.88,20.24,23.03,37.8,51.41,58.5,,27.8,12.61,,Yes,Yes,No,Yes,Yes,Yes,No,No,,10,120,,,,,,,,Product Link,$159.00,Yes,4.1,"3,416",https://vacmaster.com/accessories-0ld/6-gallon-5-5-peak-hp-3-in-1-wet-dry-upholstery-shampoo-vacuum-cleaner/,-
Vacmaster,VK809PWR 0201,https://www.amazon.com/dp/B09Z2R9Y5D?tag=rsvacuum-20,Canister,,-,1080,No,Bagged,30.28,-,,Corded,20,,78,,18.4,24.1,15.3,46.74,61.21,38.86,,28,12.7,,Yes,Yes,No,Yes,No,Yes,No,No,,5,120,,,,,,,,Product Link,$169.00,Yes,4.1,"3,416",https://vacmaster.com/specialty/8-gallon-5-5-peak-hp-3-in-1-wet-dry-upholstery-shampoo-vac/,-
Vacmaster,VK811PH,https://www.amazon.com/dp/B007ULBA4W?tag=rsvacuum-20,Canister,,-,1320,Yes,Bagged,30.28,-,,Corded,30,,79,,16,16,24,40.64,40.64,60.96,,19.4,8.8,,Yes,Yes,No,Yes,No,Yes,No,No,,11,120,,,,,,,,Product Link,$161.02,Yes,4.2,"1,193",https://vacmaster.com/wet-dry-vacuums/vacmaster-pro/8-gallon-11amp-hepa-vacuum/,$289.99
Vacmaster,VOM205P 1101 (Amazon's Choice),https://www.amazon.com/dp/B08D646L23?tag=rsvacuum-20,Dry Wet,,12,1490,No,Bagless,9.46,-,,Corded,10,,65,,11.54,11.54,13.58,29.31,29.31,34.49,,6.16,2.79,,Yes,No,No,No,No,Yes,No,No,,5.5,120,,,,,,,,Product Link,$40.75,Yes,4.4,"5,213",https://vacmaster.com/vacmaster-2-5-gallon-2-peak-hp-wall-mountable-wet-dry-vacuum-vom205p-1101/,-
Vacmaster,VHB305M 1101 (Amazon's Choice),https://www.amazon.com/dp/B09TP913K7?tag=rsvacuum-20,Dry Wet,,12.9,412,No,Bagless,12.1,-,,Corded,12,,72,,9.05,13.78,17.72,22.99,35,45.01,,10.4,4.72,,Yes,No,No,Yes,No,Yes,No,No,,5.5,120,,,,,,,,Product Link,$61.99,Yes,4.4,"3,322",https://vacmaster.com/products/vacmaster-3-2-gallon-2-5-peak-hp-wet-dry-vacuum-vhb305m-1101/,-
Vacmaster,VF408 1101,https://www.amazon.com/dp/B08F79T4BF?tag=rsvacuum-20,Dry Wet,,15.9,3729,Yes,Bagless,15.14,-,,Corded,18,,70,,12,17.32,17.32,30.48,43.99,43.99,,20.4,9.25,,Yes,Yes,Yes,Yes,No,Yes,Yes,No,,7,120,,,,,,,,Product Link,$80.99,Yes,4.3,"3,320",https://vacmaster.com/vacs-air-movers/wet-dry-vacs/4-gallon-5-peak-hp-rs-household-wet-dry-vacuum/,-
Vacmaster,VOC508S 1101 (Amazon's Choice),https://www.amazon.com/dp/B08P1M8NX2?tag=rsvacuum-20,Canister,,-,2980,No,Bagless,18.93,-,,Corded,10,,77,,13.2,13.38,21.85,33.53,33.99,55.5,,11.7,5.31,,Yes,No,No,Yes,No,Yes,No,No,,4.4,120,,,,,,,,Product Link,$74.99,Yes,4.6,"2,245",https://vacmaster.com/vacs-air-movers/wet-dry-vacs/5-gallon-4-peak-hp-household-wet-dry-vacuum-red-edition/,-
Vacmaster,VWMB508 1101 (Amazon's Choice),https://www.amazon.com/dp/B09C628NFC?tag=rsvacuum-20,Canister,,-,3725,No,Bagless,18.9,-,,Corded,20,,72,,14,22,21,35.56,55.88,53.34,,27.3,12.38,,Yes,No,No,Yes,No,Yes,No,No,,8,120,,,,,,,,Product Link,$128.00,Yes,4.5,526,https://vacmaster.com/products/vacmaster-5-gallon-5-peak-hp-remote-control-wall-mount-wet-dry-vac-vwmb508-1101,-
Vacmaster,VBVB611PF 1101 (Amazon's Choice),https://www.amazon.com/dp/B0989THQLK?tag=rsvacuum-20,Dry Wet,,17.4,3729,No,Bagless,22.7,-,,Corded,10,,80,,14,13,19,35.56,33.02,48.26,,13.45,6.1,,Yes,No,No,Yes,No,No,No,No,,11,120,,,,,,,,Product Link,$89.99,Yes,4.6,"8,439",https://vacmaster.com/products/vacmaster-6-gallon-wet-dry-vacuum-with-detachable-blower-vbvb611pf-1101/,-
Vacmaster,VOC812SF 1101 (Amazon's Choice),https://www.amazon.com/dp/B0D7PVW4NF?tag=rsvacuum-20,Dry Wet,,20.7,4474,No,Bagless,30.28,-,,Corded,10,,80,,14,14,20,35.56,35.56,50.8,,15.8,7.17,,Yes,Yes,No,Yes,No,Yes,No,No,,11.5,120,,,,,,,,Product Link,$100.00,Yes,4.6,"2,226",https://vacmaster.com/vacmaster-voc812sf-1101-8-gallon-premium-stainless-steel-wet-dry-vacuum-red-edition/,-
Vacmaster,VJH1211PF 1101,https://www.amazon.com/dp/B08CMS1YWV?tag=rsvacuum-20,Dry Wet,,14.9,4101,No,Bagless,45.42,-,,Corded,20,,78,,17.32,17.32,23.2,43.99,43.99,58.93,,24.5,11.11,,Yes,No,No,Yes,No,Yes,No,No,,11.8,120,,,,,,,,Product Link,$99.99,Yes,4.6,657,https://vacmaster.com/vacs-air-movers/wet-dry-vacs/12-gallon-5-5-peak-hp-rs-wet-dry-vacuum/,-
Vacmaster,VJH1612PF 1101 (Amazon's Choice),https://www.amazon.com/dp/B0DJSWPS35?tag=rsvacuum-20,Dry Wet,,-,4843,No,Bagged,60.6,-,,Corded,20,,77,,27.2,21.3,35.4,69.09,54.1,89.92,,25.8,11.7,,Yes,No,No,Yes,Yes,Yes,No,No,,12,120,,,,,,,,Product Link,$136.49,Yes,4.6,661,-,-
Vacmaster,VOC508S 1102,https://www.amazon.com/dp/B09GB3LQS8?tag=rsvacuum-20,Canister,,-,3725,No,Bagless,18.9,-,,Corded,10,,64,,22,14.3,20,55.88,36.32,50.8,,18.2,8.26,,Yes,No,No,Yes,No,Yes,No,No,,5,240,,,,,,,,Product Link,$118.01,Yes,4.2,211,-,-
Vacmaster,VP205,https://www.amazon.com/dp/B002I7J7LQ?tag=rsvacuum-20,Dry Wet,,-,1490,Yes,Bagless,9.46,-,,Corded,8,,69,,30,15,12,76.2,38.1,30.48,,6.19,2.81,,Yes,No,No,No,No,Yes,No,No,,5,120,,,,,,,,Product Link,$66.77,Yes,4.3,"2,037",https://vacmaster.com/holiday-deals/2-5-gallon-2-peak-hp-wet-dry-vacuum-vp205/,$49.99
Vacmaster,VF408,https://www.amazon.com/dp/B0023EY002?tag=rsvacuum-20,Canister,,-,3725,Yes,Bagless,15.14,-,,Corded,15,,72,,13.2,17.1,17.3,33.53,43.43,43.94,,17.2,7.8,,Yes,No,No,Yes,No,Yes,No,No,,7,120,,,,,,,,Product Link,-,No,4.2,"2,556",https://vacmaster.com/wet-dry-vacuums/4-gallon-5-peak-hp-household-wet-dry-vacuum/,$129.99
Vacmaster,VOC507PF 0101 (Amazon's Choice),https://www.amazon.com/dp/B0995L3THB?tag=rsvacuum-20,Dry Wet,,13.9,840,No,Bagless,18.9,-,,Corded,8,,72,,13,13,19.1,33.02,33.02,48.51,,10.41,4.72,,No,No,No,Yes,No,Yes,No,No,,7,120,,,,,,,,Product Link,$54.99,Yes,4.5,"2,420",https://vacmaster.com/wet-dry-vacuums/5-gallon-3-peak-hp-wet-dry-vacuum/,$69.99
Vacmaster,VOC809PF (Amazon's Choice),https://www.amazon.com/dp/B088K9P1PC?tag=rsvacuum-20,Dry Wet,,-,2984,No,Bagless,30.3,-,,Corded,10,,72,,15.77,16.91,24.5,40.06,42.95,62.23,,13.01,5.9,,No,No,No,Yes,No,Yes,No,No,,9,120,,,,,,,,Product Link,$71.99,Yes,4.5,"2,420",https://vacmaster.com/8-gallon-4-peak-hp-wet-dry-vacuum/,-
Vacmaster,VJC507P,https://www.amazon.com/dp/B00WSZL04K?tag=rsvacuum-20,Dry Wet,,-,2235,No,Bagless,18.9,-,,Corded,8,,80,,13.5,15,20,34.29,38.1,50.8,,11.46,5.2,,Yes,No,No,Yes,No,Yes,No,No,,7,120,,,,,,,,Product Link,$56.52,Yes,4.4,"2,066",https://vacmaster.com/wet-dry-vacuums/5-gallon-3-peak-hp-lightweight-wet-dry-vacuum/,$64.99
Vacmaster,VWM510,https://www.amazon.com/dp/B001O6RA6Q?tag=rsvacuum-20,Dry Wet,,-,3725,No,Bagless,18.9,-,,Corded,20,,74,,13.3,21.2,20.7,33.78,53.85,52.58,,25.1,11.39,,Yes,No,No,Yes,No,Yes,No,No,,8.5,120,,,,,,,,Product Link,$149.99,Yes,4.5,"1,594",https://vacmaster.com/5-gallon-5-peak-hp-remote-control-wall-mount-wet-dry-vacuum-vwm510/,$159.99
Vacmaster,VQ607SFD,https://www.amazon.com/dp/B003M2J3GK?tag=rsvacuum-20,Dry Wet,,20.7,2237,No,Bagless,22.7,-,,Corded,12,,80,,13.2,14.8,20.5,33.53,37.59,52.07,,15.87,7.2,,Yes,Yes,No,Yes,No,Yes,No,No,,7,120,,,,,,,,Product Link,$88.51,Yes,4.6,"2,529",https://vacmaster.com/6-gallon-3-peak-hp-stainless-steel-wet-dry-vacuum/,$99.99
Vacmaster,VBV1210,https://www.amazon.com/dp/B0023EY052?tag=rsvacuum-20,Dry Wet,,,3725,No,Bagless,45.4,-,,Corded,15,,80,,20.52,18.44,24.49,52.12,46.84,62.2,,20.5,9.3,,Yes,No,No,Yes,No,Yes,No,No,,10.5,120,,,,,,,,Product Link,$117.64,Yes,4.6,"8,453",https://vacmaster.com/holiday-deals/12-gallon-5-peak-hp-wet-dry-vacuum-with-detachable-blower-vbv1210/,$139.99
Vacmaster,VSJ01,https://www.amazon.com/dp/B08CF34DJV?tag=rsvacuum-20,Stick,,14,400,Yes,Bagless,0.5,-,,Corded,-,,70,,8,8,22,20.32,20.32,55.88,,3.7,1.68,,Yes,Yes,No,Yes,Yes,Yes,No,No,,3,120,,,,,,,,Product Link,$35.72,Yes,4.1,"2,406",-,-
Vacmaster,UC0101,https://www.amazon.com/dp/B08598YVFT?tag=rsvacuum-20,Upright,,17,600,No,Bagless,2,-,,Corded,20,,75,,13.5,14.9,22.8,34.29,37.85,57.91,,11.5,5.22,,Yes,Yes,No,Yes,No,Yes,No,No,,10,120,,,,,,,,Product Link,$74.99,Yes,4.1,"3,477",https://vacmaster.com/floor-care/lightweight-bagless-upright-vacuum/,-
Vacmaster,UC0501,https://www.amazon.com/dp/B0C2H1SJSJ?tag=rsvacuum-20,Upright,,-,1000,Yes,Bagless,1.5,-,,Corded,17,,80,,11,10,22,27.94,25.4,55.88,,11,4.99,,Yes,Yes,Yes,Yes,No,Yes,No,No,,8,120,,,,,,,,Product Link,$64.99,Yes,4.1,"3,477",https://vacmaster.com/products/respira-bagless-upright-vacuum-cleaner/,-
Vacmaster,VSD1801 (Amazon's Choice),https://www.amazon.com/dp/B085G288S6?tag=rsvacuum-20,Stick,,9,120,Yes,Bagless,0.6,30,,Cordless,-,,70,,13,18,34,33.02,45.72,86.36,,5,2.27,,Yes,No,No,No,Yes,Yes,No,Yes,,2.2,18,,,,,,,,Product Link,$79.98,Yes,4.3,"1,005",https://vacmaster.com/18v-swivel-stick-cordless-2-in-1-stick-hand-vacuum/,-
Vacmaster,VH105,https://www.amazon.com/dp/B00LO7NMFS?tag=rsvacuum-20,Dry Wet,,-,1491,No,Bagless,5.7,-,,Corded,6,,79,,8.19,9.65,11.89,20.8,24.51,30.2,,5.18,2.35,,Yes,Yes,No,No,No,Yes,No,No,,5,120,,,,,,,,Product Link,$60.09,Yes,4.4,145,https://vacmaster.com/1-5-gallon-2-peak-hp-wet-dry-vacuum-vh105/,-
Vacmaster,VSD1001 (Amazon's Choice),https://www.amazon.com/dp/B0DFLNKMX4?tag=rsvacuum-20,Stick,,-,120,Yes,Bagless,0.6,24,,Cordless,-,,70,,10.04,23.35,7.99,25.5,59.31,20.29,,4.43,2.01,,No,No,No,No,Yes,No,No,Yes,,10.8,-,,,,,,,,Product Link,$69.98,Yes,4.3,"1,005",https://vacmaster.com/products/vacmaster-10-8v-2-in-1-cordless-stick-vacuum/,-
Vacmaster,UB0302E (Amazon's Choice),https://www.amazon.com/dp/B0CWGGJY1R?tag=rsvacuum-20,Upright,,-,,Yes,Bagged,2.6,-,,Corded,25,,78,,26,12,12,66.04,30.48,30.48,,5.8,2.63,,Yes,Yes,Yes,Yes,Yes,Yes,No,No,,-,120,,,,,,,,Product Link,$104.99,Yes,4.1,76,https://vacmaster.com/floor-care/captura-bagged-upright-vacuum-cleaner/,
Vacmaster,UB0402 (Amazon's Choice),https://www.amazon.com/dp/B0DV94V9TJ?tag=rsvacuum-20,Upright,,-,,No,Bagged,14,-,,Corded,31.5,,78,,6,13,35,15.24,33.02,88.9,,11,4.99,,No,No,No,No,No,No,No,Yes,,-,120,,,,,,,,Product Link,$119.59,Yes,4.1,76,https://vacmaster.com/products/vacmaster-ultra-lightweight-bagged-upright-vacuum/,-
Vacmaster,SCB301,https://www.amazon.com/dp/B0D3GL1KR2?tag=rsvacuum-20,Handheld,,15,420,No,Bagless,1.6,-,,Corded,15,,72,,6,12.6,11.8,15.24,32,29.97,,8.7,3.95,,No,Yes,No,No,No,No,No,No,,3.5,120,,,,,,,,Product Link,$73.08,Yes,4.4,658,https://vacmaster.com/products/vacmaster-400-series-portable-carpet-cleaner/,-
Vacmaster,V10i (Amazon's Choice),https://www.amazon.com/dp/B0DRJGJVFG?tag=rsvacuum-20,Robot,,3,-,Yes,Bagless,2,120,,Cordless,-,,80,,12.2,12.2,2.36,30.99,30.99,5.99,,19.98,9.06,,No,No,No,No,No,Yes,No,Yes,,-,120,,2,Yes,Yes,Yes,Yes,Yes,Product Link,$212.37,Yes,4.2,18,https://vacmaster.com/products/vacmaster-3-in-1-robot-vacuum-with-self-empty-station/,-
Vacmaster,CC0101,https://www.amazon.com/dp/B08596B6TP?tag=rsvacuum-20,Canister,,-,1013,Yes,Bagless,2.5,-,,Corded,16,,65,,12,12,17,30.48,30.48,43.18,,10.6,4.81,,Yes,Yes,No,Yes,Yes,Yes,Yes,No,,8.5,120,,,,,,,,Product Link,$81.51,Yes,4,"1,734",https://vacmaster.com/compact-bagless-canister-vacuum/,-
Vacmaster,EAV508S 1102,https://www.amazon.com/dp/B0DH25G3FP?tag=rsvacuum-20,Ash,,-,2608,No,Bagless,18.93,-,,Corded,10,,76,,13,13.3,14.1,33.02,33.78,35.81,,11.08,5.03,,No,No,No,No,No,Yes,No,No,,8,120,,,,,,,,Product Link,$68.56,Yes,4.1,512,https://vacmaster.com/products/5-gallon-ash-vac-eav508s-1102/,-
Vacmaster,EATC608S,https://www.amazon.com/dp/B01NAYWNDV?tag=rsvacuum-20,Ash,,-,960,No,Bagless,22.71,-,,Corded,-,,72,,13.4,13.4,19.95,34.04,34.04,50.67,,12.3,5.58,,No,No,No,No,No,No,No,No,,0.3,120,,,,,,,,Product Link,-,No,4.1,512,https://vacmaster.com/wet-dry-vacuums/ash-vac/6-gallon-8-amp-ash-vacuum/,$99.99
Vacmaster,VDK811PW 0201 (Amazon's Choice),https://www.amazon.com/dp/B0D2CXCBN4?tag=rsvacuum-20,Dry Wet,,20.9,3356,No,Bagless,30.28,-,,Corded,10,,72,,15.1,18.3,23.2,38.35,46.48,58.93,,19.5,8.85,,Yes,Yes,No,Yes,No,Yes,No,No,,11.5,120,,,,,,,,Product Link,$99.99,Yes,4.5,593,https://vacmaster.com/products/8-gallon-4-5-peak-hp-wet-dry-vacuum-with-self-cleaning-filter-system-vdk811pw-0201/,-
Vactidy,,,,,,,,,,,,,,,,,,,,,,,,,,,,,,,,,,,,,,,,,,,,,,,,,,,
Vactidy,Nimble T6,https://www.amazon.com/dp/B0C4LPYHMF?tag=rsvacuum-20,Robot,,2,3,Yes,Bagless,0.5,100,,Cordless,-,,60,,13,16,4,33.02,40.64,10.16,,5.38,2.44,,No,No,No,No,No,Yes,No,Yes,,-,240,,-,Yes,No,No,No,Yes,Product Link,$278.00,Yes,3.8,326,https://www.vactidy.com/product/robot-vacuum/t6/,$99.99
Vactidy,Nimble T7,https://www.amazon.com/dp/B0CD2982Y8?tag=rsvacuum-20,Robot,,2.8,28,No,Bagless,0.25,120,,Cordless,-,,60,,13,16,4,33.02,40.64,10.16,,5.95,2.7,,No,No,No,No,No,Yes,No,Yes,,-,15,,-,Yes,No,No,Yes,Yes,Product Link,$278.00,Yes,4,342,https://www.vactidy.com/product/robot-vacuum/nimble-t7/,$119.99
Vactidy,Nimble T8,https://www.amazon.com/dp/B0BQ34YVMF?tag=rsvacuum-20,Robot,,25,-,Yes,Bagless,0.25,100,,Cordless,-,,60,,16,13,5,40.64,33.02,12.7,,5.4,2.45,,No,No,No,No,No,Yes,No,Yes,,-,-,,-,Yes,No,No,Yes,Yes,Product Link,$199.99,Yes,3.9,503,https://www.vactidy.com/product/robot-vacuum/nimble-t8/,$139.99
Vactidy,Blitz V8,https://www.amazon.com/dp/B0B9NS4RVM?tag=rsvacuum-20,Stick,,2,200,Yes,Bagless,1.2,45,,Cordless,-,,78.8,,4.7,12.8,8.5,11.94,32.51,21.59,,6.61,3,,Yes,Yes,No,Yes,Yes,Yes,No,Yes,,2,240,,,,,,,,Product Link,-,No,3.8,"3,669",https://www.vactidy.com/product/cordless-vacuums-clean/blitz-v8/,$79.99
Vactidy,Blitz V8 Pro,https://www.amazon.com/dp/B0CL79KSYN?tag=rsvacuum-20,Stick,,2.5,160,Yes,Bagless,0.5,35,,Cordless,-,,70,,9.5,8.2,46.8,24.13,20.83,118.87,,4.7,2.13,,Yes,Yes,Yes,Yes,Yes,Yes,No,Yes,,-,120,,,,,,,,Product Link,-,No,3.4,82,https://www.vactidy.com/product/cordless-vacuums-clean/blitz-v8-pro/,$89.99
Vacusion,,,,,,,,,,,,,,,,,,,,,,,,,,,,,,,,,,,,,,,,,,,,,,,,,,,
Vacusion,VBS-02,https://www.amazon.com/dp/B0FV8L2ZXD?tag=rsvacuum-20,Stick,,55,650,Yes,Bagless,0.8,60,,Cordless,-,,-,,9.65,8.66,45.2,24.51,22,114.81,,8.38,3.8,,Yes,No,No,Yes,Yes,Yes,No,Yes,,-,26,,-,-,-,-,-,-,Product Link,$99.99,Yes,4.6,80,,
Vacusion,VBS-01,https://www.amazon.com/dp/B0FNRLKGSW?tag=rsvacuum-20,Stick,,-,150,Yes,Bagless,0.8,45,,Cordless,-,,76,,10.24,11.81,45.47,26.01,30,115.49,,5.86,2.66,,Yes,No,No,Yes,Yes,Yes,No,Yes,,-,26,,-,-,-,-,-,-,Product Link,$159.99,Yes,4.4,611,,
Vazone,,,,,,,,,,,,,,,,,,,,,,,,,,,,,,,,,,,,,,,,,,,,,,,,,,,
Vazone,R6X (Amazon's Choice),https://www.amazon.com/dp/B0F42LV85L?tag=rsvacuum-20,Stick,,20,220,Yes,Bagless,1,-,,Corded,16,,-,,7.09,17.32,5.51,18.01,43.99,14,,3.7,1.68,,Yes,No,No,No,No,Yes,No,No,,-,220,,,,,,,,Product Link,$199.99,Yes,-,-,-,-
Vevor,,,,,,,,,,,,,,,,,,,,,,,,,,,,,,,,,,,,,,,,,,,,,,,,,,,
Vevor,YLW6342,https://www.amazon.com/dp/B0CNSZJPVH?tag=rsvacuum-20,Canister,,18,1200,Yes,Bagless,18.93,-,,Corded,13.1,,80,,15.75,23.62,35.43,40.01,59.99,89.99,,8.88,4.03,,Yes,Yes,No,Yes,Yes,No,No,No,,-,120,,,,,,,,Product Link,$49.99,Yes,4.1,325,https://www.vevor.com/vacuum-cleaner-c_11407/vevor-shop-vacuum-wet-and-dry-5-gallon-6-peak-hp-wet-dry-vac-powerful-suction-with-blower-function-with-attachments-2-in-1-crevice-nozzle-small-shop-vac-perfect-for-carpet-debris-pet-hair-car-p_010595723132,$56.99
Vevor,YLW6342-20L,https://www.amazon.com/dp/B0D8PV2X9H?tag=rsvacuum-20,Canister,,-,1200,Yes,Bagless,20.82,-,,Corded,13.1,,70,,16.93,23.62,35.83,43,59.99,91.01,,9.6,4.35,,Yes,Yes,No,Yes,Yes,No,No,No,,-,120,,,,,,,,Product Link,$71.99,Yes,4.1,325,https://www.vevor.com/vacuum-cleaner-c_11407/vevor-stainless-steel-wet-dry-shop-vacuum-5-5-gallon-6-peak-hp-wet-dry-vac-powerful-suction-with-blower-function-with-attachments-2-in-1-crevice-nozzle-small-shop-vac-perfect-for-carpet-debris-pet-p_010430422705,$69.99
Vevor,YLW6342-30L,https://www.amazon.com/dp/B0D8PMW5BX?tag=rsvacuum-20,Canister,,18,1200,Yes,Bagless,30.28,-,,Corded,13.1,,70,,16.93,23.62,35.31,43,59.99,89.69,,10.6,4.81,,Yes,Yes,No,Yes,Yes,No,No,No,,-,120,,,,,,,,Product Link,$79.99,Yes,4.1,325,https://www.vevor.com/vacuum-cleaner-c_11407/vevor-stainless-steel-wet-dry-shop-vacuum-8-gallon-6-peak-hp-wet-dry-vac-powerful-suction-with-blower-function-with-attachments-2-in-1-crevice-nozzle-small-shop-vac-perfect-for-carpet-debris-pet-h-p_010266960534,$82.99
Vevor,VV-GSXCQ-10L (Amazon's Choice),https://www.amazon.com/dp/B0BNMYCQWS?tag=rsvacuum-20,Canister,,-,800,Yes,Bagless,9.84,-,,Corded,9.8,,77,,11.6,12,14.4,29.46,30.48,36.58,,7.1,3.22,,Yes,Yes,No,No,Yes,Yes,No,No,,7,120,,,,,,,,Product Link,$45.99,Yes,4.3,"2,026",https://www.vevor.com/vacuum-cleaner-c_11407/vevor-wet-dry-vac-shop-vac-2-6-gal-2-5-peak-hp-3-in-1-function-blower-portable-p_010865730493,$45.99
Vevor,VV-GSXCQ-15L (Amazon's Choice),https://www.amazon.com/dp/B0BNPNM7L1?tag=rsvacuum-20,Canister,,10,1200,Yes,Bagless,15.14,-,,Corded,9.8,,77,,12,18.5,16,30.48,46.99,40.64,,13,5.9,,Yes,Yes,No,No,Yes,Yes,No,No,,10,120,,,,,,,,Product Link,$60.68,Yes,4.3,"2,026",https://www.vevor.com/vacuum-cleaner-c_11407/vevor-wet-dry-vacuum-shop-vac-4-gallon-5-peak-hp-3-in-1-function-blower-portable-p_010797486220,$72.99
Vevor,K-601-15,https://www.amazon.com/dp/B0DYDSCPQL?tag=rsvacuum-20,Ash,,16,1200,Yes,Bagless,15.14,-,,Corded,8.2,,75,,12.2,12.2,11.81,30.99,30.99,30,,8.05,3.65,,Yes,Yes,No,Yes,No,Yes,No,No,,-,110,,,,,,,,Product Link,$54.99,Yes,4,53,https://www.vevor.com/vacuum-cleaner-c_11407/vevor-ash-vacuum-cleaner-4-gallon-with-1200w-powerful-suction-ash-vac-collector-with-47-2-in-flexible-hose-for-fireplaces-pellet-stoves-wood-stove-log-burner-grills-pizza-ovens-fire-pits-p_010998964267,$54.99
Vevor,K-601-20,https://www.amazon.com/dp/B0DF6WH33T?tag=rsvacuum-20,Ash,,-,1200,Yes,Bagless,18.93,-,,Corded,16.4,,75,,13.8,13.8,16.9,35.05,35.05,42.93,,9.5,4.31,,Yes,Yes,No,Yes,No,Yes,No,No,,-,110,,,,,,,,Product Link,$59.99,Yes,4,53,https://www.vevor.com/vacuum-cleaner-c_11407/vevor-ash-vacuum-cleaner-5-gallon-1200w-for-fireplaces-pellet-stoves-grills-bbq-p_010430295232,$59.99
Vevor,P870B (Amazon's Choice),https://www.amazon.com/dp/B0F5NSSTC1?tag=rsvacuum-20,Mattress,,18,550,Yes,Bagless,0.65,-,,Corded,-,,-,,9.1,10.6,8.3,23.11,26.92,21.08,,4.2,1.91,,No,No,No,No,No,Yes,No,No,,-,110,,,,,,,,Product Link,$51.29,Yes,4.5,2,https://www.vevor.com/vacuum-cleaner-c_11407/mattress-vacuum-cleaner-with-18kpa-powerful-suction-hepa-filter-550w-white-p_010281431375,$71.99
Vevor,K-902,https://www.amazon.com/dp/B0DFLXZ2FN?tag=rsvacuum-20,Ash,,10,150,Yes,Bagless,12,15,,Cordless,-,,70,,13.8,13.8,11.6,35.05,35.05,29.46,,6.6,2.99,,No,No,No,No,No,Yes,No,No,,-,18,,,,,,,,Product Link,$68.99,Yes,2.6,3,https://www.vevor.com/vacuum-cleaner-c_11407/vevor-ash-vacuum-cleaner-15l-10-kpa-for-fireplaces-pellet-stoves-grills-bbq-p_010602609572,$68.99
Vexilar,,,,,,,,,,,,,,,,,,,,,,,,,,,,,,,,,,,,,,,,,,,,,,,,,,,
Vexilar,V8PRO,https://www.amazon.com/dp/B0DJXTF9YK?tag=rsvacuum-20,Stick,,25,15,Yes,Bagless,0.5,35,,Cordless,-,,70,,12,16,5,30.48,40.64,12.7,,7,3.18,,Yes,Yes,No,Yes,Yes,No,No,Yes,,-,26,,,,,,,,Product Link,$119.99,Yes,4.5,116,https://www.vexilar.net/product/detail?id=10111,$99.99
Vexilar,V9PRO,https://www.amazon.com/dp/B0D4M91MTQ?tag=rsvacuum-20,Stick,,30,15,Yes,Bagless,0.5,45,,Cordless,-,,78,,12.5,16,5.5,31.75,40.64,13.97,,7,3.18,,Yes,Yes,No,Yes,Yes,No,No,Yes,,-,26,,,,,,,,Product Link,$59.99,Yes,4,274,https://www.vexilar.net/product/detail?id=10113,$99.99
Vexilar,T7,https://www.amazon.com/dp/B0D95TFYRQ?tag=rsvacuum-20,Robot,,2.8,-,Yes,Bagless,0.5,100,,Cordless,-,,60,,13,16,4.5,33.02,40.64,11.43,,7,3.18,,No,No,No,No,No,No,No,Yes,,-,11,,-,Yes,No,No,Yes,Yes,Product Link,$109.89,Yes,4.4,"1,420",https://www.vexilar.net/product/detail?id=10109,$119.99
VIOMI,,,,,,,,,,,,,,,,,,,,,,,,,,,,,,,,,,,,,,,,,,,,,,,,,,,
VIOMI,V2 Max,https://www.amazon.com/dp/B099F858MQ?tag=rsvacuum-20,Robot,,2.4,-,No,Bagless,0.55,180,,Cordless,-,,65-80,,18.75,16,5.75,47.63,40.64,14.61,,7.93,3.6,,No,No,No,No,No,No,No,Yes,,-,-,,-,Yes,No,Yes,Yes,Yes,Product Link,$77.14,Yes,4.1,75,,
VIOMI,V3 Max,https://www.amazon.com/dp/B0976YH2QF?tag=rsvacuum-20,Robot,,2.4,-,No,Bagless,0.2,300,,Cordless,-,,57-70,,13.98,13.98,4.13,35.51,35.51,10.49,,10,4.54,,No,No,No,No,No,Yes,No,Yes,,-,-,,-,Yes,No,Yes,Yes,Yes,Product Link,$84.08,Yes,3.9,297,,
VOKENE,,,,,,,,,,,,,,,,,,,,,,,,,,,,,,,,,,,,,,,,,,,,,,,,,,,
VOKENE,A27 (Amazon's Choice),https://www.amazon.com/dp/B0F1MZBQRG?tag=rsvacuum-20,Stick,,45,400,Yes,Bagless,1.5,45,,Cordless,-,,-,,8,7.09,17,20.32,18.01,43.18,,6.98,3.17,,Yes,Yes,No,No,No,Yes,No,Yes,,-,-,,-,-,-,-,-,-,Product Link,$69.99,Yes,4.4,651,,
Xiaomi,,,,,,,,,,,,,,,,,,,,,,,,,,,,,,,,,,,,,,,,,,,,,,,,,,,
Xiaomi,X20+,https://www.amazon.com/dp/B0CTCXKL52?tag=rsvacuum-20,Robot,,60,75,Yes,Bagless,0.43,140,,Cordless,-,,67,,13.78,13.78,3.82,35,35,9.7,,8.09,3.67,,No,No,No,No,No,Yes,No,Yes,,-,14,,4,Yes,Yes,Yes,Yes,Yes,Product Link,$759.99,Yes,4.4,"1,762",https://www.mi.com/global/product/xiaomi-robot-vacuum-x20-plus/,-
Xiaomi,S10+,https://www.amazon.com/dp/B0BW4KYHCV?tag=rsvacuum-20,Robot,,40,55,Yes,Bagless,0.45,120,,Cordless,-,,67,,13.78,13.78,3.82,35,35,9.7,,8.38,3.8,,No,No,No,No,No,Yes,No,Yes,,-,14,,-,Yes,No,Yes,Yes,Yes,Product Link,$499.99,Yes,4.3,"1,257",https://www.mi.com/global/product/xiaomi-robot-vacuum-s10-plus/,-
Xiaomi,E10C,https://www.amazon.com/dp/B0CPJJ8W4G?tag=rsvacuum-20,Robot,,35,35,No,Bagless,0.4,110,,Cordless,-,,60,,12.8,12.8,3.15,32.51,32.51,8,,9.86,4.47,,No,No,No,No,No,Yes,No,Yes,,-,14,,-,Yes,No,Yes,Yes,Yes,Product Link,$199.99,Yes,3.4,11,https://www.mi.com/global/product/xiaomi-robot-vacuum-e10c/,-
Xiaomi,E12,https://www.amazon.com/dp/B0CKWF4DN6?tag=rsvacuum-20,Robot,,40,35,Yes,Bagless,0.4,110,,Cordless,-,,70,,12.8,12.8,3.15,32.51,32.51,8,,10.21,4.63,,No,No,No,No,No,Yes,No,Yes,,-,14,,-,Yes,No,Yes,Yes,Yes,Product Link,$199.99,Yes,3.4,30,-,-
Xiaomi,BHR4562GL (Amazon's Choice),https://www.amazon.com/dp/B0C587VP8L?tag=rsvacuum-20,Handheld,,130,40,Yes,Bagless,0.1,30,,Cordless,-,,75,,2.17,2.17,10.51,5.51,5.51,26.7,,1.1,0.5,,Yes,Yes,No,No,No,Yes,No,Yes,,-,11,,,,,,,,Product Link,$59.93,Yes,3.8,40,https://www.mi.com/global/product/mi-vacuum-cleaner-mini-eu/,-
Xiaomi,E5,https://www.amazon.com/dp/B0CWV9LST4?tag=rsvacuum-20,Robot,,20,25,Yes,Bagless,0.4,110,,Cordless,-,,65,,11.81,11.81,2.76,30,30,7.01,,5.07,2.3,,No,No,No,No,No,Yes,No,Yes,,-,14,,-,Yes,No,Yes,Yes,Yes,Product Link,$199.99,Yes,4,104,https://www.mi.com/ph/product/xiaomi-robot-vacuum-e5/,-
Xiaomi,X20 Max,https://www.amazon.com/dp/B0DK6QML1L?tag=rsvacuum-20,Robot,,80,55,No,Bagless,0.29,120,,Cordless,-,,65,,13.78,13.78,3.82,35,35,9.7,,8.6,3.9,,No,No,No,No,No,No,No,Yes,,-,14,,2.5,Yes,Yes,Yes,Yes,Yes,Product Link,$999.99,Yes,3.9,7,https://www.mi.com/global/product/xiaomi-robot-vacuum-x20-max/,-
Xiaomi,X10+,https://www.amazon.com/dp/B0BBR6FY63?tag=rsvacuum-20,Robot,,40,70,Yes,Bagless,0.3,120,,Cordless,-,,75,,13.78,13.78,3.82,35,35,9.7,,8.38,3.8,,No,No,No,No,No,Yes,No,Yes,,-,14,,2.5,Yes,Yes,Yes,Yes,Yes,Product Link,$799.99,Yes,4,129,https://www.mi.com/ph/product/xiaomi-robot-vacuum-x10-plus/,-
Xiaomi,X20 Pro,https://www.amazon.com/dp/B0DK1WZ74Y?tag=rsvacuum-20,Robot,,70,55,Yes,Bagless,0.32,160,,Cordless,-,,60,,13.78,13.78,3.82,35,35,9.7,,8.16,3.7,,No,No,No,No,No,Yes,No,Yes,,-,14,,2.5,Yes,Yes,Yes,Yes,Yes,Product Link,$899.99,Yes,4,2,https://www.mi.com/global/product/xiaomi-robot-vacuum-x20-pro/,-
Xiaomi,X10,https://www.amazon.com/dp/B0BW4LVTTD?tag=rsvacuum-20,Robot,,4,46,No,Bagless,0.4,180,,Cordless,-,,60,,13.78,13.9,3.86,35,35.31,9.8,,7.28,3.3,,No,No,No,No,No,Yes,No,Yes,,-,220,,2.5,Yes,Yes,Yes,Yes,Yes,Product Link,$649.99,Yes,4.4,807,https://www.mi.com/global/product/xiaomi-robot-vacuum-x10/,-
Yeedi,,,,,,,,,,,,,,,,,,,,,,,,,,,,,,,,,,,,,,,,,,,,,,,,,,,
Yeedi,Cube,https://www.amazon.com/dp/B0CDX5QL9T?tag=rsvacuum-20,Robot,,5.1,62,Yes,Bagless,0.36,180,,Cordless,-,,57.5,,17.95,20,16.93,45.59,50.8,43,,38.1,17.28,,No,No,No,No,No,No,No,Yes,,-,110,,2.1,Yes,Yes,Yes,Yes,Yes,Product Link,$246.99,Yes,4.1,"10,797",-,-
Yeedi,K600,https://www.amazon.com/dp/B08356CQRQ?tag=rsvacuum-20,Robot,,1.5,36,Yes,Bagless,0.6,110,,Cordless,-,,55,,12.75,12.75,3.07,32.39,32.39,7.8,,6.7,3.04,,No,No,No,No,No,Yes,No,Yes,,-,-,,-,No,No,No,No,Yes,Product Link,$99.00,Yes,4.1,"10,797",-,-
Yeedi,S14 Plus,https://www.amazon.com/dp/B0DRNYXDDV?tag=wat344r5-20,Robot,,18,-,Yes,Bagless,3,270,,Cordless,-,,65,,18.8,13.8,20.98,47.75,35.05,53.29,,37,16.78,,No,No,No,No,No,Yes,No,Yes,,-,110,,3.4,Yes,Yes,Yes,Yes,Yes,Product Link,$949.99,Yes,4.2,"3,101",https://www.yeedi.com/us/robot-vacuum-cleaner/robot-vacuum-s14-plus,$949.99
Yeedi,C12,https://www.amazon.com/dp/B0CZNGJMVR?tag=rsvacuum-20,Robot,,8,45,No,Bagless,0.4,300,,Cordless,-,,65,,13.9,13.82,3.78,35.31,35.1,9.6,,9.2,4.17,,No,No,No,No,No,Yes,No,Yes,,-,15,,-,Yes,No,Yes,Yes,Yes,Product Link,$299.99,Yes,4,"1,442",https://www.yeedi.com/us/robot-vacuum-cleaner/robot-vacuum-c12,$149.99
Yeedi,C12 PLUS,https://www.amazon.com/dp/B0CZNF433F?tag=rsvacuum-20,Robot,,8,45,No,Bagless,0.4,300,,Cordless,-,,65,,13.9,13.8,3.8,35.31,35.05,9.65,,18,8.16,,No,No,No,No,No,No,No,Yes,,-,15,,1.5,Yes,Yes,Yes,Yes,Yes,Product Link,$269.99,Yes,4,"1,442",https://www.yeedi.com/us/robot-vacuum-cleaner/robot-vacuum-c12-plus,$269.99
Yeedi,C12 PRO PLUS,https://www.amazon.com/dp/B0CZN1VSW9?tag=wat344r5-20,Robot,,8,-,No,Bagless,0.4,300,,Cordless,-,,65,,13.9,13.8,3.8,35.31,35.05,9.65,,19.1,8.66,,No,No,No,No,No,Yes,No,Yes,,-,15,,1.5,Yes,Yes,Yes,Yes,Yes,Product Link,$299.99,Yes,4,"1,442",https://www.yeedi.com/us/robot-vacuum-cleaner/robot-vacuum-c12-pro-plus,$299.99
Yeedi,M12 PRO+,https://www.amazon.com/dp/B0CW65GK5X?tag=wat344r5-20,Robot,,11,60,No,Bagless,0.3,290,,Cordless,-,,65,,13.9,13.82,4.09,35.31,35.1,10.39,,9,4.08,,No,No,No,No,No,Yes,No,Yes,,-,14,,3.4,Yes,Yes,Yes,Yes,Yes,Product Link,$399.99,Yes,4.1,637,https://www.yeedi.com/us/robot-vacuum-cleaner/robot-vacuum-m12-pro,$399.99
Yeedi,M12 Ultra Plus,https://www.amazon.com/dp/B0DBQ8BHDG?tag=rsvacuum-20,Robot,,11.8,-,No,Bagless,0.27,290,,Cordless,-,,54,,16.1,19.3,18.9,40.89,49.02,48.01,,33,14.97,,No,No,No,No,No,Yes,No,Yes,,-,14,,3.4,Yes,Yes,Yes,Yes,Yes,Product Link,$569.98,Yes,4.1,637,https://www.yeedi.com/us/robot-vacuum-cleaner/m12-ultra-plus,$949.99
Yeedi,yeedi vac station,https://www.amazon.com/dp/B092VCXDB1?tag=rsvacuum-20,Robot,,3,-,No,Bagless,0.45,200,,Cordless,-,,70,,17.95,20,16.93,45.59,50.8,43,,7.7,3.49,,No,No,No,No,No,No,No,Yes,,-,14,,2.5,Yes,Yes,Yes,Yes,Yes,Product Link,$399.99,Yes,3.6,"4,076",-,-
ZCWA,,,,,,,,,,,,,,,,,,,,,,,,,,,,,,,,,,,,,,,,,,,,,,,,,,,
ZCWA,BR151,https://www.amazon.com/dp/B09YLKKPLD?tag=rsvacuum-20,Robot,,10,-,No,Bagless,-,160,,Cordless,-,,-,,11.8,11.8,2.87,29.97,29.97,7.29,,7.5,3.4,,No,No,No,No,No,Yes,No,Yes,,-,-,,3.5,Yes,No,Yes,Yes,Yes,Product Link,$324.21,Yes,4.4,"1,096",,
Zefiro,,,,,,,,,,,,,,,,,,,,,,,,,,,,,,,,,,,,,,,,,,,,,,,,,,,
Zefiro,A30,https://www.amazon.com/dp/B0GX9JS6Z2?tag=rsvacuum-20,Canister,,40,1600,Yes,Bagless,8,-,,Corded,16,,-,,19.76,14.17,12.8,50.19,35.99,32.51,,14,6.35,,Yes,Yes,No,Yes,No,No,Yes,No,,-,120,,-,-,-,-,-,-,Product Link,$99.99,Yes,5,21,,
Zefiro,S10,https://www.amazon.com/dp/B0FDQ7NH2G?tag=rsvacuum-20,Handheld,,25,600,Yes,Bagless,1.5,30,,Cordless,-,,75,,10,2,2,25.4,5.08,5.08,,2,0.91,,Yes,Yes,No,No,No,Yes,No,Yes,,8,120,,-,-,-,-,-,-,Product Link,$79.98,Yes,4.5,27,,
Zerodis,,,,,,,,,,,,,,,,,,,,,,,,,,,,,,,,,,,,,,,,,,,,,,,,,,,
Zerodis,Zerodisg47v8t9zmw,https://www.amazon.com/dp/B0CJ11KZ6V?tag=rsvacuum-20,Robot,,-,-,No,Bagless,-,100,,Cordless,-,,-,,6.5,6.5,2.5,16.51,16.51,6.35,,7,3.18,,No,No,No,No,No,No,No,No,,-,-,,-,No,No,No,No,Yes,Product Link,$21.64,Yes,2.6,11,-,-
Zerodis,Zerodis5noy6qg3g7,https://www.amazon.com/dp/B0CCS7MBYZ?tag=rsvacuum-20,Handheld,,12,120,No,Bagless,0.15,-,,Cordless,-,,-,,7.09,5.91,15.35,18.01,15.01,38.99,,3.02,1.37,,No,No,No,Yes,No,No,No,No,,-,-,,,,,,,,Product Link,$79.26,Yes,-,-,-,-
Zerodis,Zerodisd7n50a2rs8-11,https://www.amazon.com/dp/B0DSG8FMJQ?tag=rsvacuum-20,Robot,,1.6,6,No,Bagless,0.4,100,,Cordless,-,,-,,12.59,14.17,4.33,31.98,35.99,11,,3.17,1.44,,No,No,No,No,No,No,No,No,,-,5,,-,No,No,No,Yes,Yes,Product Link,$83.44,Yes,-,-,-,-